txn_id,account_id,txn_ts,amount,txn_type,channel,merchant_category,status
T00000001,A000001,2025-12-26 21:06:00,1741.88,credit,ach,,posted
T00000002,A000001,2025-12-22 16:14:00,63.69,debit,ach,dining,posted
T00000003,A000001,2025-12-26 11:45:00,50.16,debit,ach,dining,posted
T00000004,A000001,2025-12-26 19:47:00,143.9,debit,p2p,healthcare,posted
T00000005,A000001,2025-12-25 06:54:00,3443.7,credit,ach,,posted
T00000006,A000001,2025-12-29 11:11:00,2859.56,credit,ach,,posted
T00000007,A000001,2025-12-25 14:33:00,21.84,debit,card,fuel,posted
T00000008,A000001,2025-12-22 10:12:00,273.35,debit,card,utilities,posted
T00000009,A000001,2025-12-31 20:25:00,10.92,debit,card,utilities,posted
T00000010,A000001,2025-12-22 20:08:00,3082.29,credit,ach,,posted
T00000011,A000001,2025-12-26 21:01:00,17.68,debit,card,utilities,posted
T00000012,A000001,2025-12-20 02:42:00,303.28,debit,card,utilities,posted
T00000013,A000001,2025-12-26 16:16:00,105.16,debit,card,grocery,reversed
T00000014,A000001,2025-12-20 12:28:00,22.36,debit,card,fuel,posted
T00000015,A000001,2025-12-31 09:56:00,32.56,debit,atm,healthcare,posted
T00000016,A000001,2025-12-20 18:43:00,40.46,debit,ach,entertainment,posted
T00000017,A000002,2025-12-25 01:25:00,42.56,debit,atm,online_retail,posted
T00000018,A000002,2025-12-11 10:03:00,657.91,credit,ach,,posted
T00000019,A000002,2025-12-15 23:37:00,3619.7,credit,ach,,posted
T00000020,A000002,2025-11-29 13:22:00,28.22,debit,card,travel,posted
T00000021,A000002,2025-12-12 18:05:00,11.33,debit,card,fuel,posted
T00000022,A000002,2025-12-13 01:29:00,25.18,debit,ach,utilities,posted
T00000023,A000002,2025-12-23 18:01:00,23.48,debit,p2p,dining,posted
T00000024,A000002,2025-11-29 22:43:00,2238.56,credit,ach,,posted
T00000025,A000002,2025-12-14 05:39:00,16.99,debit,card,healthcare,posted
T00000026,A000002,2025-11-28 22:54:00,41.14,debit,p2p,entertainment,posted
T00000027,A000002,2025-12-15 02:41:00,33.49,debit,atm,online_retail,posted
T00000028,A000002,2025-12-18 08:39:00,63.47,debit,card,fuel,posted
T00000029,A000002,2025-12-06 21:52:00,13.56,debit,p2p,healthcare,posted
T00000030,A000002,2025-11-26 16:12:00,16.26,debit,atm,utilities,posted
T00000031,A000002,2025-12-19 10:55:00,12.96,debit,ach,utilities,posted
T00000032,A000003,2025-01-11 21:38:00,1334.69,credit,ach,,posted
T00000033,A000003,2024-09-16 07:51:00,28.8,debit,ach,healthcare,posted
T00000034,A000003,2024-09-20 06:10:00,14.17,debit,atm,grocery,declined
T00000035,A000003,2025-05-08 00:03:00,5.52,debit,card,healthcare,posted
T00000036,A000003,2025-08-11 21:56:00,3801.07,credit,ach,,posted
T00000037,A000003,2024-11-12 07:07:00,33.13,debit,atm,utilities,posted
T00000038,A000003,2024-10-18 07:38:00,3323.41,credit,ach,,posted
T00000039,A000003,2025-06-28 23:24:00,19.27,debit,card,utilities,posted
T00000040,A000003,2025-01-10 18:03:00,19.18,debit,atm,travel,declined
T00000041,A000003,2025-11-26 04:23:00,23.86,debit,atm,grocery,posted
T00000042,A000003,2025-08-07 01:44:00,49.11,debit,ach,utilities,posted
T00000043,A000003,2025-08-26 11:57:00,90.32,debit,ach,utilities,posted
T00000044,A000003,2025-12-25 07:19:00,3615.86,credit,ach,,posted
T00000045,A000003,2025-07-22 10:56:00,107.34,debit,card,dining,posted
T00000046,A000003,2025-12-27 15:30:00,99.14,debit,ach,dining,posted
T00000047,A000004,2025-08-22 02:22:00,79.0,debit,card,entertainment,posted
T00000048,A000004,2025-12-31 01:41:00,96.4,debit,card,grocery,posted
T00000049,A000004,2025-10-23 09:20:00,13.6,debit,atm,fuel,posted
T00000050,A000004,2025-11-22 13:50:00,17.15,debit,card,utilities,posted
T00000051,A000004,2025-10-05 10:51:00,10.73,debit,ach,healthcare,posted
T00000052,A000004,2025-09-24 07:01:00,341.02,debit,ach,travel,posted
T00000053,A000004,2025-03-02 01:25:00,40.55,debit,card,fuel,posted
T00000054,A000004,2025-02-04 00:45:00,100.47,debit,card,travel,posted
T00000055,A000004,2025-04-21 09:47:00,10.45,debit,ach,fuel,posted
T00000056,A000004,2025-02-18 00:18:00,14.49,debit,card,online_retail,posted
T00000057,A000004,2025-11-02 14:05:00,966.22,credit,ach,,posted
T00000058,A000004,2025-11-25 12:43:00,1842.23,credit,ach,,posted
T00000059,A000004,2025-10-07 08:04:00,705.63,credit,ach,,posted
T00000060,A000004,2025-04-05 15:58:00,57.65,debit,p2p,grocery,posted
T00000061,A000004,2025-08-21 19:24:00,24.85,debit,p2p,grocery,posted
T00000062,A000004,2025-04-18 05:32:00,19.71,debit,card,online_retail,posted
T00000063,A000004,2025-07-15 04:16:00,654.57,credit,ach,,posted
T00000064,A000004,2025-04-28 23:23:00,74.63,debit,card,online_retail,posted
T00000065,A000004,2025-02-28 10:47:00,56.43,debit,atm,entertainment,posted
T00000066,A000004,2025-02-20 01:14:00,2145.87,credit,ach,,posted
T00000067,A000004,2025-08-02 13:07:00,14.21,debit,ach,entertainment,posted
T00000068,A000005,2025-09-20 11:05:00,1494.41,credit,ach,,posted
T00000069,A000005,2025-12-28 08:36:00,47.13,debit,card,fuel,posted
T00000070,A000005,2025-09-08 07:49:00,11.74,debit,card,dining,posted
T00000071,A000005,2025-09-16 10:09:00,2110.82,credit,ach,,posted
T00000072,A000005,2025-12-20 14:40:00,104.15,debit,atm,fuel,posted
T00000073,A000005,2025-09-01 20:18:00,115.96,debit,ach,utilities,posted
T00000074,A000005,2025-11-30 02:01:00,7.46,debit,atm,fuel,posted
T00000075,A000005,2025-12-23 13:47:00,11.77,debit,card,online_retail,posted
T00000076,A000005,2025-11-22 16:12:00,117.08,debit,p2p,healthcare,posted
T00000077,A000005,2025-12-06 11:39:00,2707.4,credit,ach,,posted
T00000078,A000005,2025-12-29 10:29:00,80.18,debit,ach,dining,posted
T00000079,A000005,2025-12-09 02:58:00,52.04,debit,card,healthcare,posted
T00000080,A000005,2025-09-01 17:04:00,34.71,debit,ach,dining,posted
T00000081,A000005,2025-10-23 11:16:00,71.39,debit,card,healthcare,posted
T00000082,A000006,2025-06-03 10:37:00,73.9,debit,card,online_retail,declined
T00000083,A000006,2025-02-10 06:11:00,3937.65,credit,ach,,posted
T00000084,A000006,2024-11-19 13:34:00,1882.27,credit,ach,,posted
T00000085,A000006,2025-12-04 14:44:00,95.39,debit,atm,entertainment,posted
T00000086,A000006,2025-08-07 22:43:00,154.11,debit,card,fuel,posted
T00000087,A000006,2025-02-14 03:52:00,3896.82,credit,ach,,posted
T00000088,A000006,2025-03-05 15:41:00,1346.23,credit,ach,,posted
T00000089,A000006,2025-02-14 02:19:00,11.66,debit,card,fuel,posted
T00000090,A000006,2025-11-01 15:30:00,2073.31,credit,ach,,posted
T00000091,A000006,2025-05-31 18:53:00,72.22,debit,ach,entertainment,posted
T00000092,A000006,2025-05-27 01:31:00,35.99,debit,atm,entertainment,posted
T00000093,A000006,2024-10-04 16:01:00,23.63,debit,atm,healthcare,posted
T00000094,A000006,2024-11-30 15:39:00,13.89,debit,card,fuel,posted
T00000095,A000006,2025-02-15 15:22:00,34.18,debit,atm,online_retail,posted
T00000096,A000006,2025-11-25 04:56:00,190.19,debit,atm,online_retail,posted
T00000097,A000006,2025-01-15 19:13:00,119.62,debit,card,fuel,posted
T00000098,A000006,2025-12-19 03:50:00,24.74,debit,p2p,grocery,posted
T00000099,A000006,2025-07-14 13:07:00,14.32,debit,card,online_retail,posted
T00000100,A000006,2024-09-19 17:17:00,40.44,debit,card,entertainment,posted
T00000101,A000006,2024-11-24 03:50:00,5.32,debit,card,online_retail,posted
T00000102,A000006,2025-05-29 22:28:00,32.42,debit,card,online_retail,posted
T00000103,A000006,2024-12-22 03:54:00,3893.73,credit,ach,,posted
T00000104,A000006,2024-08-09 07:53:00,19.11,debit,card,utilities,posted
T00000105,A000006,2025-10-01 11:40:00,27.83,debit,ach,healthcare,posted
T00000106,A000006,2025-11-15 16:50:00,129.76,debit,card,dining,posted
T00000107,A000006,2025-06-21 12:49:00,715.14,credit,ach,,posted
T00000108,A000006,2025-01-04 18:03:00,9.85,debit,atm,utilities,posted
T00000109,A000006,2025-06-20 11:00:00,192.91,debit,card,healthcare,posted
T00000110,A000006,2025-03-01 17:39:00,78.43,debit,atm,healthcare,posted
T00000111,A000006,2025-06-07 02:02:00,16.92,debit,card,utilities,posted
T00000112,A000006,2025-06-18 16:21:00,115.43,debit,card,utilities,posted
T00000113,A000007,2025-10-30 23:03:00,14.34,debit,card,grocery,posted
T00000114,A000007,2025-10-31 14:19:00,9.17,debit,card,travel,posted
T00000115,A000007,2025-11-21 21:50:00,38.29,debit,ach,travel,posted
T00000116,A000007,2025-12-21 18:12:00,25.44,debit,atm,healthcare,posted
T00000117,A000007,2025-10-26 02:03:00,14.76,debit,card,online_retail,posted
T00000118,A000007,2025-12-06 18:35:00,25.92,debit,ach,healthcare,reversed
T00000119,A000007,2025-12-17 23:26:00,16.46,debit,atm,entertainment,posted
T00000120,A000007,2025-12-20 16:07:00,30.6,debit,card,online_retail,posted
T00000121,A000007,2025-10-31 19:54:00,7.25,debit,card,fuel,posted
T00000122,A000007,2025-11-24 11:19:00,76.86,debit,card,utilities,posted
T00000123,A000007,2025-12-17 00:07:00,31.6,debit,ach,online_retail,posted
T00000124,A000007,2025-12-15 23:53:00,82.06,debit,ach,entertainment,posted
T00000125,A000007,2025-11-04 23:20:00,2686.7,credit,ach,,posted
T00000126,A000007,2025-12-04 07:57:00,177.26,debit,ach,utilities,posted
T00000127,A000007,2025-11-06 22:01:00,187.99,debit,p2p,dining,posted
T00000128,A000007,2025-10-26 06:39:00,38.46,debit,p2p,grocery,posted
T00000129,A000007,2025-12-23 05:01:00,132.01,debit,card,online_retail,posted
T00000130,A000007,2025-10-21 15:55:00,23.69,debit,card,online_retail,posted
T00000131,A000007,2025-10-27 03:06:00,21.1,debit,card,fuel,posted
T00000132,A000007,2025-12-07 21:10:00,3863.93,credit,ach,,posted
T00000133,A000007,2025-10-23 09:24:00,998.61,credit,ach,,posted
T00000134,A000007,2025-11-18 12:52:00,12.05,debit,p2p,travel,posted
T00000135,A000007,2025-12-19 12:07:00,16.49,debit,card,entertainment,posted
T00000136,A000007,2025-11-14 00:17:00,39.04,debit,p2p,fuel,posted
T00000137,A000007,2025-12-07 14:05:00,33.23,debit,card,online_retail,posted
T00000138,A000007,2025-11-06 07:34:00,196.21,debit,card,grocery,posted
T00000139,A000007,2025-11-22 20:10:00,3767.27,credit,ach,,posted
T00000140,A000007,2025-12-31 08:53:00,21.17,debit,p2p,dining,posted
T00000141,A000007,2025-12-05 22:07:00,75.36,debit,p2p,online_retail,posted
T00000142,A000007,2025-11-28 20:16:00,54.07,debit,atm,online_retail,posted
T00000143,A000007,2025-12-13 19:21:00,2921.46,credit,ach,,posted
T00000144,A000007,2025-10-16 19:30:00,533.53,credit,ach,,posted
T00000145,A000007,2025-12-26 22:45:00,27.11,debit,atm,dining,posted
T00000146,A000007,2025-12-11 21:07:00,24.63,debit,atm,grocery,posted
T00000147,A000007,2025-12-02 06:28:00,3101.01,credit,ach,,posted
T00000148,A000007,2025-11-30 06:05:00,101.64,debit,card,travel,declined
T00000149,A000007,2025-12-01 01:17:00,80.52,debit,card,travel,declined
T00000150,A000008,2025-01-08 08:36:00,16.43,debit,atm,fuel,posted
T00000151,A000008,2025-01-17 23:04:00,3767.47,credit,ach,,posted
T00000152,A000008,2025-08-07 23:50:00,61.25,debit,ach,grocery,posted
T00000153,A000008,2025-10-07 21:41:00,3785.66,credit,ach,,posted
T00000154,A000008,2025-06-09 08:07:00,30.27,debit,card,travel,posted
T00000155,A000008,2025-06-16 17:28:00,25.06,debit,p2p,grocery,reversed
T00000156,A000008,2025-03-08 22:27:00,80.7,debit,card,utilities,posted
T00000157,A000008,2025-09-29 03:01:00,121.15,debit,atm,online_retail,posted
T00000158,A000008,2025-03-19 03:30:00,1692.81,credit,ach,,posted
T00000159,A000008,2025-05-02 16:50:00,755.19,credit,ach,,posted
T00000160,A000008,2025-06-25 03:40:00,104.4,debit,atm,dining,posted
T00000161,A000008,2024-12-14 14:03:00,41.75,debit,atm,grocery,posted
T00000162,A000008,2025-04-12 12:25:00,3131.87,credit,ach,,posted
T00000163,A000008,2025-09-15 21:39:00,1843.72,credit,ach,,posted
T00000164,A000008,2025-09-26 19:06:00,29.45,debit,card,dining,posted
T00000165,A000008,2025-09-13 22:04:00,8.97,debit,card,healthcare,posted
T00000166,A000008,2025-09-26 14:11:00,3289.59,credit,ach,,posted
T00000167,A000008,2025-04-21 18:27:00,49.66,debit,p2p,fuel,posted
T00000168,A000008,2025-04-20 19:21:00,176.39,debit,atm,fuel,posted
T00000169,A000008,2025-07-30 17:54:00,1703.36,credit,ach,,declined
T00000170,A000008,2025-10-06 06:50:00,1162.74,credit,ach,,posted
T00000171,A000008,2025-11-02 14:38:00,133.19,debit,card,utilities,posted
T00000172,A000008,2025-02-04 03:29:00,133.92,debit,card,travel,posted
T00000173,A000008,2025-07-09 19:13:00,3071.05,credit,ach,,declined
T00000174,A000008,2025-05-01 23:24:00,1144.86,credit,ach,,declined
T00000175,A000008,2025-05-17 00:04:00,36.94,debit,ach,travel,posted
T00000176,A000008,2025-12-09 11:02:00,16.1,debit,card,utilities,posted
T00000177,A000008,2025-05-05 17:15:00,575.22,credit,ach,,posted
T00000178,A000008,2025-01-03 00:53:00,12.47,debit,card,online_retail,posted
T00000179,A000008,2025-04-18 14:15:00,25.42,debit,p2p,healthcare,posted
T00000180,A000009,2025-11-03 04:56:00,61.92,debit,ach,online_retail,posted
T00000181,A000009,2025-12-12 20:15:00,98.86,debit,p2p,utilities,posted
T00000182,A000009,2025-11-29 07:03:00,21.5,debit,p2p,entertainment,posted
T00000183,A000009,2025-10-29 15:50:00,7.25,debit,atm,online_retail,posted
T00000184,A000009,2025-12-17 05:20:00,36.04,debit,ach,entertainment,posted
T00000185,A000009,2025-12-09 20:58:00,45.79,debit,card,entertainment,posted
T00000186,A000009,2025-12-08 06:19:00,25.79,debit,card,utilities,posted
T00000187,A000009,2025-11-05 02:18:00,17.96,debit,ach,online_retail,posted
T00000188,A000009,2025-12-17 13:26:00,32.92,debit,card,fuel,posted
T00000189,A000010,2025-07-12 02:22:00,16.32,debit,p2p,dining,posted
T00000190,A000010,2025-12-03 07:06:00,1760.83,credit,ach,,posted
T00000191,A000010,2025-02-02 06:43:00,5.29,debit,atm,utilities,posted
T00000192,A000010,2025-06-21 04:54:00,25.09,debit,p2p,grocery,posted
T00000193,A000010,2025-05-05 04:55:00,5.12,debit,ach,travel,posted
T00000194,A000010,2025-09-22 17:48:00,75.04,debit,card,online_retail,posted
T00000195,A000010,2025-03-23 22:26:00,2074.9,credit,ach,,posted
T00000196,A000010,2025-02-23 04:36:00,9.28,debit,ach,online_retail,posted
T00000197,A000010,2025-03-18 13:43:00,142.17,debit,card,online_retail,posted
T00000198,A000010,2025-06-02 01:59:00,3920.35,credit,ach,,reversed
T00000199,A000010,2025-06-02 20:51:00,133.0,debit,ach,travel,posted
T00000200,A000010,2024-09-17 17:24:00,880.23,credit,ach,,posted
T00000201,A000010,2025-04-04 20:57:00,5.85,debit,card,grocery,posted
T00000202,A000010,2025-06-20 15:01:00,743.22,credit,ach,,declined
T00000203,A000010,2025-01-08 06:14:00,35.76,debit,card,grocery,posted
T00000204,A000010,2025-10-30 13:25:00,887.6,credit,ach,,posted
T00000205,A000010,2025-04-17 23:04:00,79.24,debit,card,utilities,posted
T00000206,A000010,2025-08-14 21:30:00,2512.82,credit,ach,,posted
T00000207,A000010,2024-11-27 16:45:00,13.49,debit,p2p,online_retail,posted
T00000208,A000010,2025-11-09 15:29:00,731.09,debit,card,utilities,posted
T00000209,A000010,2025-10-11 05:26:00,3649.88,credit,ach,,posted
T00000210,A000011,2025-12-14 21:11:00,40.21,debit,card,travel,posted
T00000211,A000011,2025-12-15 17:07:00,65.26,debit,ach,fuel,posted
T00000212,A000011,2025-12-18 01:29:00,2736.03,credit,ach,,posted
T00000213,A000011,2025-12-16 12:21:00,91.07,debit,card,utilities,posted
T00000214,A000011,2025-12-31 04:20:00,29.55,debit,card,travel,posted
T00000215,A000011,2025-12-16 04:30:00,67.12,debit,card,dining,posted
T00000216,A000011,2025-12-05 17:47:00,47.44,debit,card,fuel,posted
T00000217,A000011,2025-12-03 21:34:00,2938.6,credit,ach,,posted
T00000218,A000011,2025-12-27 16:41:00,44.97,debit,atm,utilities,posted
T00000219,A000011,2025-12-21 00:03:00,24.97,debit,card,grocery,posted
T00000220,A000011,2025-12-02 10:52:00,2841.32,credit,ach,,posted
T00000221,A000011,2025-12-30 03:51:00,91.84,debit,card,healthcare,posted
T00000222,A000011,2025-12-28 10:20:00,16.92,debit,p2p,healthcare,posted
T00000223,A000011,2025-12-05 07:13:00,1631.79,credit,ach,,posted
T00000224,A000011,2025-12-22 10:00:00,30.7,debit,card,online_retail,posted
T00000225,A000011,2025-12-30 06:26:00,7.59,debit,p2p,fuel,posted
T00000226,A000011,2025-12-05 19:20:00,94.22,debit,atm,fuel,posted
T00000227,A000011,2025-12-22 22:20:00,44.97,debit,card,entertainment,posted
T00000228,A000011,2025-12-22 23:14:00,14.23,debit,ach,travel,posted
T00000229,A000011,2025-12-03 04:23:00,14.6,debit,atm,grocery,posted
T00000230,A000011,2025-12-25 19:28:00,22.04,debit,atm,grocery,posted
T00000231,A000011,2025-12-15 20:52:00,22.6,debit,p2p,grocery,posted
T00000232,A000011,2025-12-23 07:51:00,86.55,debit,ach,online_retail,posted
T00000233,A000011,2025-12-22 00:04:00,13.28,debit,atm,fuel,posted
T00000234,A000011,2025-12-06 02:11:00,20.27,debit,atm,entertainment,posted
T00000235,A000011,2025-12-25 06:15:00,42.97,debit,p2p,entertainment,declined
T00000236,A000011,2025-12-08 08:55:00,26.85,debit,ach,healthcare,posted
T00000237,A000011,2025-12-25 13:48:00,3838.15,credit,ach,,posted
T00000238,A000011,2025-12-26 12:27:00,40.15,debit,atm,fuel,posted
T00000239,A000011,2025-12-16 09:29:00,40.66,debit,card,fuel,posted
T00000240,A000011,2025-12-08 04:58:00,544.92,credit,ach,,posted
T00000241,A000011,2025-12-25 11:31:00,26.09,debit,atm,online_retail,posted
T00000242,A000011,2025-12-11 20:37:00,3597.5,credit,ach,,reversed
T00000243,A000011,2025-12-05 12:59:00,13.06,debit,card,online_retail,posted
T00000244,A000012,2025-11-28 22:23:00,56.46,debit,card,online_retail,posted
T00000245,A000012,2025-12-19 00:44:00,7.16,debit,atm,fuel,posted
T00000246,A000012,2025-11-11 18:42:00,652.2,debit,ach,dining,posted
T00000247,A000012,2025-04-13 13:10:00,18.04,debit,p2p,healthcare,posted
T00000248,A000012,2025-08-05 23:55:00,2726.63,credit,ach,,posted
T00000249,A000012,2025-07-02 04:17:00,112.77,debit,card,grocery,declined
T00000250,A000012,2025-09-15 00:06:00,2937.11,credit,ach,,posted
T00000251,A000012,2025-12-08 09:46:00,16.74,debit,card,travel,posted
T00000252,A000012,2025-09-21 03:28:00,17.87,debit,atm,fuel,posted
T00000253,A000012,2025-04-15 08:57:00,10.3,debit,card,fuel,posted
T00000254,A000012,2025-02-19 12:07:00,17.23,debit,ach,entertainment,posted
T00000255,A000012,2025-02-27 00:03:00,3.06,debit,ach,utilities,posted
T00000256,A000012,2025-09-06 10:38:00,4.4,debit,card,travel,posted
T00000257,A000012,2025-12-13 12:24:00,95.84,debit,card,grocery,posted
T00000258,A000012,2025-10-05 08:44:00,15.07,debit,atm,entertainment,posted
T00000259,A000012,2025-12-11 06:00:00,9.06,debit,card,online_retail,posted
T00000260,A000012,2025-05-06 19:31:00,40.86,debit,ach,entertainment,declined
T00000261,A000012,2025-12-31 03:46:00,62.69,debit,p2p,grocery,posted
T00000262,A000012,2025-02-20 09:53:00,64.58,debit,card,entertainment,declined
T00000263,A000012,2025-09-10 21:34:00,1240.74,credit,ach,,posted
T00000264,A000012,2025-12-10 22:05:00,3976.77,credit,ach,,posted
T00000265,A000012,2025-06-23 12:49:00,102.06,debit,atm,dining,posted
T00000266,A000012,2025-10-07 20:46:00,70.8,debit,card,dining,posted
T00000267,A000012,2025-07-19 22:47:00,18.78,debit,p2p,healthcare,posted
T00000268,A000012,2025-05-01 08:07:00,12.06,debit,p2p,travel,posted
T00000269,A000012,2025-03-07 18:23:00,1596.8,credit,ach,,posted
T00000270,A000012,2025-01-07 09:03:00,13.88,debit,ach,online_retail,posted
T00000271,A000012,2025-12-20 04:33:00,39.42,debit,card,entertainment,posted
T00000272,A000012,2025-06-07 07:31:00,14.24,debit,atm,grocery,posted
T00000273,A000012,2025-06-14 16:44:00,3988.97,credit,ach,,posted
T00000274,A000012,2025-09-08 20:53:00,1520.23,credit,ach,,declined
T00000275,A000012,2025-02-06 10:09:00,5.17,debit,card,grocery,posted
T00000276,A000012,2025-04-08 15:46:00,37.49,debit,atm,entertainment,reversed
T00000277,A000012,2025-07-26 12:04:00,9.72,debit,card,healthcare,posted
T00000278,A000012,2025-06-21 18:55:00,261.49,debit,ach,fuel,posted
T00000279,A000012,2025-08-21 22:30:00,15.19,debit,atm,travel,posted
T00000280,A000013,2025-05-30 23:54:00,15.03,debit,card,dining,posted
T00000281,A000013,2025-07-26 05:03:00,2304.02,credit,ach,,posted
T00000282,A000013,2025-07-06 04:40:00,20.16,debit,ach,entertainment,posted
T00000283,A000013,2025-09-27 05:41:00,45.68,debit,ach,healthcare,posted
T00000284,A000013,2025-10-26 14:23:00,908.2,credit,ach,,posted
T00000285,A000014,2024-11-27 00:37:00,39.31,debit,atm,dining,posted
T00000286,A000014,2024-10-13 12:30:00,54.36,debit,card,dining,posted
T00000287,A000014,2025-10-13 05:25:00,46.19,debit,ach,dining,posted
T00000288,A000014,2025-11-30 17:45:00,95.18,debit,card,dining,posted
T00000289,A000014,2025-12-15 22:11:00,2065.32,credit,ach,,posted
T00000290,A000014,2024-05-21 04:36:00,1064.24,credit,ach,,posted
T00000291,A000014,2024-05-16 02:07:00,19.81,debit,ach,grocery,posted
T00000292,A000014,2024-05-28 16:57:00,54.16,debit,p2p,entertainment,posted
T00000293,A000014,2025-09-28 11:38:00,19.06,debit,card,travel,posted
T00000294,A000014,2024-09-03 09:54:00,15.49,debit,card,healthcare,posted
T00000295,A000014,2024-12-28 08:24:00,11.45,debit,card,healthcare,posted
T00000296,A000014,2024-09-04 17:13:00,3064.36,credit,ach,,reversed
T00000297,A000014,2024-10-25 22:23:00,55.64,debit,card,healthcare,posted
T00000298,A000014,2025-02-28 13:24:00,2612.63,credit,ach,,posted
T00000299,A000014,2024-08-16 17:07:00,26.09,debit,card,online_retail,posted
T00000300,A000014,2025-01-15 04:55:00,21.53,debit,card,healthcare,declined
T00000301,A000014,2024-08-15 05:33:00,5.17,debit,ach,dining,posted
T00000302,A000014,2025-11-17 09:35:00,9.41,debit,card,online_retail,posted
T00000303,A000014,2025-10-07 17:38:00,21.99,debit,card,grocery,posted
T00000304,A000014,2024-09-17 21:08:00,2486.46,credit,ach,,posted
T00000305,A000014,2025-04-25 22:49:00,2630.46,credit,ach,,posted
T00000306,A000014,2024-10-15 14:22:00,33.29,debit,ach,travel,posted
T00000307,A000014,2024-07-09 09:26:00,167.54,debit,card,travel,posted
T00000308,A000014,2024-09-27 18:03:00,1500.48,credit,ach,,posted
T00000309,A000014,2024-04-21 13:43:00,70.88,debit,p2p,dining,posted
T00000310,A000014,2024-10-22 23:00:00,132.74,debit,card,grocery,posted
T00000311,A000014,2024-09-30 21:59:00,34.89,debit,card,online_retail,posted
T00000312,A000014,2025-09-19 11:03:00,23.78,debit,card,online_retail,posted
T00000313,A000014,2024-12-22 17:54:00,13.0,debit,card,utilities,posted
T00000314,A000014,2025-11-14 12:13:00,42.52,debit,ach,entertainment,posted
T00000315,A000014,2024-04-17 19:29:00,75.38,debit,card,grocery,posted
T00000316,A000014,2025-08-27 06:05:00,105.65,debit,ach,grocery,posted
T00000317,A000014,2024-12-23 07:30:00,18.13,debit,card,utilities,posted
T00000318,A000014,2025-07-04 21:53:00,49.58,debit,card,grocery,posted
T00000319,A000014,2025-06-16 23:21:00,16.0,debit,ach,utilities,posted
T00000320,A000014,2025-08-24 17:31:00,57.09,debit,ach,healthcare,posted
T00000321,A000014,2024-07-30 00:08:00,2250.0,credit,ach,,posted
T00000322,A000016,2024-09-26 21:53:00,28.26,debit,ach,dining,posted
T00000323,A000016,2025-01-04 19:09:00,15.69,debit,card,utilities,reversed
T00000324,A000016,2025-01-04 21:52:00,26.95,debit,card,fuel,posted
T00000325,A000016,2025-11-11 18:40:00,19.39,debit,card,utilities,reversed
T00000326,A000016,2025-12-19 04:27:00,1198.75,credit,ach,,posted
T00000327,A000016,2025-03-13 13:33:00,44.59,debit,card,healthcare,posted
T00000328,A000016,2025-05-19 13:41:00,885.19,credit,ach,,posted
T00000329,A000016,2025-12-26 11:45:00,23.94,debit,card,grocery,posted
T00000330,A000016,2025-09-16 10:13:00,12.7,debit,ach,fuel,posted
T00000331,A000016,2025-05-09 11:21:00,63.02,debit,card,online_retail,posted
T00000332,A000016,2025-03-04 23:49:00,41.92,debit,card,travel,posted
T00000333,A000016,2024-10-14 03:08:00,39.73,debit,atm,travel,posted
T00000334,A000016,2025-04-16 03:04:00,44.36,debit,ach,travel,posted
T00000335,A000016,2024-11-17 01:08:00,2426.73,credit,ach,,posted
T00000336,A000016,2025-11-23 17:22:00,24.22,debit,ach,dining,posted
T00000337,A000016,2025-05-26 16:50:00,2597.04,credit,ach,,posted
T00000338,A000016,2024-11-05 09:02:00,32.52,debit,p2p,dining,posted
T00000339,A000016,2025-09-19 16:24:00,20.5,debit,card,fuel,posted
T00000340,A000016,2025-06-19 06:37:00,25.49,debit,p2p,utilities,posted
T00000341,A000016,2024-12-21 09:45:00,14.27,debit,p2p,travel,posted
T00000342,A000017,2025-12-12 08:59:00,3556.84,credit,ach,,posted
T00000343,A000017,2025-12-31 07:52:00,906.65,credit,ach,,posted
T00000344,A000017,2025-07-06 19:23:00,20.75,debit,p2p,utilities,posted
T00000345,A000017,2024-09-15 20:52:00,1744.19,credit,ach,,posted
T00000346,A000017,2025-01-07 05:16:00,678.7,debit,p2p,dining,posted
T00000347,A000017,2025-08-04 12:41:00,57.24,debit,card,entertainment,posted
T00000348,A000017,2025-01-01 06:37:00,91.52,debit,ach,travel,posted
T00000349,A000017,2025-03-27 11:09:00,14.13,debit,card,fuel,posted
T00000350,A000017,2025-04-25 23:11:00,13.3,debit,p2p,travel,posted
T00000351,A000017,2024-09-22 13:15:00,50.23,debit,atm,fuel,posted
T00000352,A000017,2025-10-04 00:38:00,1843.97,credit,ach,,posted
T00000353,A000017,2024-08-23 20:59:00,1369.2,credit,ach,,posted
T00000354,A000017,2024-10-29 20:38:00,3882.26,credit,ach,,declined
T00000355,A000017,2024-10-10 17:47:00,17.56,debit,card,grocery,posted
T00000356,A000018,2025-12-09 17:07:00,655.84,credit,ach,,posted
T00000357,A000018,2025-03-15 16:56:00,7.96,debit,card,online_retail,posted
T00000358,A000018,2025-05-17 21:24:00,7.24,debit,card,dining,declined
T00000359,A000018,2025-06-15 11:04:00,41.19,debit,p2p,online_retail,posted
T00000360,A000018,2025-08-27 04:57:00,5.12,debit,card,dining,posted
T00000361,A000018,2025-10-04 21:23:00,209.85,debit,card,grocery,posted
T00000362,A000018,2025-04-08 20:09:00,16.89,debit,ach,dining,posted
T00000363,A000018,2025-08-28 23:17:00,1630.69,credit,ach,,posted
T00000364,A000018,2025-08-07 11:20:00,10.15,debit,p2p,online_retail,posted
T00000365,A000018,2025-12-22 07:24:00,32.76,debit,p2p,travel,posted
T00000366,A000018,2025-11-15 22:26:00,409.31,debit,card,dining,posted
T00000367,A000018,2025-01-23 06:54:00,2454.31,credit,ach,,declined
T00000368,A000018,2025-03-19 01:58:00,71.95,debit,card,healthcare,posted
T00000369,A000018,2025-05-16 01:47:00,3867.18,credit,ach,,posted
T00000370,A000018,2025-08-03 23:01:00,28.89,debit,card,dining,posted
T00000371,A000018,2025-11-22 05:01:00,994.47,credit,ach,,posted
T00000372,A000018,2025-01-28 18:53:00,15.88,debit,atm,fuel,posted
T00000373,A000018,2025-06-24 15:26:00,25.26,debit,card,utilities,posted
T00000374,A000018,2025-02-21 20:02:00,17.0,debit,ach,healthcare,posted
T00000375,A000018,2025-09-11 17:45:00,140.27,debit,atm,travel,posted
T00000376,A000018,2025-04-12 08:05:00,9.05,debit,card,healthcare,posted
T00000377,A000018,2025-11-04 19:53:00,2923.49,credit,ach,,posted
T00000378,A000019,2025-09-06 05:03:00,45.26,debit,card,dining,posted
T00000379,A000019,2025-12-29 10:01:00,1069.66,credit,ach,,posted
T00000380,A000019,2025-06-12 19:00:00,15.95,debit,atm,grocery,posted
T00000381,A000019,2025-04-08 18:36:00,3952.73,credit,ach,,posted
T00000382,A000019,2025-03-20 10:05:00,8.93,debit,card,healthcare,posted
T00000383,A000019,2025-08-04 12:46:00,4.69,debit,card,healthcare,posted
T00000384,A000019,2025-11-08 03:32:00,7.74,debit,ach,entertainment,posted
T00000385,A000019,2025-03-15 09:10:00,2120.87,credit,ach,,posted
T00000386,A000019,2025-04-12 22:14:00,152.24,debit,atm,fuel,reversed
T00000387,A000019,2025-11-07 16:46:00,39.36,debit,ach,fuel,posted
T00000388,A000019,2025-08-27 19:54:00,50.01,debit,p2p,dining,declined
T00000389,A000019,2025-12-11 20:31:00,552.3,credit,ach,,posted
T00000390,A000019,2025-08-01 17:55:00,56.2,debit,card,entertainment,posted
T00000391,A000019,2025-07-25 05:04:00,25.6,debit,card,entertainment,posted
T00000392,A000019,2025-10-24 08:48:00,44.7,debit,card,entertainment,posted
T00000393,A000019,2025-07-20 12:26:00,7.59,debit,card,online_retail,posted
T00000394,A000019,2025-09-23 16:28:00,252.01,debit,p2p,grocery,posted
T00000395,A000019,2025-06-29 22:52:00,17.08,debit,ach,fuel,posted
T00000396,A000019,2025-04-02 07:24:00,51.71,debit,ach,entertainment,posted
T00000397,A000019,2025-05-27 23:06:00,15.36,debit,card,online_retail,reversed
T00000398,A000019,2025-10-30 06:44:00,9.84,debit,p2p,fuel,posted
T00000399,A000019,2025-05-09 20:13:00,1.31,debit,card,healthcare,declined
T00000400,A000019,2025-06-13 01:13:00,11.2,debit,card,fuel,posted
T00000401,A000019,2025-09-19 02:19:00,28.69,debit,card,utilities,posted
T00000402,A000019,2025-03-23 02:57:00,11.04,debit,card,travel,posted
T00000403,A000019,2025-09-26 15:30:00,9.58,debit,p2p,healthcare,posted
T00000404,A000019,2025-12-08 19:12:00,2837.87,credit,ach,,posted
T00000405,A000019,2025-08-08 21:52:00,161.15,debit,card,grocery,posted
T00000406,A000019,2025-10-16 04:31:00,23.69,debit,card,entertainment,posted
T00000407,A000019,2025-04-29 20:28:00,38.07,debit,atm,travel,posted
T00000408,A000020,2025-11-20 05:38:00,34.02,debit,atm,entertainment,posted
T00000409,A000020,2025-08-30 13:26:00,88.29,debit,card,dining,posted
T00000410,A000020,2025-08-31 13:23:00,2582.12,credit,ach,,posted
T00000411,A000020,2025-08-11 09:54:00,77.11,debit,atm,dining,reversed
T00000412,A000020,2025-11-28 03:05:00,46.47,debit,ach,dining,posted
T00000413,A000020,2025-09-11 18:51:00,1514.67,credit,ach,,posted
T00000414,A000020,2025-07-02 14:35:00,12.37,debit,card,online_retail,declined
T00000415,A000020,2025-12-25 14:26:00,104.99,debit,ach,grocery,posted
T00000416,A000020,2025-11-22 07:32:00,80.27,debit,ach,travel,posted
T00000417,A000020,2025-12-24 13:02:00,1036.81,credit,ach,,posted
T00000418,A000020,2025-12-01 16:52:00,22.7,debit,p2p,healthcare,posted
T00000419,A000020,2025-08-14 06:39:00,38.6,debit,atm,healthcare,declined
T00000420,A000020,2025-06-19 12:57:00,15.46,debit,atm,fuel,posted
T00000421,A000020,2025-10-14 18:50:00,65.9,debit,card,travel,posted
T00000422,A000020,2025-05-12 13:00:00,39.04,debit,atm,dining,posted
T00000423,A000020,2025-05-12 23:46:00,2087.97,credit,ach,,posted
T00000424,A000020,2025-08-05 05:15:00,18.32,debit,card,healthcare,posted
T00000425,A000020,2025-10-21 01:17:00,1003.19,credit,ach,,posted
T00000426,A000020,2025-10-01 03:07:00,39.81,debit,card,utilities,posted
T00000427,A000020,2025-05-29 02:31:00,80.96,debit,card,entertainment,posted
T00000428,A000020,2025-08-19 02:31:00,24.25,debit,ach,fuel,posted
T00000429,A000020,2025-05-08 05:42:00,40.0,debit,card,online_retail,posted
T00000430,A000020,2025-10-10 19:34:00,2326.12,credit,ach,,posted
T00000431,A000020,2025-06-06 06:38:00,580.63,credit,ach,,posted
T00000432,A000020,2025-06-14 06:55:00,48.25,debit,card,entertainment,posted
T00000433,A000020,2025-05-29 11:45:00,8.29,debit,ach,healthcare,posted
T00000434,A000020,2025-08-16 06:16:00,2904.7,credit,ach,,posted
T00000435,A000020,2025-07-16 12:06:00,64.33,debit,card,entertainment,posted
T00000436,A000020,2025-08-28 13:38:00,139.37,debit,p2p,healthcare,posted
T00000437,A000020,2025-09-28 11:23:00,89.57,debit,card,utilities,posted
T00000438,A000020,2025-07-20 19:52:00,171.68,debit,ach,grocery,posted
T00000439,A000020,2025-11-29 10:27:00,25.45,debit,atm,online_retail,posted
T00000440,A000020,2025-11-21 10:07:00,2909.02,credit,ach,,posted
T00000441,A000020,2025-06-29 14:36:00,157.67,debit,ach,utilities,posted
T00000442,A000020,2025-09-17 06:06:00,164.8,debit,p2p,healthcare,posted
T00000443,A000020,2025-08-25 10:52:00,26.11,debit,ach,dining,posted
T00000444,A000020,2025-06-18 19:20:00,37.73,debit,ach,utilities,posted
T00000445,A000020,2025-08-17 01:57:00,35.56,debit,card,dining,posted
T00000446,A000020,2025-12-04 13:46:00,20.5,debit,card,online_retail,posted
T00000447,A000022,2025-10-10 09:44:00,32.08,debit,card,online_retail,posted
T00000448,A000022,2025-05-14 00:14:00,536.39,credit,ach,,posted
T00000449,A000022,2025-09-04 22:46:00,16.45,debit,card,grocery,posted
T00000450,A000022,2025-04-18 08:56:00,11.17,debit,p2p,healthcare,posted
T00000451,A000022,2025-06-18 04:37:00,129.3,debit,ach,dining,posted
T00000452,A000022,2025-07-24 18:30:00,110.51,debit,atm,entertainment,posted
T00000453,A000022,2025-08-05 09:45:00,2454.8,credit,ach,,posted
T00000454,A000022,2025-07-06 22:04:00,2231.12,credit,ach,,posted
T00000455,A000023,2025-12-19 12:12:00,7.6,debit,p2p,online_retail,posted
T00000456,A000023,2025-12-14 22:29:00,64.53,debit,card,travel,posted
T00000457,A000023,2025-12-17 14:55:00,14.16,debit,card,utilities,posted
T00000458,A000023,2025-12-26 09:55:00,9.33,debit,card,dining,posted
T00000459,A000023,2025-12-19 05:17:00,2816.6,credit,ach,,posted
T00000460,A000023,2025-12-13 03:59:00,24.12,debit,ach,healthcare,posted
T00000461,A000023,2025-12-06 14:17:00,9.46,debit,ach,travel,posted
T00000462,A000023,2025-12-17 05:38:00,48.57,debit,card,grocery,posted
T00000463,A000023,2025-12-08 07:07:00,624.91,credit,ach,,posted
T00000464,A000023,2025-12-07 17:06:00,294.22,debit,ach,healthcare,posted
T00000465,A000023,2025-12-12 23:52:00,20.08,debit,card,online_retail,posted
T00000466,A000023,2025-12-27 19:18:00,8.16,debit,atm,entertainment,posted
T00000467,A000023,2025-12-27 07:10:00,13.34,debit,ach,fuel,declined
T00000468,A000023,2025-12-26 15:27:00,15.62,debit,card,fuel,posted
T00000469,A000023,2025-12-05 19:22:00,43.76,debit,card,entertainment,posted
T00000470,A000023,2025-12-31 00:36:00,20.79,debit,p2p,fuel,posted
T00000471,A000023,2025-12-29 03:06:00,69.42,debit,atm,online_retail,declined
T00000472,A000023,2025-12-13 21:31:00,21.96,debit,card,online_retail,posted
T00000473,A000024,2025-09-20 08:43:00,43.88,debit,ach,travel,posted
T00000474,A000024,2025-09-24 11:31:00,2521.54,credit,ach,,posted
T00000475,A000024,2025-10-31 11:13:00,248.22,debit,ach,fuel,posted
T00000476,A000024,2025-12-01 11:56:00,541.42,debit,card,utilities,posted
T00000477,A000024,2025-11-19 16:44:00,46.54,debit,ach,online_retail,posted
T00000478,A000024,2025-09-07 15:59:00,30.94,debit,card,fuel,posted
T00000479,A000024,2025-10-12 02:51:00,29.93,debit,p2p,dining,posted
T00000480,A000024,2025-10-15 00:27:00,88.47,debit,p2p,fuel,declined
T00000481,A000024,2025-12-06 08:09:00,9.45,debit,card,utilities,posted
T00000482,A000024,2025-11-05 11:15:00,49.76,debit,card,utilities,posted
T00000483,A000024,2025-11-21 09:11:00,52.09,debit,p2p,fuel,posted
T00000484,A000024,2025-10-01 08:08:00,15.77,debit,card,entertainment,posted
T00000485,A000024,2025-10-24 13:06:00,2046.65,credit,ach,,posted
T00000486,A000024,2025-12-02 22:22:00,26.73,debit,ach,entertainment,posted
T00000487,A000024,2025-11-16 00:49:00,103.62,debit,card,travel,posted
T00000488,A000024,2025-10-23 04:39:00,38.83,debit,ach,fuel,posted
T00000489,A000024,2025-09-06 14:51:00,40.13,debit,card,grocery,posted
T00000490,A000024,2025-11-28 03:21:00,118.03,debit,atm,online_retail,posted
T00000491,A000024,2025-09-21 23:37:00,51.09,debit,card,fuel,posted
T00000492,A000024,2025-11-08 04:14:00,43.97,debit,atm,utilities,posted
T00000493,A000024,2025-09-06 15:39:00,40.55,debit,card,travel,posted
T00000494,A000024,2025-11-05 00:53:00,2.62,debit,card,healthcare,posted
T00000495,A000024,2025-09-29 07:53:00,11.45,debit,ach,dining,posted
T00000496,A000024,2025-11-26 00:11:00,3106.09,credit,ach,,posted
T00000497,A000024,2025-11-10 23:44:00,31.26,debit,atm,dining,declined
T00000498,A000024,2025-11-08 11:42:00,12.45,debit,ach,healthcare,posted
T00000499,A000024,2025-09-24 00:18:00,37.02,debit,card,grocery,posted
T00000500,A000024,2025-12-29 21:39:00,98.0,debit,card,entertainment,posted
T00000501,A000024,2025-11-03 08:00:00,6.09,debit,p2p,travel,posted
T00000502,A000024,2025-12-05 16:24:00,17.15,debit,atm,online_retail,posted
T00000503,A000024,2025-12-24 04:17:00,15.73,debit,p2p,fuel,posted
T00000504,A000024,2025-11-09 21:33:00,75.58,debit,p2p,online_retail,posted
T00000505,A000024,2025-12-21 12:04:00,3482.11,credit,ach,,posted
T00000506,A000024,2025-09-18 21:06:00,52.19,debit,card,travel,posted
T00000507,A000024,2025-12-27 05:46:00,70.58,debit,card,grocery,posted
T00000508,A000025,2025-04-24 23:04:00,18.45,debit,card,fuel,posted
T00000509,A000025,2025-11-21 12:08:00,38.79,debit,card,entertainment,posted
T00000510,A000025,2025-08-29 07:12:00,26.05,debit,card,dining,posted
T00000511,A000025,2025-05-24 06:02:00,94.96,debit,ach,dining,posted
T00000512,A000025,2025-12-31 15:12:00,41.65,debit,card,online_retail,posted
T00000513,A000025,2025-06-14 02:28:00,26.34,debit,card,fuel,posted
T00000514,A000025,2025-09-04 03:07:00,6.2,debit,card,travel,posted
T00000515,A000025,2025-08-31 08:24:00,79.89,debit,p2p,utilities,posted
T00000516,A000025,2025-05-04 17:44:00,314.61,debit,card,grocery,posted
T00000517,A000025,2025-11-06 08:12:00,56.13,debit,p2p,online_retail,posted
T00000518,A000025,2025-05-06 07:31:00,3817.99,credit,ach,,posted
T00000519,A000025,2025-04-23 11:04:00,51.13,debit,card,entertainment,posted
T00000520,A000026,2025-12-14 01:06:00,2276.61,credit,ach,,posted
T00000521,A000026,2025-07-17 15:19:00,76.42,debit,card,grocery,posted
T00000522,A000026,2025-03-19 17:38:00,108.96,debit,p2p,entertainment,posted
T00000523,A000026,2025-06-20 22:08:00,28.63,debit,ach,dining,posted
T00000524,A000026,2025-06-15 11:12:00,84.9,debit,card,grocery,posted
T00000525,A000026,2025-12-26 17:36:00,3306.18,credit,ach,,posted
T00000526,A000026,2025-04-15 01:04:00,2034.95,credit,ach,,posted
T00000527,A000026,2025-05-18 11:38:00,17.81,debit,p2p,healthcare,posted
T00000528,A000026,2025-02-09 21:04:00,3784.3,credit,ach,,posted
T00000529,A000026,2025-12-05 23:52:00,82.54,debit,atm,utilities,posted
T00000530,A000026,2025-09-17 09:55:00,35.26,debit,atm,dining,posted
T00000531,A000026,2025-07-07 22:39:00,112.48,debit,card,travel,posted
T00000532,A000026,2025-12-15 04:02:00,87.52,debit,ach,dining,posted
T00000533,A000026,2024-12-26 08:17:00,27.03,debit,ach,healthcare,posted
T00000534,A000026,2025-04-02 06:24:00,2008.8,credit,ach,,posted
T00000535,A000026,2025-05-14 01:34:00,63.92,debit,card,travel,posted
T00000536,A000026,2025-06-01 23:53:00,107.83,debit,atm,utilities,posted
T00000537,A000026,2025-09-08 14:27:00,42.25,debit,card,healthcare,posted
T00000538,A000026,2025-04-09 04:58:00,3298.56,credit,ach,,declined
T00000539,A000026,2025-01-21 07:49:00,20.9,debit,p2p,utilities,posted
T00000540,A000026,2025-11-11 08:50:00,12.47,debit,card,fuel,posted
T00000541,A000026,2024-12-17 14:00:00,154.1,debit,p2p,travel,posted
T00000542,A000027,2025-01-23 19:35:00,62.2,debit,ach,fuel,posted
T00000543,A000027,2024-12-02 04:55:00,144.37,debit,card,travel,posted
T00000544,A000027,2025-09-04 08:16:00,3457.26,credit,ach,,posted
T00000545,A000027,2025-06-07 22:02:00,25.04,debit,ach,dining,posted
T00000546,A000027,2025-01-03 06:20:00,194.44,debit,card,healthcare,posted
T00000547,A000027,2024-11-16 00:20:00,98.52,debit,card,grocery,posted
T00000548,A000027,2024-09-26 09:59:00,2569.3,credit,ach,,posted
T00000549,A000027,2024-12-21 10:32:00,225.35,debit,atm,online_retail,posted
T00000550,A000027,2025-03-16 18:02:00,76.73,debit,p2p,dining,posted
T00000551,A000027,2025-06-01 01:38:00,35.7,debit,card,travel,posted
T00000552,A000028,2025-10-28 10:15:00,60.15,debit,ach,online_retail,posted
T00000553,A000028,2025-12-07 16:04:00,64.48,debit,ach,healthcare,posted
T00000554,A000028,2025-10-13 17:15:00,22.61,debit,card,utilities,posted
T00000555,A000028,2025-11-09 10:07:00,1973.58,credit,ach,,declined
T00000556,A000028,2025-12-09 15:40:00,17.61,debit,ach,grocery,posted
T00000557,A000028,2025-11-19 08:48:00,22.66,debit,card,fuel,posted
T00000558,A000028,2025-12-03 12:57:00,4.02,debit,card,utilities,posted
T00000559,A000028,2025-11-09 18:38:00,62.49,debit,ach,healthcare,posted
T00000560,A000028,2025-12-30 13:18:00,120.05,debit,atm,dining,posted
T00000561,A000028,2025-09-27 18:37:00,50.05,debit,ach,fuel,posted
T00000562,A000028,2025-12-11 08:49:00,1540.72,credit,ach,,posted
T00000563,A000028,2025-12-08 16:57:00,40.29,debit,card,online_retail,posted
T00000564,A000028,2025-10-19 04:02:00,11.8,debit,p2p,online_retail,posted
T00000565,A000028,2025-11-02 05:07:00,32.15,debit,card,utilities,posted
T00000566,A000028,2025-10-30 19:48:00,1310.86,credit,ach,,posted
T00000567,A000028,2025-10-09 06:35:00,46.52,debit,card,entertainment,posted
T00000568,A000028,2025-09-30 11:13:00,126.44,debit,ach,fuel,posted
T00000569,A000028,2025-11-03 03:45:00,96.01,debit,ach,entertainment,posted
T00000570,A000028,2025-10-14 08:46:00,56.77,debit,card,online_retail,posted
T00000571,A000028,2025-11-08 08:29:00,36.56,debit,atm,online_retail,posted
T00000572,A000028,2025-10-01 13:06:00,69.37,debit,p2p,grocery,posted
T00000573,A000028,2025-12-16 00:15:00,1816.73,credit,ach,,posted
T00000574,A000028,2025-12-22 06:16:00,32.05,debit,ach,utilities,posted
T00000575,A000029,2025-12-06 23:47:00,2020.12,credit,ach,,posted
T00000576,A000029,2025-12-18 06:45:00,1963.56,credit,ach,,posted
T00000577,A000029,2025-11-18 20:37:00,1720.46,credit,ach,,posted
T00000578,A000029,2025-10-24 09:53:00,1522.41,credit,ach,,posted
T00000579,A000029,2025-12-20 12:38:00,31.94,debit,card,utilities,posted
T00000580,A000029,2025-11-27 10:15:00,9.67,debit,card,dining,posted
T00000581,A000029,2025-11-20 22:08:00,28.71,debit,ach,healthcare,posted
T00000582,A000029,2025-10-04 09:17:00,18.19,debit,ach,entertainment,posted
T00000583,A000029,2025-11-03 01:17:00,8.8,debit,card,utilities,posted
T00000584,A000029,2025-10-29 18:56:00,1221.7,credit,ach,,posted
T00000585,A000030,2025-09-13 19:34:00,3027.8,credit,ach,,posted
T00000586,A000030,2025-09-03 22:21:00,92.19,debit,atm,grocery,posted
T00000587,A000030,2025-11-11 17:12:00,86.46,debit,atm,travel,posted
T00000588,A000030,2025-09-21 11:21:00,37.37,debit,card,grocery,posted
T00000589,A000030,2025-12-23 03:32:00,32.11,debit,card,grocery,posted
T00000590,A000030,2025-10-13 01:17:00,78.5,debit,ach,fuel,posted
T00000591,A000030,2025-10-19 02:04:00,3027.4,credit,ach,,posted
T00000592,A000030,2025-11-25 00:00:00,80.07,debit,card,healthcare,posted
T00000593,A000030,2025-10-29 10:27:00,10.74,debit,card,dining,posted
T00000594,A000030,2025-12-09 12:18:00,14.84,debit,card,entertainment,posted
T00000595,A000030,2025-12-25 16:15:00,64.85,debit,p2p,grocery,posted
T00000596,A000030,2025-10-09 14:23:00,12.51,debit,card,dining,posted
T00000597,A000030,2025-09-23 06:55:00,39.45,debit,ach,entertainment,posted
T00000598,A000030,2025-10-09 01:49:00,18.49,debit,card,grocery,posted
T00000599,A000030,2025-11-23 00:17:00,278.97,debit,p2p,entertainment,posted
T00000600,A000030,2025-10-10 10:29:00,39.45,debit,atm,dining,posted
T00000601,A000030,2025-11-27 22:04:00,56.03,debit,atm,dining,posted
T00000602,A000030,2025-12-01 03:02:00,32.39,debit,p2p,entertainment,posted
T00000603,A000030,2025-12-29 13:25:00,911.54,credit,ach,,reversed
T00000604,A000030,2025-10-19 16:20:00,17.64,debit,card,utilities,posted
T00000605,A000030,2025-10-02 19:45:00,46.51,debit,card,online_retail,posted
T00000606,A000030,2025-09-14 05:33:00,31.01,debit,card,fuel,posted
T00000607,A000030,2025-08-12 09:44:00,2929.16,credit,ach,,posted
T00000608,A000030,2025-11-03 03:03:00,39.39,debit,atm,travel,posted
T00000609,A000030,2025-08-14 06:17:00,113.32,debit,atm,utilities,posted
T00000610,A000030,2025-11-22 08:35:00,44.54,debit,card,dining,posted
T00000611,A000031,2025-06-23 08:36:00,3289.1,credit,ach,,posted
T00000612,A000031,2025-10-06 10:36:00,41.21,debit,atm,entertainment,posted
T00000613,A000031,2025-03-25 07:13:00,3311.74,credit,ach,,posted
T00000614,A000031,2025-06-16 15:55:00,772.26,credit,ach,,declined
T00000615,A000031,2025-06-02 16:51:00,50.41,debit,p2p,dining,posted
T00000616,A000031,2025-10-11 12:49:00,31.07,debit,p2p,online_retail,posted
T00000617,A000031,2025-07-11 05:40:00,318.72,debit,p2p,entertainment,posted
T00000618,A000031,2025-07-30 21:07:00,27.94,debit,card,online_retail,posted
T00000619,A000031,2025-09-17 23:27:00,2459.28,credit,ach,,reversed
T00000620,A000031,2025-06-29 12:23:00,3116.7,credit,ach,,posted
T00000621,A000031,2025-11-05 11:33:00,2551.66,credit,ach,,posted
T00000622,A000031,2025-09-28 08:32:00,40.03,debit,card,entertainment,posted
T00000623,A000031,2025-07-31 08:40:00,2502.63,credit,ach,,posted
T00000624,A000031,2025-11-20 19:40:00,3.53,debit,atm,dining,posted
T00000625,A000031,2025-04-07 19:57:00,50.84,debit,card,dining,posted
T00000626,A000031,2025-05-24 01:28:00,8.51,debit,card,online_retail,posted
T00000627,A000031,2025-09-02 22:10:00,480.53,debit,p2p,grocery,posted
T00000628,A000031,2025-10-16 13:53:00,56.03,debit,card,dining,posted
T00000629,A000031,2025-04-15 08:38:00,2269.13,credit,ach,,posted
T00000630,A000031,2025-03-25 09:17:00,9.69,debit,atm,dining,posted
T00000631,A000031,2025-11-16 02:07:00,18.24,debit,card,grocery,posted
T00000632,A000031,2025-03-29 06:40:00,2.29,debit,atm,travel,posted
T00000633,A000032,2025-09-09 01:24:00,17.42,debit,card,healthcare,posted
T00000634,A000032,2025-08-09 08:56:00,3927.47,credit,ach,,posted
T00000635,A000032,2025-10-12 08:05:00,40.75,debit,atm,entertainment,posted
T00000636,A000032,2025-12-14 05:02:00,39.38,debit,p2p,travel,reversed
T00000637,A000032,2025-10-11 11:41:00,62.88,debit,atm,utilities,posted
T00000638,A000032,2025-08-14 08:13:00,46.24,debit,card,entertainment,posted
T00000639,A000032,2025-09-25 18:24:00,91.46,debit,card,online_retail,posted
T00000640,A000032,2025-06-24 05:26:00,1.84,debit,card,online_retail,posted
T00000641,A000032,2025-10-19 17:11:00,25.21,debit,p2p,healthcare,posted
T00000642,A000032,2025-10-21 07:16:00,46.28,debit,ach,utilities,posted
T00000643,A000032,2025-08-20 16:06:00,27.79,debit,p2p,fuel,posted
T00000644,A000032,2025-11-21 22:33:00,3903.5,credit,ach,,posted
T00000645,A000032,2025-07-25 21:21:00,59.45,debit,card,entertainment,posted
T00000646,A000033,2025-08-14 21:09:00,1102.24,credit,ach,,posted
T00000647,A000033,2025-09-30 07:54:00,815.58,credit,ach,,posted
T00000648,A000033,2025-11-17 00:30:00,849.7,credit,ach,,posted
T00000649,A000033,2025-11-22 22:13:00,183.7,debit,atm,travel,posted
T00000650,A000033,2025-09-07 12:08:00,114.92,debit,card,utilities,posted
T00000651,A000033,2025-11-30 19:25:00,14.94,debit,p2p,grocery,posted
T00000652,A000033,2025-09-28 07:23:00,33.2,debit,p2p,healthcare,posted
T00000653,A000033,2025-10-11 04:31:00,1239.31,credit,ach,,posted
T00000654,A000033,2025-11-08 12:41:00,1027.62,credit,ach,,posted
T00000655,A000033,2025-12-15 01:16:00,28.2,debit,atm,dining,posted
T00000656,A000033,2025-09-04 11:43:00,51.88,debit,card,fuel,posted
T00000657,A000033,2025-12-21 12:43:00,18.3,debit,ach,healthcare,posted
T00000658,A000033,2025-10-30 13:16:00,135.15,debit,ach,online_retail,posted
T00000659,A000033,2025-11-15 03:50:00,1984.23,credit,ach,,posted
T00000660,A000033,2025-09-03 04:00:00,203.85,debit,card,entertainment,posted
T00000661,A000033,2025-12-10 09:02:00,2213.67,credit,ach,,posted
T00000662,A000033,2025-11-16 08:27:00,4.79,debit,p2p,utilities,posted
T00000663,A000033,2025-11-13 13:01:00,23.11,debit,card,online_retail,posted
T00000664,A000033,2025-12-28 23:25:00,794.16,credit,ach,,posted
T00000665,A000033,2025-09-20 20:31:00,50.85,debit,atm,entertainment,posted
T00000666,A000033,2025-11-05 11:02:00,3918.95,credit,ach,,posted
T00000667,A000033,2025-09-08 12:32:00,69.44,debit,card,fuel,declined
T00000668,A000033,2025-10-18 23:41:00,50.92,debit,card,grocery,posted
T00000669,A000033,2025-12-13 06:48:00,9.57,debit,card,utilities,posted
T00000670,A000033,2025-08-25 19:25:00,50.42,debit,ach,travel,posted
T00000671,A000033,2025-11-28 21:08:00,24.36,debit,atm,online_retail,posted
T00000672,A000033,2025-10-10 00:45:00,11.58,debit,atm,entertainment,posted
T00000673,A000033,2025-11-06 17:24:00,38.5,debit,card,online_retail,posted
T00000674,A000033,2025-09-21 14:54:00,6.41,debit,atm,healthcare,posted
T00000675,A000033,2025-08-22 21:54:00,8.1,debit,card,dining,posted
T00000676,A000033,2025-12-27 11:19:00,12.51,debit,card,fuel,posted
T00000677,A000033,2025-09-25 19:22:00,17.86,debit,card,entertainment,declined
T00000678,A000033,2025-11-18 17:08:00,26.4,debit,card,utilities,posted
T00000679,A000033,2025-09-23 23:25:00,23.94,debit,p2p,utilities,posted
T00000680,A000034,2025-04-09 21:56:00,62.04,debit,p2p,healthcare,posted
T00000681,A000034,2025-09-08 15:48:00,91.49,debit,card,healthcare,posted
T00000682,A000034,2025-11-13 10:48:00,18.6,debit,ach,healthcare,posted
T00000683,A000034,2025-02-28 19:14:00,2669.72,credit,ach,,reversed
T00000684,A000034,2025-12-17 18:46:00,7.19,debit,atm,dining,declined
T00000685,A000034,2025-02-25 23:38:00,59.75,debit,card,fuel,posted
T00000686,A000034,2025-06-16 05:30:00,96.29,debit,card,dining,posted
T00000687,A000034,2025-05-30 18:29:00,58.34,debit,card,fuel,declined
T00000688,A000034,2025-10-28 20:07:00,83.84,debit,atm,dining,posted
T00000689,A000034,2025-03-02 21:43:00,35.3,debit,ach,dining,posted
T00000690,A000034,2025-06-27 22:34:00,3218.09,credit,ach,,posted
T00000691,A000034,2025-11-14 22:01:00,49.52,debit,ach,entertainment,posted
T00000692,A000034,2025-04-18 03:09:00,94.93,debit,card,fuel,posted
T00000693,A000034,2025-08-06 04:58:00,2189.07,credit,ach,,posted
T00000694,A000034,2025-08-01 20:44:00,3647.18,credit,ach,,posted
T00000695,A000034,2025-06-19 08:21:00,21.19,debit,atm,utilities,posted
T00000696,A000034,2025-12-15 01:48:00,2326.23,credit,ach,,posted
T00000697,A000034,2025-08-22 18:23:00,10.31,debit,p2p,utilities,posted
T00000698,A000034,2025-09-27 21:18:00,3318.2,credit,ach,,posted
T00000699,A000034,2025-12-22 09:54:00,42.16,debit,card,utilities,posted
T00000700,A000034,2025-02-20 08:23:00,21.69,debit,card,online_retail,posted
T00000701,A000034,2025-12-11 16:20:00,1.95,debit,atm,fuel,posted
T00000702,A000034,2025-10-18 05:30:00,22.39,debit,card,fuel,posted
T00000703,A000034,2025-04-16 20:12:00,14.89,debit,card,travel,posted
T00000704,A000034,2025-08-19 21:02:00,11.86,debit,card,utilities,posted
T00000705,A000034,2025-11-14 23:34:00,38.56,debit,card,fuel,posted
T00000706,A000034,2025-06-19 07:44:00,18.99,debit,atm,travel,posted
T00000707,A000034,2025-03-18 04:33:00,17.06,debit,p2p,entertainment,posted
T00000708,A000035,2025-04-09 10:50:00,18.37,debit,card,entertainment,posted
T00000709,A000035,2025-12-16 18:13:00,9.32,debit,atm,entertainment,posted
T00000710,A000035,2025-06-21 18:51:00,16.15,debit,card,entertainment,posted
T00000711,A000035,2025-08-29 16:30:00,100.06,debit,p2p,travel,posted
T00000712,A000035,2025-12-26 16:19:00,131.1,debit,ach,fuel,posted
T00000713,A000035,2025-10-21 21:19:00,3517.1,credit,ach,,posted
T00000714,A000035,2025-12-14 05:12:00,58.74,debit,p2p,utilities,posted
T00000715,A000035,2025-12-10 15:06:00,83.83,debit,atm,fuel,posted
T00000716,A000035,2025-06-20 12:50:00,1052.8,credit,ach,,posted
T00000717,A000035,2025-08-27 16:30:00,313.91,debit,card,travel,posted
T00000718,A000035,2025-11-10 09:23:00,1668.03,credit,ach,,posted
T00000719,A000035,2025-08-22 14:19:00,24.21,debit,ach,grocery,declined
T00000720,A000035,2025-09-11 20:51:00,2099.11,credit,ach,,posted
T00000721,A000035,2025-06-25 06:42:00,18.88,debit,card,healthcare,posted
T00000722,A000035,2025-08-27 17:35:00,125.76,debit,ach,utilities,posted
T00000723,A000035,2025-07-16 05:20:00,212.86,debit,card,healthcare,posted
T00000724,A000035,2025-11-18 07:17:00,38.75,debit,card,online_retail,posted
T00000725,A000035,2025-09-19 14:59:00,22.08,debit,card,online_retail,declined
T00000726,A000035,2025-10-11 04:55:00,1545.99,credit,ach,,posted
T00000727,A000035,2025-04-28 14:15:00,41.91,debit,p2p,utilities,posted
T00000728,A000035,2025-05-24 02:55:00,56.18,debit,card,entertainment,posted
T00000729,A000035,2025-07-01 05:20:00,29.94,debit,atm,utilities,posted
T00000730,A000035,2025-03-25 04:07:00,17.41,debit,card,grocery,posted
T00000731,A000035,2025-12-01 11:01:00,85.72,debit,p2p,entertainment,posted
T00000732,A000035,2025-08-31 20:04:00,92.57,debit,p2p,dining,posted
T00000733,A000035,2025-11-08 19:41:00,211.8,debit,ach,utilities,posted
T00000734,A000035,2025-05-30 20:21:00,2767.44,credit,ach,,posted
T00000735,A000035,2025-12-09 22:47:00,29.41,debit,p2p,utilities,posted
T00000736,A000035,2025-09-29 00:00:00,1995.02,credit,ach,,posted
T00000737,A000035,2025-07-06 18:43:00,38.87,debit,card,online_retail,posted
T00000738,A000035,2025-05-31 06:49:00,1579.69,credit,ach,,posted
T00000739,A000035,2025-12-12 19:54:00,945.63,credit,ach,,posted
T00000740,A000035,2025-04-18 10:55:00,18.44,debit,card,fuel,posted
T00000741,A000035,2025-07-30 07:59:00,71.36,debit,card,entertainment,posted
T00000742,A000035,2025-06-23 06:49:00,60.02,debit,card,dining,posted
T00000743,A000035,2025-06-29 03:31:00,27.54,debit,card,online_retail,posted
T00000744,A000035,2025-11-29 03:29:00,1830.1,credit,ach,,posted
T00000745,A000035,2025-05-04 11:23:00,91.86,debit,atm,utilities,posted
T00000746,A000035,2025-04-26 20:41:00,68.34,debit,card,fuel,posted
T00000747,A000036,2025-12-31 01:03:00,4.89,debit,card,online_retail,posted
T00000748,A000036,2025-12-29 13:11:00,2315.1,credit,ach,,posted
T00000749,A000036,2025-12-29 11:56:00,14.14,debit,card,utilities,posted
T00000750,A000036,2025-12-28 00:21:00,2146.76,credit,ach,,posted
T00000751,A000036,2025-12-29 13:02:00,167.83,debit,card,fuel,posted
T00000752,A000036,2025-12-30 07:05:00,29.84,debit,p2p,entertainment,posted
T00000753,A000036,2025-12-28 09:30:00,50.54,debit,p2p,dining,posted
T00000754,A000036,2025-12-29 04:14:00,61.02,debit,atm,dining,posted
T00000755,A000036,2025-12-31 09:56:00,18.67,debit,atm,utilities,posted
T00000756,A000036,2025-12-31 21:37:00,103.25,debit,card,online_retail,posted
T00000757,A000036,2025-12-29 18:47:00,26.92,debit,card,fuel,posted
T00000758,A000036,2025-12-28 07:10:00,6.6,debit,card,travel,posted
T00000759,A000036,2025-12-31 14:13:00,16.02,debit,atm,utilities,posted
T00000760,A000037,2025-10-20 10:57:00,1693.44,credit,ach,,posted
T00000761,A000037,2025-12-14 17:29:00,51.33,debit,p2p,utilities,posted
T00000762,A000037,2025-10-23 13:41:00,2401.62,credit,ach,,posted
T00000763,A000037,2025-11-04 03:07:00,2.08,debit,card,entertainment,posted
T00000764,A000037,2025-09-17 16:11:00,61.55,debit,p2p,fuel,posted
T00000765,A000037,2025-11-13 16:03:00,24.38,debit,p2p,fuel,posted
T00000766,A000037,2025-09-19 21:10:00,73.39,debit,atm,fuel,posted
T00000767,A000037,2025-11-24 13:54:00,671.19,credit,ach,,declined
T00000768,A000037,2025-10-28 09:24:00,31.08,debit,card,grocery,posted
T00000769,A000037,2025-12-06 17:42:00,216.14,debit,card,grocery,posted
T00000770,A000037,2025-09-24 04:30:00,347.84,debit,card,healthcare,posted
T00000771,A000037,2025-11-28 13:25:00,17.05,debit,card,utilities,posted
T00000772,A000037,2025-10-28 03:46:00,24.62,debit,card,grocery,posted
T00000773,A000037,2025-11-12 09:33:00,2699.91,credit,ach,,posted
T00000774,A000037,2025-11-30 14:19:00,39.71,debit,card,dining,posted
T00000775,A000037,2025-12-12 23:21:00,72.15,debit,atm,entertainment,posted
T00000776,A000037,2025-09-28 22:44:00,32.11,debit,p2p,dining,posted
T00000777,A000037,2025-12-09 19:38:00,32.09,debit,ach,healthcare,posted
T00000778,A000037,2025-09-20 08:53:00,19.81,debit,p2p,online_retail,posted
T00000779,A000037,2025-12-23 08:22:00,853.96,credit,ach,,posted
T00000780,A000037,2025-10-08 18:31:00,2018.18,credit,ach,,posted
T00000781,A000037,2025-12-15 22:31:00,83.71,debit,p2p,healthcare,posted
T00000782,A000037,2025-09-20 18:53:00,207.59,debit,card,travel,posted
T00000783,A000037,2025-12-02 22:57:00,225.87,debit,card,online_retail,posted
T00000784,A000037,2025-11-02 14:36:00,8.84,debit,atm,healthcare,posted
T00000785,A000037,2025-09-10 06:36:00,2706.82,credit,ach,,posted
T00000786,A000037,2025-10-14 13:51:00,2098.18,credit,ach,,posted
T00000787,A000037,2025-10-22 21:22:00,99.9,debit,card,online_retail,posted
T00000788,A000037,2025-11-27 08:49:00,3.76,debit,p2p,online_retail,posted
T00000789,A000037,2025-12-12 11:49:00,15.75,debit,atm,travel,posted
T00000790,A000037,2025-10-16 03:58:00,46.91,debit,ach,fuel,posted
T00000791,A000037,2025-10-02 08:54:00,8.84,debit,card,fuel,declined
T00000792,A000037,2025-10-18 00:07:00,1586.85,credit,ach,,posted
T00000793,A000037,2025-11-28 17:18:00,36.93,debit,atm,dining,posted
T00000794,A000037,2025-09-18 22:38:00,220.14,debit,card,online_retail,posted
T00000795,A000037,2025-10-27 04:58:00,312.42,debit,card,dining,posted
T00000796,A000037,2025-10-05 14:52:00,2417.96,credit,ach,,posted
T00000797,A000038,2025-02-13 15:14:00,8.71,debit,card,fuel,posted
T00000798,A000038,2025-06-04 00:54:00,89.14,debit,p2p,travel,posted
T00000799,A000038,2025-10-23 18:25:00,140.29,debit,card,utilities,posted
T00000800,A000038,2025-08-05 07:20:00,5.62,debit,atm,travel,posted
T00000801,A000038,2025-11-23 04:06:00,89.11,debit,ach,online_retail,posted
T00000802,A000038,2025-12-06 07:46:00,67.34,debit,card,grocery,posted
T00000803,A000038,2025-09-12 15:37:00,41.81,debit,card,online_retail,posted
T00000804,A000038,2025-04-16 02:43:00,97.28,debit,card,grocery,posted
T00000805,A000038,2025-10-09 13:45:00,11.68,debit,atm,entertainment,posted
T00000806,A000038,2025-07-05 10:14:00,8.8,debit,atm,online_retail,posted
T00000807,A000038,2025-12-09 01:45:00,64.43,debit,card,dining,posted
T00000808,A000038,2025-04-23 23:12:00,2605.34,credit,ach,,posted
T00000809,A000038,2025-05-02 05:01:00,32.79,debit,card,dining,posted
T00000810,A000038,2025-11-20 22:43:00,19.64,debit,card,online_retail,posted
T00000811,A000038,2025-07-09 11:11:00,121.48,debit,card,utilities,posted
T00000812,A000038,2025-05-27 11:41:00,10.94,debit,p2p,utilities,posted
T00000813,A000038,2025-12-07 01:35:00,1806.01,credit,ach,,posted
T00000814,A000038,2025-10-28 00:00:00,6.28,debit,p2p,online_retail,posted
T00000815,A000038,2025-04-29 06:40:00,16.47,debit,card,dining,posted
T00000816,A000038,2025-04-20 19:23:00,73.1,debit,card,entertainment,posted
T00000817,A000038,2025-02-19 17:56:00,20.99,debit,card,fuel,posted
T00000818,A000038,2025-04-26 03:31:00,1043.38,credit,ach,,posted
T00000819,A000040,2025-10-28 21:35:00,45.14,debit,card,online_retail,posted
T00000820,A000040,2025-11-06 06:50:00,1.8,debit,ach,dining,posted
T00000821,A000040,2025-07-27 21:41:00,36.98,debit,p2p,healthcare,posted
T00000822,A000040,2025-12-15 06:18:00,29.62,debit,atm,healthcare,posted
T00000823,A000040,2025-10-08 02:31:00,865.11,credit,ach,,posted
T00000824,A000040,2025-12-07 12:19:00,65.97,debit,atm,grocery,posted
T00000825,A000040,2025-07-14 06:05:00,149.12,debit,p2p,fuel,posted
T00000826,A000040,2025-07-16 17:01:00,1560.31,credit,ach,,posted
T00000827,A000040,2025-11-18 01:52:00,34.82,debit,card,grocery,posted
T00000828,A000040,2025-07-29 14:11:00,49.06,debit,card,entertainment,posted
T00000829,A000040,2025-12-14 19:00:00,1835.21,credit,ach,,posted
T00000830,A000040,2025-08-02 09:00:00,23.27,debit,ach,travel,posted
T00000831,A000040,2025-10-14 01:09:00,1361.61,credit,ach,,posted
T00000832,A000040,2025-10-20 21:36:00,89.96,debit,atm,utilities,posted
T00000833,A000040,2025-07-06 13:52:00,95.74,debit,p2p,grocery,posted
T00000834,A000040,2025-10-13 01:44:00,4.26,debit,card,dining,posted
T00000835,A000040,2025-11-06 02:11:00,3.69,debit,atm,healthcare,posted
T00000836,A000040,2025-09-15 09:54:00,187.66,debit,ach,travel,posted
T00000837,A000040,2025-07-13 15:30:00,1300.26,credit,ach,,posted
T00000838,A000040,2025-08-20 02:48:00,8.88,debit,card,entertainment,posted
T00000839,A000040,2025-10-25 19:49:00,3767.65,credit,ach,,posted
T00000840,A000040,2025-08-21 06:46:00,328.93,debit,card,utilities,posted
T00000841,A000040,2025-10-01 14:12:00,9.7,debit,card,dining,posted
T00000842,A000040,2025-12-11 06:21:00,14.66,debit,card,travel,posted
T00000843,A000040,2025-09-15 17:10:00,3874.62,credit,ach,,posted
T00000844,A000040,2025-12-26 02:26:00,58.36,debit,card,fuel,posted
T00000845,A000041,2024-09-29 12:00:00,339.23,debit,card,travel,posted
T00000846,A000041,2024-10-14 18:34:00,2771.02,credit,ach,,posted
T00000847,A000041,2025-07-15 20:24:00,47.55,debit,atm,travel,posted
T00000848,A000041,2025-08-05 08:22:00,51.95,debit,card,entertainment,posted
T00000849,A000041,2025-03-29 07:09:00,25.59,debit,card,online_retail,posted
T00000850,A000041,2025-05-05 09:09:00,1936.3,credit,ach,,posted
T00000851,A000041,2025-12-06 07:25:00,2692.75,credit,ach,,posted
T00000852,A000041,2025-04-21 13:56:00,68.04,debit,ach,entertainment,posted
T00000853,A000041,2025-03-11 21:25:00,2354.78,credit,ach,,posted
T00000854,A000041,2025-09-25 06:36:00,3557.62,credit,ach,,posted
T00000855,A000041,2025-08-08 11:57:00,24.29,debit,ach,fuel,posted
T00000856,A000041,2025-06-30 20:28:00,41.4,debit,card,online_retail,posted
T00000857,A000041,2024-12-15 21:24:00,4.22,debit,card,travel,posted
T00000858,A000041,2025-09-02 05:17:00,126.83,debit,atm,healthcare,posted
T00000859,A000041,2025-11-10 06:09:00,22.01,debit,card,entertainment,posted
T00000860,A000041,2025-10-21 19:33:00,242.64,debit,card,dining,posted
T00000861,A000041,2025-12-11 01:21:00,18.18,debit,card,utilities,posted
T00000862,A000041,2025-03-30 19:58:00,116.05,debit,card,fuel,posted
T00000863,A000041,2024-11-16 17:10:00,11.93,debit,p2p,healthcare,posted
T00000864,A000043,2025-12-29 15:44:00,11.11,debit,card,fuel,posted
T00000865,A000043,2025-11-20 12:30:00,569.84,credit,ach,,posted
T00000866,A000043,2025-10-22 14:37:00,30.2,debit,ach,online_retail,posted
T00000867,A000043,2025-08-12 11:04:00,2684.11,credit,ach,,posted
T00000868,A000043,2025-08-29 03:59:00,11.41,debit,card,online_retail,posted
T00000869,A000043,2025-11-25 00:39:00,27.94,debit,card,travel,posted
T00000870,A000043,2025-12-02 00:31:00,6.49,debit,atm,utilities,posted
T00000871,A000043,2025-11-09 10:02:00,49.9,debit,card,fuel,posted
T00000872,A000043,2025-12-28 00:47:00,21.7,debit,ach,healthcare,posted
T00000873,A000043,2025-09-29 22:24:00,75.36,debit,card,fuel,posted
T00000874,A000043,2025-09-26 17:12:00,50.32,debit,p2p,dining,posted
T00000875,A000043,2025-08-23 03:15:00,1806.86,credit,ach,,posted
T00000876,A000043,2025-09-20 02:55:00,3030.87,credit,ach,,posted
T00000877,A000043,2025-10-17 19:04:00,2691.44,credit,ach,,posted
T00000878,A000043,2025-11-16 20:55:00,68.74,debit,card,fuel,posted
T00000879,A000043,2025-08-11 05:05:00,9.62,debit,atm,travel,posted
T00000880,A000043,2025-08-11 12:20:00,67.21,debit,atm,fuel,posted
T00000881,A000043,2025-12-20 01:28:00,522.1,credit,ach,,posted
T00000882,A000043,2025-09-10 08:09:00,38.85,debit,card,dining,posted
T00000883,A000043,2025-10-12 07:10:00,75.17,debit,ach,utilities,posted
T00000884,A000043,2025-09-24 11:47:00,524.44,credit,ach,,posted
T00000885,A000043,2025-09-24 09:48:00,715.67,credit,ach,,posted
T00000886,A000043,2025-08-06 19:48:00,52.44,debit,p2p,online_retail,posted
T00000887,A000043,2025-12-24 21:04:00,58.69,debit,card,entertainment,posted
T00000888,A000043,2025-10-06 15:20:00,57.08,debit,card,grocery,posted
T00000889,A000043,2025-11-03 14:56:00,149.98,debit,ach,entertainment,posted
T00000890,A000043,2025-10-28 13:01:00,73.66,debit,atm,fuel,posted
T00000891,A000043,2025-07-25 13:50:00,87.99,debit,card,healthcare,posted
T00000892,A000043,2025-09-29 10:12:00,1872.81,credit,ach,,posted
T00000893,A000043,2025-12-09 08:14:00,2623.89,credit,ach,,posted
T00000894,A000043,2025-11-10 05:31:00,11.05,debit,ach,utilities,posted
T00000895,A000043,2025-12-01 15:51:00,2216.77,credit,ach,,declined
T00000896,A000043,2025-12-30 05:21:00,57.57,debit,card,fuel,posted
T00000897,A000043,2025-10-17 23:23:00,89.19,debit,ach,dining,posted
T00000898,A000043,2025-10-24 13:15:00,1641.7,credit,ach,,posted
T00000899,A000043,2025-10-10 20:58:00,31.29,debit,card,online_retail,posted
T00000900,A000043,2025-08-23 10:50:00,40.8,debit,card,entertainment,posted
T00000901,A000043,2025-07-26 10:32:00,26.22,debit,card,dining,posted
T00000902,A000043,2025-11-17 19:57:00,96.65,debit,ach,healthcare,posted
T00000903,A000043,2025-09-30 22:09:00,81.9,debit,card,grocery,posted
T00000904,A000044,2025-11-20 04:50:00,48.79,debit,atm,travel,declined
T00000905,A000044,2025-12-08 19:07:00,35.92,debit,card,healthcare,posted
T00000906,A000044,2025-02-11 09:16:00,1536.36,credit,ach,,posted
T00000907,A000044,2025-09-09 02:23:00,53.82,debit,p2p,entertainment,posted
T00000908,A000044,2025-04-02 08:29:00,63.27,debit,card,fuel,posted
T00000909,A000044,2025-02-14 03:03:00,38.2,debit,card,healthcare,posted
T00000910,A000044,2025-12-24 13:41:00,7.94,debit,card,utilities,posted
T00000911,A000044,2025-11-24 01:56:00,125.8,debit,ach,dining,posted
T00000912,A000044,2025-04-18 04:06:00,88.85,debit,card,online_retail,posted
T00000913,A000044,2025-09-05 10:48:00,1901.96,credit,ach,,posted
T00000914,A000044,2025-09-07 20:50:00,88.05,debit,card,utilities,posted
T00000915,A000044,2025-03-06 20:43:00,17.67,debit,card,fuel,posted
T00000916,A000044,2025-07-21 12:48:00,22.99,debit,card,entertainment,posted
T00000917,A000044,2025-09-06 17:04:00,2563.84,credit,ach,,posted
T00000918,A000044,2025-12-01 15:00:00,36.3,debit,ach,travel,posted
T00000919,A000044,2025-02-09 20:47:00,17.42,debit,ach,fuel,posted
T00000920,A000044,2025-12-14 08:21:00,3642.75,credit,ach,,posted
T00000921,A000044,2025-07-02 14:01:00,59.29,debit,card,grocery,posted
T00000922,A000044,2025-04-01 23:59:00,10.01,debit,atm,utilities,posted
T00000923,A000044,2025-05-26 18:52:00,27.76,debit,card,utilities,posted
T00000924,A000044,2025-02-18 09:00:00,1133.22,credit,ach,,posted
T00000925,A000044,2025-10-19 23:24:00,29.41,debit,card,entertainment,posted
T00000926,A000044,2025-12-08 09:50:00,74.87,debit,p2p,dining,posted
T00000927,A000044,2025-02-21 19:03:00,19.2,debit,p2p,fuel,posted
T00000928,A000044,2025-08-13 06:41:00,1981.08,credit,ach,,posted
T00000929,A000044,2025-03-16 08:26:00,23.1,debit,card,utilities,posted
T00000930,A000044,2025-09-27 06:07:00,123.6,debit,card,entertainment,posted
T00000931,A000044,2025-04-04 02:46:00,3544.27,credit,ach,,posted
T00000932,A000044,2025-11-18 08:17:00,2471.31,credit,ach,,posted
T00000933,A000044,2025-04-25 06:04:00,26.62,debit,ach,entertainment,posted
T00000934,A000044,2025-02-12 18:57:00,720.54,credit,ach,,posted
T00000935,A000044,2025-06-29 22:18:00,16.51,debit,atm,utilities,declined
T00000936,A000044,2025-05-13 07:44:00,3.26,debit,ach,travel,posted
T00000937,A000044,2025-03-02 09:23:00,1785.54,credit,ach,,posted
T00000938,A000044,2025-11-11 05:23:00,20.25,debit,card,online_retail,posted
T00000939,A000045,2025-09-27 05:37:00,30.4,debit,card,fuel,posted
T00000940,A000045,2025-12-24 15:43:00,21.72,debit,p2p,utilities,posted
T00000941,A000045,2025-09-08 11:41:00,35.79,debit,atm,fuel,posted
T00000942,A000045,2025-10-31 20:53:00,136.03,debit,card,healthcare,posted
T00000943,A000045,2025-09-30 03:32:00,35.84,debit,card,fuel,posted
T00000944,A000045,2025-12-07 22:50:00,102.31,debit,ach,healthcare,posted
T00000945,A000045,2025-09-12 23:26:00,44.36,debit,atm,travel,posted
T00000946,A000045,2025-10-22 03:31:00,752.72,credit,ach,,declined
T00000947,A000045,2025-08-15 12:19:00,35.86,debit,card,grocery,posted
T00000948,A000045,2025-08-29 03:13:00,3216.24,credit,ach,,posted
T00000949,A000045,2025-08-18 14:07:00,21.99,debit,atm,utilities,posted
T00000950,A000045,2025-09-18 06:19:00,44.48,debit,p2p,grocery,posted
T00000951,A000045,2025-06-23 15:20:00,14.94,debit,ach,dining,posted
T00000952,A000045,2025-11-12 19:56:00,161.83,debit,card,healthcare,posted
T00000953,A000045,2025-10-17 02:30:00,13.1,debit,atm,dining,posted
T00000954,A000045,2025-12-23 10:15:00,30.64,debit,p2p,entertainment,posted
T00000955,A000045,2025-09-28 03:00:00,54.25,debit,card,entertainment,posted
T00000956,A000045,2025-07-31 14:17:00,2.57,debit,atm,grocery,posted
T00000957,A000045,2025-07-15 22:33:00,87.94,debit,card,grocery,posted
T00000958,A000045,2025-09-07 13:07:00,31.79,debit,ach,fuel,posted
T00000959,A000045,2025-06-26 09:11:00,3529.48,credit,ach,,posted
T00000960,A000045,2025-10-19 07:45:00,40.11,debit,card,healthcare,posted
T00000961,A000045,2025-10-27 22:23:00,9.18,debit,card,healthcare,posted
T00000962,A000045,2025-10-01 02:04:00,3572.23,credit,ach,,posted
T00000963,A000045,2025-10-14 12:32:00,15.24,debit,p2p,fuel,posted
T00000964,A000045,2025-10-07 21:34:00,21.42,debit,atm,fuel,posted
T00000965,A000045,2025-07-14 17:02:00,1015.86,credit,ach,,posted
T00000966,A000046,2024-10-02 11:03:00,14.08,debit,card,fuel,posted
T00000967,A000046,2025-01-29 15:51:00,2824.13,credit,ach,,posted
T00000968,A000046,2025-01-14 03:11:00,54.54,debit,card,fuel,posted
T00000969,A000046,2025-12-10 16:09:00,7.22,debit,card,fuel,posted
T00000970,A000046,2025-10-17 13:53:00,17.31,debit,card,online_retail,posted
T00000971,A000046,2024-10-11 06:42:00,22.33,debit,card,fuel,posted
T00000972,A000046,2025-11-05 16:56:00,190.47,debit,card,utilities,posted
T00000973,A000046,2024-11-04 13:38:00,732.17,credit,ach,,posted
T00000974,A000046,2025-12-27 04:49:00,22.9,debit,ach,online_retail,posted
T00000975,A000046,2025-06-28 19:20:00,104.6,debit,ach,healthcare,posted
T00000976,A000046,2025-11-30 22:37:00,208.53,debit,atm,fuel,posted
T00000977,A000046,2024-11-12 22:31:00,38.34,debit,card,utilities,posted
T00000978,A000046,2025-02-12 09:38:00,165.62,debit,card,utilities,posted
T00000979,A000046,2025-03-17 16:43:00,16.4,debit,atm,travel,posted
T00000980,A000046,2025-12-26 04:51:00,10.76,debit,card,online_retail,posted
T00000981,A000046,2025-05-21 18:33:00,3036.07,credit,ach,,posted
T00000982,A000046,2025-08-19 07:13:00,46.78,debit,atm,entertainment,posted
T00000983,A000046,2025-04-15 15:45:00,42.64,debit,card,utilities,posted
T00000984,A000046,2025-02-03 03:24:00,127.24,debit,p2p,utilities,posted
T00000985,A000046,2025-04-30 06:17:00,1996.98,credit,ach,,declined
T00000986,A000046,2025-07-28 03:30:00,22.81,debit,card,online_retail,posted
T00000987,A000046,2024-10-24 01:54:00,876.12,credit,ach,,posted
T00000988,A000046,2024-12-01 03:59:00,28.87,debit,atm,grocery,posted
T00000989,A000046,2025-03-18 19:46:00,28.32,debit,p2p,utilities,posted
T00000990,A000046,2025-03-27 07:09:00,2544.42,credit,ach,,posted
T00000991,A000046,2024-12-23 12:13:00,45.46,debit,card,entertainment,posted
T00000992,A000046,2025-01-31 13:14:00,2633.63,credit,ach,,posted
T00000993,A000046,2025-01-17 08:06:00,2849.07,credit,ach,,posted
T00000994,A000046,2025-12-11 19:54:00,19.17,debit,card,healthcare,posted
T00000995,A000046,2025-05-11 04:47:00,7.04,debit,ach,online_retail,posted
T00000996,A000047,2025-10-05 19:24:00,44.32,debit,atm,dining,posted
T00000997,A000047,2025-11-23 21:24:00,1914.02,credit,ach,,posted
T00000998,A000047,2025-08-27 12:17:00,1517.38,credit,ach,,posted
T00000999,A000047,2025-10-29 15:01:00,44.99,debit,card,entertainment,posted
T00001000,A000047,2025-06-03 12:36:00,22.17,debit,atm,entertainment,posted
T00001001,A000047,2025-06-20 13:16:00,20.3,debit,card,travel,posted
T00001002,A000047,2025-09-03 11:03:00,128.4,debit,card,fuel,posted
T00001003,A000047,2025-08-08 05:14:00,178.17,debit,p2p,fuel,posted
T00001004,A000047,2025-09-26 13:57:00,560.14,credit,ach,,declined
T00001005,A000047,2025-10-30 22:04:00,855.29,credit,ach,,posted
T00001006,A000047,2025-07-13 17:07:00,38.29,debit,card,fuel,posted
T00001007,A000047,2025-07-15 07:50:00,3493.93,credit,ach,,posted
T00001008,A000047,2025-10-07 00:32:00,127.2,debit,card,entertainment,posted
T00001009,A000047,2025-07-12 22:07:00,7.6,debit,card,dining,declined
T00001010,A000047,2025-07-02 00:18:00,162.35,debit,ach,healthcare,posted
T00001011,A000047,2025-09-25 20:33:00,62.97,debit,atm,healthcare,posted
T00001012,A000047,2025-10-10 13:10:00,33.04,debit,card,dining,posted
T00001013,A000047,2025-08-31 09:07:00,26.03,debit,card,grocery,posted
T00001014,A000047,2025-07-18 00:13:00,43.75,debit,p2p,fuel,posted
T00001015,A000047,2025-08-14 12:15:00,3651.76,credit,ach,,posted
T00001016,A000047,2025-08-01 15:25:00,19.94,debit,ach,fuel,posted
T00001017,A000047,2025-06-11 07:09:00,92.69,debit,card,online_retail,posted
T00001018,A000047,2025-09-04 20:55:00,43.0,debit,p2p,entertainment,posted
T00001019,A000047,2025-12-31 15:04:00,4.05,debit,card,grocery,posted
T00001020,A000047,2025-07-23 20:33:00,28.99,debit,p2p,entertainment,posted
T00001021,A000047,2025-08-20 09:23:00,2309.49,credit,ach,,posted
T00001022,A000047,2025-09-18 15:27:00,81.83,debit,card,fuel,posted
T00001023,A000047,2025-09-02 10:42:00,98.34,debit,card,fuel,posted
T00001024,A000047,2025-07-18 02:39:00,27.41,debit,card,grocery,declined
T00001025,A000047,2025-07-17 13:36:00,3298.15,credit,ach,,posted
T00001026,A000047,2025-09-15 17:36:00,15.22,debit,card,travel,posted
T00001027,A000047,2025-07-10 21:31:00,2842.96,credit,ach,,posted
T00001028,A000047,2025-08-24 19:46:00,12.93,debit,atm,online_retail,posted
T00001029,A000047,2025-08-20 16:09:00,134.62,debit,atm,utilities,posted
T00001030,A000047,2025-12-14 07:14:00,28.34,debit,p2p,utilities,posted
T00001031,A000047,2025-11-30 12:03:00,2.71,debit,card,fuel,posted
T00001032,A000048,2025-12-22 14:57:00,845.09,credit,ach,,posted
T00001033,A000048,2025-12-26 13:47:00,38.98,debit,card,fuel,posted
T00001034,A000048,2025-12-17 10:59:00,18.23,debit,card,healthcare,posted
T00001035,A000048,2025-12-15 10:23:00,1324.89,credit,ach,,posted
T00001036,A000048,2025-12-30 12:37:00,2005.37,credit,ach,,posted
T00001037,A000048,2025-12-22 19:51:00,1057.17,credit,ach,,posted
T00001038,A000048,2025-12-27 02:06:00,3286.68,credit,ach,,posted
T00001039,A000048,2025-12-28 15:57:00,3895.21,credit,ach,,posted
T00001040,A000048,2025-12-19 01:00:00,10.68,debit,card,online_retail,posted
T00001041,A000048,2025-12-17 01:10:00,24.45,debit,p2p,dining,declined
T00001042,A000048,2025-12-15 06:50:00,1868.02,credit,ach,,reversed
T00001043,A000048,2025-12-18 08:37:00,41.45,debit,ach,utilities,posted
T00001044,A000048,2025-12-31 03:31:00,46.29,debit,card,fuel,posted
T00001045,A000048,2025-12-29 11:32:00,137.08,debit,ach,travel,posted
T00001046,A000048,2025-12-24 21:20:00,2114.5,credit,ach,,posted
T00001047,A000048,2025-12-16 02:03:00,29.87,debit,card,utilities,posted
T00001048,A000048,2025-12-25 18:15:00,29.18,debit,atm,utilities,posted
T00001049,A000048,2025-12-21 15:41:00,1047.86,credit,ach,,posted
T00001050,A000048,2025-12-17 01:02:00,77.73,debit,ach,entertainment,posted
T00001051,A000049,2025-12-05 22:55:00,12.99,debit,atm,healthcare,posted
T00001052,A000049,2025-12-27 18:55:00,125.72,debit,ach,online_retail,posted
T00001053,A000049,2025-12-18 04:15:00,32.75,debit,card,fuel,posted
T00001054,A000049,2025-12-03 00:40:00,16.45,debit,card,grocery,posted
T00001055,A000049,2025-12-03 16:12:00,1663.81,credit,ach,,posted
T00001056,A000049,2025-11-29 23:32:00,22.24,debit,p2p,travel,posted
T00001057,A000049,2025-12-26 23:51:00,3874.5,credit,ach,,posted
T00001058,A000049,2025-10-03 17:48:00,25.42,debit,p2p,travel,posted
T00001059,A000049,2025-12-11 18:14:00,12.37,debit,card,travel,posted
T00001060,A000049,2025-11-09 08:25:00,34.99,debit,ach,travel,posted
T00001061,A000049,2025-10-21 01:04:00,4.09,debit,p2p,healthcare,posted
T00001062,A000049,2025-12-16 23:50:00,280.87,debit,atm,grocery,posted
T00001063,A000049,2025-11-09 06:34:00,21.93,debit,card,healthcare,posted
T00001064,A000049,2025-10-08 05:34:00,7.68,debit,card,travel,posted
T00001065,A000049,2025-08-29 03:08:00,53.35,debit,card,utilities,posted
T00001066,A000049,2025-12-20 13:13:00,12.04,debit,card,utilities,reversed
T00001067,A000049,2025-11-23 17:40:00,3939.85,credit,ach,,posted
T00001068,A000049,2025-12-14 00:15:00,3196.19,credit,ach,,posted
T00001069,A000049,2025-09-30 05:07:00,18.95,debit,p2p,entertainment,posted
T00001070,A000049,2025-10-27 21:39:00,21.95,debit,card,utilities,posted
T00001071,A000049,2025-12-21 19:51:00,13.73,debit,p2p,travel,posted
T00001072,A000049,2025-12-23 20:22:00,3487.27,credit,ach,,posted
T00001073,A000049,2025-10-21 03:51:00,65.31,debit,card,entertainment,posted
T00001074,A000049,2025-11-30 22:04:00,418.28,debit,ach,entertainment,posted
T00001075,A000049,2025-11-17 11:12:00,37.48,debit,atm,online_retail,posted
T00001076,A000049,2025-10-19 23:53:00,1603.1,credit,ach,,posted
T00001077,A000049,2025-09-13 03:38:00,101.64,debit,ach,entertainment,posted
T00001078,A000049,2025-11-05 23:48:00,41.33,debit,atm,online_retail,posted
T00001079,A000049,2025-11-03 13:18:00,873.01,credit,ach,,posted
T00001080,A000049,2025-11-20 04:44:00,25.95,debit,card,healthcare,declined
T00001081,A000050,2025-09-25 02:31:00,113.08,debit,atm,dining,posted
T00001082,A000050,2025-12-16 19:38:00,25.52,debit,card,online_retail,posted
T00001083,A000050,2025-05-25 05:36:00,3301.3,credit,ach,,posted
T00001084,A000050,2025-08-11 09:53:00,76.98,debit,atm,utilities,posted
T00001085,A000050,2025-10-15 01:19:00,22.19,debit,card,grocery,posted
T00001086,A000050,2025-05-10 18:00:00,2169.42,credit,ach,,posted
T00001087,A000050,2025-09-23 12:34:00,1055.82,credit,ach,,posted
T00001088,A000050,2025-07-27 02:21:00,2769.7,credit,ach,,posted
T00001089,A000050,2025-05-15 20:51:00,1264.46,credit,ach,,posted
T00001090,A000050,2025-06-17 23:52:00,164.8,debit,card,utilities,posted
T00001091,A000050,2025-06-27 15:35:00,2004.03,credit,ach,,posted
T00001092,A000050,2025-10-07 06:52:00,21.14,debit,p2p,healthcare,posted
T00001093,A000050,2025-08-17 08:15:00,11.42,debit,card,dining,posted
T00001094,A000050,2025-06-28 23:16:00,67.25,debit,p2p,dining,declined
T00001095,A000050,2025-07-28 04:45:00,3993.51,credit,ach,,posted
T00001096,A000050,2025-04-28 21:25:00,1263.47,credit,ach,,declined
T00001097,A000050,2025-03-24 20:13:00,14.16,debit,card,fuel,posted
T00001098,A000050,2025-05-25 11:20:00,21.49,debit,card,entertainment,posted
T00001099,A000050,2025-06-05 06:24:00,57.16,debit,card,healthcare,posted
T00001100,A000050,2025-03-24 13:29:00,3234.88,credit,ach,,posted
T00001101,A000050,2025-11-12 16:18:00,886.46,credit,ach,,posted
T00001102,A000050,2025-08-15 08:11:00,37.44,debit,card,utilities,posted
T00001103,A000050,2025-11-08 06:44:00,15.48,debit,ach,fuel,posted
T00001104,A000050,2025-07-21 20:31:00,44.02,debit,card,online_retail,posted
T00001105,A000050,2025-05-12 08:55:00,251.08,debit,card,dining,posted
T00001106,A000050,2025-05-16 07:57:00,296.82,debit,atm,fuel,posted
T00001107,A000050,2025-12-18 00:09:00,12.75,debit,p2p,healthcare,posted
T00001108,A000050,2025-03-23 15:12:00,3064.17,credit,ach,,posted
T00001109,A000050,2025-10-26 08:44:00,49.32,debit,atm,online_retail,posted
T00001110,A000050,2025-11-19 19:12:00,4.0,debit,card,entertainment,posted
T00001111,A000050,2025-12-20 10:31:00,3851.26,credit,ach,,posted
T00001112,A000050,2025-05-01 03:36:00,13.99,debit,atm,dining,posted
T00001113,A000050,2025-12-28 14:45:00,3083.09,credit,ach,,posted
T00001114,A000050,2025-05-11 01:16:00,2556.25,credit,ach,,posted
T00001115,A000050,2025-08-13 20:37:00,215.23,debit,card,utilities,posted
T00001116,A000050,2025-12-22 23:40:00,14.19,debit,card,fuel,posted
T00001117,A000050,2025-03-26 15:52:00,8.31,debit,card,utilities,posted
T00001118,A000050,2025-09-17 11:48:00,5.2,debit,card,utilities,posted
T00001119,A000051,2025-11-12 23:02:00,17.12,debit,card,utilities,posted
T00001120,A000051,2025-12-10 07:39:00,912.57,credit,ach,,posted
T00001121,A000051,2025-11-09 11:40:00,22.77,debit,card,entertainment,posted
T00001122,A000051,2025-11-04 11:02:00,635.47,debit,card,dining,posted
T00001123,A000051,2025-11-10 02:09:00,22.79,debit,card,utilities,posted
T00001124,A000051,2025-12-24 21:33:00,72.72,debit,p2p,travel,declined
T00001125,A000051,2025-12-07 05:39:00,28.86,debit,p2p,travel,posted
T00001126,A000051,2025-10-16 06:25:00,79.34,debit,card,dining,posted
T00001127,A000051,2025-10-30 01:14:00,49.55,debit,p2p,entertainment,posted
T00001128,A000051,2025-12-27 22:47:00,127.36,debit,card,travel,posted
T00001129,A000051,2025-10-24 10:33:00,17.86,debit,card,fuel,posted
T00001130,A000051,2025-12-15 06:08:00,8.86,debit,p2p,fuel,posted
T00001131,A000051,2025-10-23 13:46:00,26.83,debit,card,grocery,posted
T00001132,A000051,2025-10-15 00:49:00,10.08,debit,atm,dining,posted
T00001133,A000051,2025-11-07 15:51:00,3242.77,credit,ach,,posted
T00001134,A000052,2025-11-16 20:47:00,22.08,debit,card,utilities,posted
T00001135,A000052,2025-11-29 05:05:00,5.37,debit,p2p,entertainment,posted
T00001136,A000052,2025-12-16 02:09:00,3171.3,credit,ach,,posted
T00001137,A000052,2025-11-15 10:24:00,33.89,debit,card,grocery,posted
T00001138,A000052,2025-11-29 07:24:00,21.63,debit,p2p,utilities,posted
T00001139,A000052,2025-12-08 12:36:00,1945.4,credit,ach,,posted
T00001140,A000052,2025-12-15 07:20:00,10.79,debit,card,healthcare,posted
T00001141,A000052,2025-12-18 22:02:00,11.36,debit,p2p,entertainment,posted
T00001142,A000052,2025-11-14 19:49:00,21.8,debit,card,healthcare,posted
T00001143,A000052,2025-12-16 03:56:00,34.83,debit,atm,utilities,declined
T00001144,A000052,2025-12-24 05:35:00,31.86,debit,p2p,travel,posted
T00001145,A000052,2025-12-31 06:33:00,26.39,debit,atm,dining,posted
T00001146,A000052,2025-12-08 19:43:00,8.87,debit,atm,utilities,posted
T00001147,A000052,2025-11-23 00:15:00,54.93,debit,atm,healthcare,posted
T00001148,A000052,2025-12-02 08:05:00,9.1,debit,atm,healthcare,posted
T00001149,A000052,2025-12-31 11:48:00,72.8,debit,card,online_retail,posted
T00001150,A000052,2025-12-26 05:18:00,3529.14,credit,ach,,posted
T00001151,A000052,2025-12-25 02:30:00,26.8,debit,card,grocery,posted
T00001152,A000052,2025-12-29 03:23:00,2940.92,credit,ach,,posted
T00001153,A000052,2025-11-30 10:46:00,23.34,debit,card,online_retail,posted
T00001154,A000052,2025-12-26 20:03:00,21.12,debit,card,travel,declined
T00001155,A000052,2025-12-05 06:53:00,119.43,debit,card,healthcare,posted
T00001156,A000052,2025-11-22 03:05:00,2599.49,credit,ach,,posted
T00001157,A000052,2025-12-29 03:34:00,3914.57,credit,ach,,posted
T00001158,A000052,2025-11-18 20:43:00,1258.74,credit,ach,,posted
T00001159,A000052,2025-12-03 07:02:00,298.96,debit,card,entertainment,posted
T00001160,A000052,2025-12-03 12:06:00,33.18,debit,p2p,grocery,posted
T00001161,A000052,2025-11-24 06:52:00,3337.41,credit,ach,,posted
T00001162,A000053,2025-10-10 03:35:00,2590.19,credit,ach,,posted
T00001163,A000053,2025-08-27 22:24:00,52.83,debit,atm,utilities,posted
T00001164,A000053,2025-11-25 03:46:00,55.04,debit,p2p,online_retail,posted
T00001165,A000053,2025-07-10 02:19:00,58.11,debit,card,utilities,posted
T00001166,A000053,2025-10-05 16:30:00,62.89,debit,card,fuel,posted
T00001167,A000053,2025-10-19 08:21:00,12.49,debit,card,utilities,posted
T00001168,A000053,2025-11-10 13:47:00,1783.93,credit,ach,,posted
T00001169,A000053,2025-09-20 07:31:00,0.88,debit,atm,grocery,posted
T00001170,A000053,2025-07-20 03:47:00,3231.07,credit,ach,,posted
T00001171,A000053,2025-07-06 06:55:00,34.59,debit,ach,healthcare,posted
T00001172,A000053,2025-07-18 00:24:00,2094.7,credit,ach,,posted
T00001173,A000053,2025-08-19 03:11:00,17.46,debit,card,healthcare,posted
T00001174,A000053,2025-08-11 13:36:00,2692.32,credit,ach,,posted
T00001175,A000053,2025-11-16 20:57:00,1238.01,credit,ach,,posted
T00001176,A000053,2025-09-01 09:47:00,12.85,debit,p2p,grocery,posted
T00001177,A000053,2025-10-18 06:21:00,29.4,debit,p2p,fuel,posted
T00001178,A000053,2025-08-19 07:41:00,49.68,debit,atm,online_retail,posted
T00001179,A000053,2025-12-20 00:38:00,213.61,debit,p2p,dining,posted
T00001180,A000053,2025-09-07 18:11:00,64.93,debit,card,fuel,posted
T00001181,A000053,2025-11-26 22:36:00,83.59,debit,p2p,healthcare,posted
T00001182,A000053,2025-12-11 09:53:00,51.89,debit,atm,entertainment,posted
T00001183,A000053,2025-11-06 09:09:00,22.81,debit,p2p,travel,posted
T00001184,A000053,2025-11-17 03:18:00,2251.53,credit,ach,,posted
T00001185,A000053,2025-12-01 06:11:00,65.24,debit,card,healthcare,posted
T00001186,A000053,2025-11-16 01:26:00,6.39,debit,ach,healthcare,declined
T00001187,A000053,2025-07-03 20:28:00,1255.67,credit,ach,,posted
T00001188,A000054,2025-10-19 19:14:00,682.9,debit,atm,travel,posted
T00001189,A000054,2025-10-19 04:42:00,486.88,debit,card,grocery,posted
T00001190,A000054,2025-09-20 21:07:00,162.55,debit,ach,online_retail,posted
T00001191,A000054,2025-12-30 04:25:00,15.65,debit,ach,utilities,posted
T00001192,A000054,2025-10-26 12:36:00,27.88,debit,card,grocery,posted
T00001193,A000054,2025-09-25 03:43:00,71.38,debit,card,dining,posted
T00001194,A000054,2025-07-27 08:25:00,3.73,debit,card,utilities,posted
T00001195,A000054,2025-06-18 00:53:00,31.57,debit,card,healthcare,posted
T00001196,A000054,2025-09-15 02:03:00,3928.78,credit,ach,,posted
T00001197,A000054,2025-07-29 02:05:00,74.49,debit,card,grocery,posted
T00001198,A000054,2025-09-12 16:03:00,19.38,debit,p2p,dining,posted
T00001199,A000054,2025-08-29 01:29:00,7.43,debit,card,entertainment,posted
T00001200,A000054,2025-11-15 04:03:00,17.02,debit,card,entertainment,posted
T00001201,A000054,2025-11-08 09:25:00,3000.1,credit,ach,,posted
T00001202,A000054,2025-07-13 23:25:00,27.82,debit,card,online_retail,posted
T00001203,A000054,2025-12-29 02:47:00,304.39,debit,ach,grocery,declined
T00001204,A000054,2025-10-30 22:59:00,61.98,debit,ach,utilities,posted
T00001205,A000054,2025-07-27 06:12:00,104.85,debit,card,travel,posted
T00001206,A000054,2025-09-18 03:29:00,17.44,debit,p2p,fuel,posted
T00001207,A000055,2025-11-09 13:15:00,110.59,debit,ach,entertainment,posted
T00001208,A000055,2025-11-25 12:07:00,2066.21,credit,ach,,posted
T00001209,A000055,2025-12-20 09:19:00,83.41,debit,card,healthcare,posted
T00001210,A000055,2025-10-17 03:27:00,16.86,debit,card,healthcare,posted
T00001211,A000055,2025-10-25 04:57:00,148.42,debit,card,fuel,posted
T00001212,A000055,2025-11-01 20:05:00,171.68,debit,card,dining,posted
T00001213,A000055,2025-11-14 16:59:00,9.57,debit,atm,entertainment,posted
T00001214,A000055,2025-12-28 14:14:00,75.07,debit,p2p,travel,posted
T00001215,A000055,2025-12-16 05:34:00,24.03,debit,card,entertainment,declined
T00001216,A000055,2025-10-14 15:50:00,40.88,debit,ach,dining,posted
T00001217,A000055,2025-10-19 12:55:00,15.46,debit,card,grocery,posted
T00001218,A000055,2025-10-12 12:34:00,2806.19,credit,ach,,posted
T00001219,A000056,2025-08-10 11:20:00,10.28,debit,atm,online_retail,posted
T00001220,A000056,2025-03-12 17:28:00,56.73,debit,card,dining,posted
T00001221,A000056,2025-10-21 05:04:00,7.89,debit,ach,grocery,posted
T00001222,A000056,2025-06-22 21:17:00,2682.03,credit,ach,,posted
T00001223,A000056,2025-10-28 17:55:00,1054.18,credit,ach,,posted
T00001224,A000056,2024-10-11 10:51:00,2618.08,credit,ach,,posted
T00001225,A000056,2025-08-27 17:27:00,57.17,debit,p2p,utilities,posted
T00001226,A000056,2025-02-21 19:21:00,50.48,debit,card,dining,posted
T00001227,A000056,2025-05-11 20:34:00,12.23,debit,ach,healthcare,posted
T00001228,A000056,2025-06-25 21:11:00,2654.54,credit,ach,,posted
T00001229,A000056,2025-10-26 02:39:00,2697.37,credit,ach,,declined
T00001230,A000056,2025-06-02 19:34:00,54.8,debit,p2p,healthcare,posted
T00001231,A000056,2025-09-24 04:53:00,15.97,debit,ach,grocery,posted
T00001232,A000056,2025-06-21 10:43:00,26.74,debit,atm,travel,posted
T00001233,A000056,2025-09-13 08:56:00,3631.51,credit,ach,,posted
T00001234,A000056,2025-04-09 12:46:00,69.35,debit,card,dining,posted
T00001235,A000056,2025-12-26 17:11:00,21.51,debit,card,fuel,posted
T00001236,A000056,2025-04-11 14:37:00,41.87,debit,card,fuel,posted
T00001237,A000056,2025-10-05 18:54:00,8.21,debit,card,dining,posted
T00001238,A000057,2025-08-19 02:43:00,17.6,debit,card,entertainment,posted
T00001239,A000057,2025-09-09 12:10:00,6.93,debit,card,online_retail,posted
T00001240,A000057,2025-10-21 03:35:00,26.3,debit,atm,entertainment,posted
T00001241,A000057,2025-09-20 17:20:00,1621.54,credit,ach,,posted
T00001242,A000057,2025-12-05 09:52:00,186.53,debit,p2p,dining,posted
T00001243,A000057,2025-07-12 15:38:00,6.52,debit,atm,online_retail,posted
T00001244,A000057,2025-08-21 01:05:00,16.15,debit,card,utilities,posted
T00001245,A000057,2025-09-05 10:12:00,3051.26,credit,ach,,posted
T00001246,A000057,2025-08-07 13:30:00,83.72,debit,card,grocery,posted
T00001247,A000057,2025-11-19 08:54:00,3524.91,credit,ach,,posted
T00001248,A000057,2025-08-25 02:02:00,13.5,debit,p2p,dining,posted
T00001249,A000057,2025-10-26 15:35:00,3063.76,credit,ach,,posted
T00001250,A000057,2025-10-14 00:17:00,12.99,debit,p2p,online_retail,posted
T00001251,A000057,2025-07-19 10:35:00,83.78,debit,card,online_retail,posted
T00001252,A000057,2025-11-10 16:26:00,28.38,debit,card,fuel,posted
T00001253,A000058,2025-11-11 10:47:00,11.85,debit,atm,healthcare,declined
T00001254,A000058,2025-09-23 22:53:00,17.56,debit,p2p,dining,declined
T00001255,A000058,2025-12-28 13:21:00,3764.01,credit,ach,,posted
T00001256,A000058,2025-07-14 01:09:00,24.93,debit,atm,travel,posted
T00001257,A000058,2025-09-02 04:41:00,24.92,debit,card,healthcare,posted
T00001258,A000058,2025-08-19 21:06:00,15.33,debit,p2p,healthcare,posted
T00001259,A000058,2025-12-09 22:31:00,3870.83,credit,ach,,posted
T00001260,A000058,2025-08-29 13:28:00,193.56,debit,card,healthcare,posted
T00001261,A000058,2025-07-05 04:23:00,90.92,debit,card,travel,posted
T00001262,A000058,2025-08-17 22:34:00,64.1,debit,p2p,fuel,posted
T00001263,A000058,2025-12-16 00:40:00,10.78,debit,card,dining,posted
T00001264,A000058,2025-10-18 08:31:00,3011.41,credit,ach,,posted
T00001265,A000058,2025-07-10 17:10:00,18.91,debit,atm,entertainment,posted
T00001266,A000058,2025-08-19 11:30:00,38.28,debit,card,healthcare,posted
T00001267,A000058,2025-11-27 01:20:00,815.82,credit,ach,,posted
T00001268,A000058,2025-12-22 23:29:00,47.3,debit,card,healthcare,posted
T00001269,A000058,2025-08-19 22:28:00,44.82,debit,ach,travel,posted
T00001270,A000058,2025-08-28 18:41:00,80.98,debit,ach,fuel,declined
T00001271,A000058,2025-10-21 10:42:00,11.64,debit,p2p,fuel,posted
T00001272,A000058,2025-08-15 10:41:00,124.84,debit,card,utilities,posted
T00001273,A000058,2025-08-04 15:46:00,2.68,debit,card,travel,posted
T00001274,A000058,2025-11-27 10:16:00,565.35,debit,ach,dining,posted
T00001275,A000058,2025-10-26 19:52:00,41.17,debit,card,grocery,posted
T00001276,A000058,2025-12-21 19:29:00,6.18,debit,card,fuel,posted
T00001277,A000058,2025-11-23 16:15:00,598.27,credit,ach,,posted
T00001278,A000058,2025-07-29 04:50:00,139.16,debit,card,travel,posted
T00001279,A000059,2025-01-30 17:31:00,35.33,debit,p2p,entertainment,posted
T00001280,A000059,2025-01-02 22:47:00,233.24,debit,card,fuel,posted
T00001281,A000059,2025-06-17 12:59:00,3432.49,credit,ach,,posted
T00001282,A000059,2025-11-07 01:12:00,3922.96,credit,ach,,posted
T00001283,A000059,2025-04-03 20:05:00,138.36,debit,card,entertainment,posted
T00001284,A000059,2025-11-18 05:13:00,179.97,debit,card,grocery,posted
T00001285,A000059,2025-08-12 18:10:00,85.98,debit,card,grocery,posted
T00001286,A000060,2025-09-05 08:41:00,33.81,debit,card,grocery,posted
T00001287,A000060,2025-09-03 02:13:00,33.1,debit,card,fuel,posted
T00001288,A000060,2025-10-15 04:46:00,1225.36,credit,ach,,posted
T00001289,A000060,2025-10-28 22:29:00,54.81,debit,card,dining,posted
T00001290,A000060,2025-08-11 12:06:00,1132.47,credit,ach,,posted
T00001291,A000060,2025-11-06 01:28:00,1700.29,credit,ach,,posted
T00001292,A000060,2025-09-18 14:59:00,3739.19,credit,ach,,posted
T00001293,A000060,2025-06-29 01:18:00,27.73,debit,p2p,grocery,posted
T00001294,A000060,2025-08-30 20:56:00,16.26,debit,card,utilities,posted
T00001295,A000060,2025-05-29 09:01:00,76.57,debit,card,online_retail,posted
T00001296,A000060,2025-09-30 21:20:00,14.28,debit,card,grocery,posted
T00001297,A000060,2025-10-04 06:44:00,122.15,debit,ach,dining,posted
T00001298,A000060,2025-11-10 20:00:00,7.61,debit,p2p,online_retail,posted
T00001299,A000060,2025-10-30 18:31:00,61.24,debit,ach,dining,posted
T00001300,A000060,2025-06-23 13:59:00,20.71,debit,card,fuel,posted
T00001301,A000060,2025-05-12 08:04:00,26.88,debit,card,entertainment,posted
T00001302,A000060,2025-09-09 08:03:00,2667.99,credit,ach,,posted
T00001303,A000061,2025-11-30 13:55:00,27.86,debit,card,dining,posted
T00001304,A000061,2025-10-17 05:52:00,439.06,debit,card,travel,posted
T00001305,A000061,2025-08-16 19:23:00,24.0,debit,atm,entertainment,posted
T00001306,A000061,2025-10-29 19:04:00,66.53,debit,card,online_retail,posted
T00001307,A000061,2025-09-25 07:16:00,15.57,debit,card,grocery,posted
T00001308,A000061,2025-09-11 16:07:00,593.26,credit,ach,,posted
T00001309,A000061,2025-11-25 17:14:00,1895.23,credit,ach,,posted
T00001310,A000061,2025-09-04 15:10:00,25.61,debit,p2p,grocery,posted
T00001311,A000061,2025-09-08 10:45:00,795.52,credit,ach,,posted
T00001312,A000061,2025-11-24 14:06:00,2116.81,credit,ach,,posted
T00001313,A000062,2025-03-16 09:23:00,153.38,debit,card,healthcare,posted
T00001314,A000062,2025-05-31 00:01:00,10.32,debit,p2p,online_retail,posted
T00001315,A000062,2025-09-27 19:16:00,10.43,debit,card,travel,reversed
T00001316,A000062,2025-06-02 19:25:00,3334.53,credit,ach,,posted
T00001317,A000062,2025-06-30 13:56:00,45.03,debit,card,entertainment,posted
T00001318,A000062,2025-03-21 08:25:00,41.39,debit,card,dining,posted
T00001319,A000062,2025-12-18 15:42:00,59.11,debit,card,dining,posted
T00001320,A000062,2025-12-05 22:54:00,73.07,debit,card,travel,posted
T00001321,A000062,2025-03-25 10:50:00,1394.33,credit,ach,,posted
T00001322,A000062,2025-03-11 18:19:00,46.24,debit,ach,entertainment,posted
T00001323,A000063,2025-10-17 14:37:00,10.88,debit,p2p,utilities,posted
T00001324,A000063,2025-11-09 03:09:00,1503.29,credit,ach,,posted
T00001325,A000063,2025-11-22 18:17:00,3408.21,credit,ach,,posted
T00001326,A000063,2025-11-16 05:13:00,48.97,debit,card,entertainment,posted
T00001327,A000063,2025-09-30 22:52:00,12.07,debit,atm,fuel,posted
T00001328,A000063,2025-11-20 01:32:00,10.51,debit,card,grocery,posted
T00001329,A000063,2025-12-15 20:16:00,3758.11,credit,ach,,posted
T00001330,A000063,2025-10-02 07:23:00,90.45,debit,p2p,entertainment,posted
T00001331,A000063,2025-10-06 02:28:00,78.0,debit,atm,utilities,posted
T00001332,A000064,2025-05-16 02:34:00,87.51,debit,card,fuel,posted
T00001333,A000064,2025-09-01 11:33:00,182.78,debit,ach,online_retail,posted
T00001334,A000064,2025-05-11 17:11:00,589.93,credit,ach,,posted
T00001335,A000064,2025-08-24 15:20:00,85.37,debit,card,utilities,posted
T00001336,A000064,2025-06-01 20:42:00,1052.41,credit,ach,,posted
T00001337,A000064,2025-10-28 18:17:00,44.58,debit,p2p,fuel,posted
T00001338,A000064,2025-11-17 12:37:00,226.09,debit,atm,grocery,posted
T00001339,A000064,2025-10-06 11:14:00,4.59,debit,p2p,healthcare,posted
T00001340,A000064,2025-08-26 01:31:00,44.55,debit,card,travel,posted
T00001341,A000064,2025-08-13 11:06:00,23.63,debit,atm,healthcare,posted
T00001342,A000064,2025-10-19 01:56:00,22.8,debit,p2p,healthcare,posted
T00001343,A000064,2025-07-11 23:16:00,28.07,debit,p2p,utilities,posted
T00001344,A000064,2025-08-30 00:09:00,119.23,debit,card,healthcare,posted
T00001345,A000064,2025-09-25 04:00:00,60.44,debit,card,utilities,posted
T00001346,A000064,2025-09-22 22:32:00,643.81,credit,ach,,posted
T00001347,A000064,2025-07-14 12:30:00,3956.33,credit,ach,,posted
T00001348,A000064,2025-10-10 18:04:00,41.5,debit,card,dining,posted
T00001349,A000064,2025-12-07 03:37:00,44.13,debit,card,healthcare,posted
T00001350,A000064,2025-07-02 15:46:00,17.69,debit,ach,online_retail,posted
T00001351,A000064,2025-11-04 00:58:00,3672.5,credit,ach,,posted
T00001352,A000064,2025-07-25 15:09:00,46.96,debit,atm,grocery,posted
T00001353,A000064,2025-11-03 09:17:00,2485.27,credit,ach,,posted
T00001354,A000064,2025-05-25 15:48:00,7.1,debit,atm,utilities,posted
T00001355,A000064,2025-10-02 17:40:00,2393.65,credit,ach,,posted
T00001356,A000064,2025-05-09 12:29:00,14.37,debit,ach,utilities,posted
T00001357,A000064,2025-12-12 03:50:00,1642.57,credit,ach,,posted
T00001358,A000064,2025-08-17 20:24:00,40.67,debit,p2p,travel,posted
T00001359,A000064,2025-10-04 12:44:00,7.63,debit,ach,utilities,posted
T00001360,A000064,2025-12-16 02:20:00,18.23,debit,atm,grocery,posted
T00001361,A000064,2025-10-13 04:46:00,9.37,debit,ach,grocery,posted
T00001362,A000064,2025-10-08 17:48:00,64.42,debit,card,travel,posted
T00001363,A000064,2025-11-06 20:08:00,2527.44,credit,ach,,posted
T00001364,A000064,2025-10-09 01:24:00,48.01,debit,card,utilities,posted
T00001365,A000064,2025-10-04 08:11:00,3721.78,credit,ach,,reversed
T00001366,A000064,2025-10-30 08:50:00,164.74,debit,ach,entertainment,posted
T00001367,A000064,2025-07-31 13:16:00,3370.67,credit,ach,,posted
T00001368,A000064,2025-07-28 13:55:00,64.46,debit,card,entertainment,posted
T00001369,A000065,2025-10-10 07:12:00,10.88,debit,ach,fuel,posted
T00001370,A000065,2025-09-06 13:21:00,9.33,debit,card,online_retail,posted
T00001371,A000065,2025-08-03 00:44:00,13.67,debit,card,fuel,posted
T00001372,A000065,2025-09-05 14:27:00,29.72,debit,card,healthcare,posted
T00001373,A000065,2025-10-09 19:04:00,14.5,debit,atm,dining,posted
T00001374,A000065,2025-11-26 08:34:00,35.55,debit,p2p,healthcare,posted
T00001375,A000065,2025-11-24 17:08:00,776.96,credit,ach,,posted
T00001376,A000065,2025-10-20 14:59:00,26.76,debit,card,healthcare,posted
T00001377,A000065,2025-08-18 05:03:00,1379.3,credit,ach,,posted
T00001378,A000065,2025-11-20 10:14:00,115.1,debit,p2p,grocery,posted
T00001379,A000065,2025-10-18 20:10:00,14.43,debit,card,fuel,posted
T00001380,A000065,2025-12-10 22:48:00,1635.05,credit,ach,,posted
T00001381,A000065,2025-09-27 01:02:00,27.8,debit,card,utilities,posted
T00001382,A000065,2025-10-15 23:09:00,15.4,debit,atm,entertainment,posted
T00001383,A000065,2025-12-05 19:48:00,101.87,debit,card,entertainment,posted
T00001384,A000065,2025-10-30 06:15:00,71.82,debit,card,entertainment,posted
T00001385,A000065,2025-09-08 17:34:00,28.45,debit,atm,grocery,posted
T00001386,A000065,2025-08-07 19:50:00,14.81,debit,card,healthcare,posted
T00001387,A000065,2025-09-17 10:46:00,71.63,debit,card,online_retail,posted
T00001388,A000065,2025-10-07 00:02:00,77.44,debit,atm,healthcare,posted
T00001389,A000065,2025-11-27 09:32:00,81.26,debit,card,utilities,posted
T00001390,A000065,2025-10-21 08:16:00,67.21,debit,p2p,online_retail,posted
T00001391,A000065,2025-11-19 19:39:00,2966.02,credit,ach,,posted
T00001392,A000065,2025-07-24 20:43:00,13.96,debit,card,fuel,posted
T00001393,A000066,2025-07-13 21:16:00,259.53,debit,p2p,healthcare,declined
T00001394,A000066,2025-07-21 16:49:00,3603.54,credit,ach,,posted
T00001395,A000066,2024-11-24 09:20:00,282.6,debit,card,utilities,posted
T00001396,A000066,2025-10-07 04:16:00,88.0,debit,atm,healthcare,posted
T00001397,A000066,2025-01-21 08:08:00,167.25,debit,p2p,entertainment,posted
T00001398,A000066,2025-02-21 07:36:00,16.86,debit,atm,entertainment,posted
T00001399,A000066,2025-12-16 05:56:00,34.0,debit,p2p,travel,posted
T00001400,A000066,2024-12-25 01:52:00,1147.9,credit,ach,,posted
T00001401,A000066,2024-10-25 00:04:00,23.44,debit,card,grocery,posted
T00001402,A000066,2025-07-11 20:38:00,54.79,debit,ach,healthcare,posted
T00001403,A000066,2025-07-31 02:52:00,11.3,debit,card,grocery,posted
T00001404,A000066,2025-02-21 17:18:00,67.8,debit,card,grocery,posted
T00001405,A000066,2025-03-14 13:50:00,182.12,debit,card,online_retail,posted
T00001406,A000066,2025-08-21 10:53:00,24.61,debit,card,grocery,posted
T00001407,A000066,2025-12-15 08:21:00,43.35,debit,card,online_retail,posted
T00001408,A000066,2025-10-11 01:27:00,101.09,debit,card,dining,posted
T00001409,A000066,2025-09-20 12:58:00,288.94,debit,atm,travel,declined
T00001410,A000066,2024-10-24 14:34:00,12.76,debit,p2p,utilities,posted
T00001411,A000066,2025-06-21 01:33:00,19.7,debit,card,healthcare,posted
T00001412,A000066,2025-02-04 09:35:00,2370.04,credit,ach,,posted
T00001413,A000066,2025-09-07 12:10:00,30.84,debit,card,healthcare,posted
T00001414,A000066,2025-07-17 20:36:00,2351.99,credit,ach,,posted
T00001415,A000066,2025-09-17 15:50:00,22.86,debit,p2p,healthcare,posted
T00001416,A000066,2025-06-13 02:36:00,16.65,debit,card,fuel,posted
T00001417,A000066,2024-12-07 04:27:00,67.09,debit,atm,fuel,posted
T00001418,A000066,2025-03-27 02:35:00,216.38,debit,card,entertainment,posted
T00001419,A000066,2025-07-12 10:07:00,25.75,debit,atm,fuel,posted
T00001420,A000066,2025-05-09 19:11:00,119.15,debit,card,dining,posted
T00001421,A000066,2025-08-23 12:08:00,17.38,debit,ach,online_retail,posted
T00001422,A000066,2024-12-01 14:03:00,7.35,debit,card,fuel,posted
T00001423,A000066,2025-08-03 11:43:00,28.66,debit,card,healthcare,posted
T00001424,A000066,2024-12-27 00:54:00,32.94,debit,p2p,grocery,posted
T00001425,A000066,2024-11-18 02:40:00,1.45,debit,ach,fuel,posted
T00001426,A000066,2025-01-01 08:54:00,210.68,debit,atm,utilities,posted
T00001427,A000066,2024-12-08 15:33:00,143.16,debit,card,utilities,posted
T00001428,A000066,2025-02-24 02:08:00,95.0,debit,card,grocery,posted
T00001429,A000066,2024-11-23 11:35:00,52.53,debit,card,online_retail,declined
T00001430,A000067,2025-11-16 14:56:00,19.02,debit,atm,grocery,posted
T00001431,A000067,2025-01-04 14:03:00,23.59,debit,p2p,online_retail,posted
T00001432,A000067,2024-09-12 15:16:00,169.76,debit,p2p,utilities,posted
T00001433,A000067,2025-02-24 22:18:00,2760.51,credit,ach,,posted
T00001434,A000067,2025-06-04 14:26:00,83.94,debit,ach,online_retail,posted
T00001435,A000067,2025-01-19 08:30:00,19.0,debit,p2p,fuel,declined
T00001436,A000067,2024-12-22 09:51:00,3.88,debit,card,grocery,posted
T00001437,A000067,2024-10-03 04:22:00,53.06,debit,atm,fuel,posted
T00001438,A000067,2025-12-10 09:13:00,198.66,debit,ach,utilities,posted
T00001439,A000067,2025-12-05 07:21:00,9.28,debit,ach,utilities,declined
T00001440,A000067,2025-04-20 01:47:00,10.36,debit,atm,utilities,posted
T00001441,A000067,2025-12-30 17:32:00,1562.74,credit,ach,,posted
T00001442,A000067,2025-10-24 07:24:00,132.03,debit,card,healthcare,posted
T00001443,A000067,2025-06-13 01:21:00,27.99,debit,card,grocery,posted
T00001444,A000067,2025-04-27 19:21:00,22.5,debit,card,fuel,posted
T00001445,A000067,2024-09-14 19:02:00,9.77,debit,card,grocery,posted
T00001446,A000068,2025-12-23 21:38:00,1317.5,credit,ach,,declined
T00001447,A000068,2025-12-24 14:49:00,20.45,debit,atm,grocery,posted
T00001448,A000068,2025-12-27 22:28:00,59.86,debit,card,online_retail,posted
T00001449,A000068,2025-12-27 22:05:00,47.0,debit,card,online_retail,posted
T00001450,A000068,2025-12-23 00:10:00,145.82,debit,card,dining,posted
T00001451,A000068,2025-12-28 06:55:00,51.0,debit,atm,online_retail,posted
T00001452,A000068,2025-12-27 01:53:00,153.97,debit,card,entertainment,posted
T00001453,A000068,2025-12-23 11:45:00,76.6,debit,card,dining,posted
T00001454,A000068,2025-12-29 09:43:00,103.06,debit,p2p,utilities,posted
T00001455,A000068,2025-12-31 09:40:00,13.53,debit,atm,online_retail,posted
T00001456,A000068,2025-12-25 17:22:00,53.72,debit,card,online_retail,posted
T00001457,A000068,2025-12-23 01:26:00,43.9,debit,atm,grocery,posted
T00001458,A000068,2025-12-29 17:03:00,1854.0,credit,ach,,posted
T00001459,A000068,2025-12-27 01:49:00,14.14,debit,card,fuel,posted
T00001460,A000068,2025-12-26 21:12:00,13.96,debit,card,travel,posted
T00001461,A000068,2025-12-29 15:29:00,67.25,debit,card,grocery,posted
T00001462,A000068,2025-12-28 00:04:00,111.3,debit,card,healthcare,posted
T00001463,A000068,2025-12-24 14:34:00,48.35,debit,atm,fuel,posted
T00001464,A000068,2025-12-26 09:21:00,106.91,debit,atm,grocery,posted
T00001465,A000068,2025-12-23 20:48:00,38.99,debit,card,travel,posted
T00001466,A000068,2025-12-24 02:24:00,18.99,debit,card,utilities,posted
T00001467,A000068,2025-12-28 14:21:00,149.4,debit,p2p,fuel,posted
T00001468,A000068,2025-12-29 09:10:00,16.3,debit,card,grocery,posted
T00001469,A000068,2025-12-25 14:23:00,16.08,debit,ach,grocery,posted
T00001470,A000070,2025-09-06 14:07:00,1704.88,credit,ach,,posted
T00001471,A000070,2025-12-06 17:00:00,2010.07,credit,ach,,declined
T00001472,A000070,2025-09-18 20:50:00,44.47,debit,p2p,dining,posted
T00001473,A000070,2025-12-31 15:46:00,1781.15,credit,ach,,posted
T00001474,A000070,2025-09-19 03:32:00,36.28,debit,p2p,dining,posted
T00001475,A000070,2025-12-27 10:36:00,61.34,debit,atm,dining,posted
T00001476,A000070,2025-11-11 01:45:00,3973.45,credit,ach,,posted
T00001477,A000070,2025-10-06 15:34:00,368.67,debit,card,healthcare,posted
T00001478,A000070,2025-09-25 16:58:00,23.51,debit,card,fuel,posted
T00001479,A000070,2025-12-11 15:10:00,1121.71,credit,ach,,posted
T00001480,A000070,2025-10-13 17:08:00,70.33,debit,atm,fuel,posted
T00001481,A000070,2025-09-17 08:17:00,20.46,debit,card,dining,posted
T00001482,A000070,2025-10-22 18:38:00,95.15,debit,atm,grocery,posted
T00001483,A000071,2025-09-05 08:59:00,10.7,debit,card,fuel,posted
T00001484,A000071,2025-09-19 07:23:00,24.63,debit,card,healthcare,posted
T00001485,A000071,2025-09-07 11:45:00,29.53,debit,p2p,dining,posted
T00001486,A000071,2025-10-20 04:49:00,580.21,credit,ach,,posted
T00001487,A000071,2025-09-15 13:43:00,114.07,debit,ach,utilities,posted
T00001488,A000071,2025-09-03 05:37:00,35.17,debit,card,utilities,posted
T00001489,A000071,2025-11-02 02:39:00,8.67,debit,card,dining,posted
T00001490,A000071,2025-08-27 16:03:00,38.68,debit,ach,healthcare,posted
T00001491,A000071,2025-09-03 12:14:00,34.27,debit,card,grocery,posted
T00001492,A000071,2025-11-05 08:19:00,27.71,debit,card,utilities,posted
T00001493,A000071,2025-10-11 22:14:00,22.55,debit,p2p,healthcare,posted
T00001494,A000071,2025-10-11 04:54:00,971.41,credit,ach,,posted
T00001495,A000071,2025-09-23 02:18:00,4.68,debit,atm,fuel,posted
T00001496,A000071,2025-11-19 20:35:00,20.66,debit,atm,grocery,posted
T00001497,A000071,2025-12-28 19:43:00,14.94,debit,card,dining,posted
T00001498,A000071,2025-11-29 08:14:00,1685.92,credit,ach,,posted
T00001499,A000071,2025-09-27 23:18:00,25.93,debit,p2p,travel,posted
T00001500,A000071,2025-10-29 06:52:00,2913.34,credit,ach,,posted
T00001501,A000072,2025-12-15 21:33:00,72.48,debit,atm,utilities,posted
T00001502,A000072,2025-11-18 14:25:00,5.79,debit,atm,online_retail,posted
T00001503,A000072,2025-04-09 07:27:00,23.71,debit,ach,healthcare,posted
T00001504,A000072,2025-08-07 16:24:00,12.86,debit,card,fuel,posted
T00001505,A000072,2025-03-31 09:23:00,2942.09,credit,ach,,posted
T00001506,A000072,2025-03-26 19:58:00,35.68,debit,card,healthcare,posted
T00001507,A000072,2025-03-21 11:36:00,17.93,debit,card,travel,posted
T00001508,A000072,2025-12-26 08:08:00,3219.22,credit,ach,,posted
T00001509,A000072,2024-12-06 08:11:00,93.74,debit,atm,utilities,posted
T00001510,A000072,2025-08-01 06:15:00,12.12,debit,card,utilities,posted
T00001511,A000072,2025-03-14 06:45:00,28.85,debit,atm,entertainment,posted
T00001512,A000072,2025-09-20 00:01:00,47.65,debit,p2p,online_retail,posted
T00001513,A000072,2024-12-18 03:05:00,36.33,debit,p2p,utilities,posted
T00001514,A000072,2025-01-22 11:52:00,9.76,debit,ach,utilities,posted
T00001515,A000072,2025-09-20 20:56:00,7.1,debit,atm,fuel,posted
T00001516,A000072,2025-11-28 21:01:00,26.26,debit,atm,fuel,posted
T00001517,A000072,2025-05-22 14:28:00,2004.91,credit,ach,,posted
T00001518,A000072,2025-05-03 06:12:00,43.04,debit,atm,online_retail,posted
T00001519,A000072,2025-11-27 14:59:00,17.77,debit,card,grocery,posted
T00001520,A000072,2024-12-23 15:54:00,50.47,debit,card,online_retail,posted
T00001521,A000072,2025-12-14 06:07:00,41.73,debit,p2p,dining,posted
T00001522,A000072,2025-01-26 12:33:00,63.99,debit,card,grocery,posted
T00001523,A000072,2025-01-16 12:39:00,69.73,debit,ach,fuel,posted
T00001524,A000072,2024-10-20 19:41:00,3041.89,credit,ach,,posted
T00001525,A000072,2025-11-12 07:22:00,1807.35,credit,ach,,posted
T00001526,A000072,2025-12-04 21:43:00,1321.21,credit,ach,,posted
T00001527,A000072,2025-08-30 22:49:00,9.77,debit,p2p,fuel,posted
T00001528,A000072,2025-04-11 15:44:00,61.83,debit,card,healthcare,posted
T00001529,A000073,2025-12-23 01:30:00,157.18,debit,ach,grocery,posted
T00001530,A000073,2025-12-24 19:31:00,8.88,debit,card,travel,posted
T00001531,A000073,2025-12-19 00:31:00,1887.49,credit,ach,,posted
T00001532,A000073,2025-12-31 17:14:00,41.57,debit,card,dining,declined
T00001533,A000073,2025-12-25 21:50:00,22.59,debit,card,utilities,posted
T00001534,A000073,2025-12-25 06:20:00,20.57,debit,card,fuel,posted
T00001535,A000073,2025-12-20 22:32:00,871.46,credit,ach,,posted
T00001536,A000073,2025-12-22 04:22:00,102.15,debit,card,fuel,posted
T00001537,A000073,2025-12-23 12:03:00,139.99,debit,card,travel,posted
T00001538,A000073,2025-12-18 12:15:00,76.4,debit,card,dining,posted
T00001539,A000073,2025-12-19 17:03:00,61.56,debit,card,travel,posted
T00001540,A000073,2025-12-28 10:14:00,48.85,debit,card,dining,posted
T00001541,A000073,2025-12-24 05:25:00,33.82,debit,ach,travel,posted
T00001542,A000073,2025-12-29 15:42:00,16.08,debit,card,dining,posted
T00001543,A000073,2025-12-24 23:17:00,2481.79,credit,ach,,posted
T00001544,A000073,2025-12-23 10:27:00,47.57,debit,p2p,healthcare,posted
T00001545,A000073,2025-12-21 18:20:00,32.15,debit,card,entertainment,posted
T00001546,A000073,2025-12-30 04:01:00,28.98,debit,card,dining,posted
T00001547,A000073,2025-12-28 15:06:00,2815.71,credit,ach,,posted
T00001548,A000073,2025-12-19 06:36:00,3007.58,credit,ach,,posted
T00001549,A000073,2025-12-27 12:29:00,50.67,debit,p2p,entertainment,posted
T00001550,A000073,2025-12-20 13:31:00,3.39,debit,card,fuel,posted
T00001551,A000073,2025-12-24 21:48:00,3857.0,credit,ach,,posted
T00001552,A000073,2025-12-26 17:39:00,37.28,debit,atm,travel,posted
T00001553,A000073,2025-12-28 18:57:00,50.17,debit,p2p,dining,posted
T00001554,A000073,2025-12-24 10:19:00,3838.35,credit,ach,,posted
T00001555,A000073,2025-12-30 18:40:00,19.39,debit,card,dining,posted
T00001556,A000073,2025-12-23 00:49:00,68.38,debit,card,entertainment,posted
T00001557,A000073,2025-12-22 15:00:00,7.56,debit,p2p,entertainment,posted
T00001558,A000073,2025-12-22 17:42:00,32.83,debit,ach,entertainment,posted
T00001559,A000073,2025-12-19 13:52:00,3616.84,credit,ach,,posted
T00001560,A000073,2025-12-18 08:54:00,22.03,debit,card,grocery,posted
T00001561,A000073,2025-12-24 08:36:00,12.13,debit,card,dining,posted
T00001562,A000073,2025-12-27 20:22:00,2935.81,credit,ach,,posted
T00001563,A000073,2025-12-21 01:44:00,31.22,debit,card,online_retail,posted
T00001564,A000073,2025-12-26 05:29:00,16.13,debit,card,online_retail,posted
T00001565,A000073,2025-12-26 19:54:00,39.67,debit,ach,online_retail,posted
T00001566,A000074,2025-05-26 07:19:00,96.69,debit,card,utilities,posted
T00001567,A000074,2024-05-20 09:39:00,2492.85,credit,ach,,posted
T00001568,A000074,2024-11-12 19:15:00,92.66,debit,p2p,entertainment,posted
T00001569,A000074,2025-10-16 08:56:00,226.62,debit,card,fuel,posted
T00001570,A000074,2025-11-04 10:32:00,46.8,debit,card,utilities,posted
T00001571,A000074,2024-08-15 03:00:00,74.09,debit,card,fuel,posted
T00001572,A000074,2025-07-10 01:30:00,137.37,debit,card,utilities,posted
T00001573,A000074,2025-05-03 11:21:00,93.94,debit,card,grocery,posted
T00001574,A000074,2024-04-19 09:17:00,87.0,debit,card,fuel,posted
T00001575,A000074,2024-10-21 18:03:00,24.87,debit,card,travel,posted
T00001576,A000074,2025-06-22 10:54:00,14.27,debit,ach,travel,posted
T00001577,A000074,2025-02-15 20:43:00,198.28,debit,ach,dining,posted
T00001578,A000074,2025-11-21 06:04:00,23.55,debit,card,online_retail,posted
T00001579,A000074,2024-10-19 02:04:00,2397.14,credit,ach,,posted
T00001580,A000074,2024-10-02 09:56:00,3400.85,credit,ach,,posted
T00001581,A000074,2024-07-23 01:54:00,1585.1,credit,ach,,posted
T00001582,A000074,2024-12-03 13:13:00,27.09,debit,p2p,healthcare,posted
T00001583,A000074,2025-09-11 00:02:00,11.1,debit,card,utilities,posted
T00001584,A000074,2025-10-24 01:09:00,69.88,debit,ach,entertainment,posted
T00001585,A000074,2024-05-11 14:16:00,631.39,credit,ach,,posted
T00001586,A000074,2025-01-27 01:09:00,3278.79,credit,ach,,posted
T00001587,A000074,2024-04-24 05:10:00,42.99,debit,ach,online_retail,posted
T00001588,A000074,2025-02-14 23:55:00,57.64,debit,card,fuel,posted
T00001589,A000074,2024-11-01 00:08:00,1655.66,credit,ach,,posted
T00001590,A000074,2024-06-25 06:13:00,18.28,debit,card,healthcare,posted
T00001591,A000074,2024-05-15 23:44:00,3653.16,credit,ach,,posted
T00001592,A000074,2025-03-15 00:28:00,10.2,debit,p2p,online_retail,posted
T00001593,A000074,2025-01-23 07:57:00,6.94,debit,card,grocery,posted
T00001594,A000074,2024-08-31 07:47:00,409.26,debit,card,travel,posted
T00001595,A000074,2024-12-09 22:58:00,16.06,debit,card,entertainment,posted
T00001596,A000074,2025-10-23 23:51:00,55.18,debit,atm,fuel,declined
T00001597,A000075,2025-10-04 01:56:00,14.05,debit,ach,utilities,posted
T00001598,A000075,2025-11-05 14:46:00,72.92,debit,card,utilities,posted
T00001599,A000075,2025-11-15 19:59:00,19.59,debit,p2p,entertainment,posted
T00001600,A000075,2025-11-22 15:40:00,2270.26,credit,ach,,posted
T00001601,A000075,2025-09-20 04:20:00,115.69,debit,atm,online_retail,posted
T00001602,A000075,2025-12-03 17:18:00,14.83,debit,card,travel,posted
T00001603,A000075,2025-12-04 02:50:00,954.97,credit,ach,,posted
T00001604,A000075,2025-09-03 03:33:00,34.14,debit,card,healthcare,posted
T00001605,A000075,2025-12-01 19:03:00,30.5,debit,ach,utilities,posted
T00001606,A000075,2025-12-08 20:59:00,1028.68,credit,ach,,posted
T00001607,A000075,2025-12-30 19:39:00,17.83,debit,atm,dining,posted
T00001608,A000075,2025-09-19 05:09:00,12.55,debit,card,fuel,posted
T00001609,A000075,2025-12-15 09:09:00,1814.88,credit,ach,,posted
T00001610,A000076,2025-05-31 18:56:00,69.65,debit,card,grocery,posted
T00001611,A000076,2025-04-28 06:18:00,11.81,debit,card,utilities,posted
T00001612,A000076,2025-10-10 15:32:00,24.28,debit,card,online_retail,posted
T00001613,A000076,2025-07-30 16:43:00,154.1,debit,card,entertainment,posted
T00001614,A000076,2025-12-03 22:57:00,1994.99,credit,ach,,posted
T00001615,A000076,2025-04-09 19:47:00,18.88,debit,ach,entertainment,posted
T00001616,A000076,2025-04-15 05:58:00,11.92,debit,ach,online_retail,posted
T00001617,A000076,2025-03-31 19:08:00,1791.1,credit,ach,,posted
T00001618,A000076,2025-04-08 04:37:00,18.74,debit,card,online_retail,posted
T00001619,A000076,2025-11-11 12:14:00,26.44,debit,card,healthcare,posted
T00001620,A000076,2025-12-02 23:18:00,24.11,debit,card,grocery,posted
T00001621,A000076,2025-10-27 10:06:00,3033.48,credit,ach,,posted
T00001622,A000076,2025-10-20 01:02:00,49.23,debit,atm,fuel,posted
T00001623,A000076,2025-12-12 02:11:00,71.58,debit,card,dining,posted
T00001624,A000076,2025-10-20 04:55:00,24.93,debit,ach,utilities,posted
T00001625,A000076,2025-03-12 18:07:00,13.71,debit,ach,utilities,declined
T00001626,A000076,2025-03-27 21:00:00,1858.93,credit,ach,,posted
T00001627,A000076,2025-10-02 15:28:00,27.12,debit,p2p,online_retail,posted
T00001628,A000076,2025-08-04 20:25:00,56.57,debit,ach,fuel,posted
T00001629,A000076,2025-12-21 05:07:00,63.67,debit,card,fuel,posted
T00001630,A000076,2025-04-21 00:19:00,19.27,debit,card,utilities,posted
T00001631,A000076,2025-10-06 18:49:00,101.92,debit,ach,utilities,posted
T00001632,A000076,2025-10-14 03:41:00,2944.08,credit,ach,,posted
T00001633,A000076,2025-10-26 00:03:00,2011.97,credit,ach,,posted
T00001634,A000076,2025-04-14 22:00:00,1717.42,credit,ach,,posted
T00001635,A000077,2025-05-15 10:12:00,18.33,debit,card,grocery,posted
T00001636,A000077,2024-11-11 08:15:00,151.58,debit,card,online_retail,posted
T00001637,A000077,2024-11-02 13:53:00,54.01,debit,ach,healthcare,posted
T00001638,A000077,2025-03-21 05:52:00,28.65,debit,card,fuel,posted
T00001639,A000077,2025-11-10 06:56:00,44.94,debit,card,travel,posted
T00001640,A000077,2025-03-08 23:05:00,240.83,debit,p2p,healthcare,posted
T00001641,A000077,2025-04-01 03:15:00,7.37,debit,card,dining,posted
T00001642,A000077,2025-07-17 16:50:00,3650.24,credit,ach,,posted
T00001643,A000077,2024-10-29 03:43:00,53.32,debit,card,fuel,posted
T00001644,A000077,2025-06-15 23:54:00,2169.05,credit,ach,,posted
T00001645,A000077,2025-09-07 23:44:00,3834.34,credit,ach,,posted
T00001646,A000077,2025-02-25 03:41:00,3144.31,credit,ach,,posted
T00001647,A000077,2025-10-08 18:10:00,3645.99,credit,ach,,posted
T00001648,A000077,2024-10-02 20:52:00,112.64,debit,ach,entertainment,declined
T00001649,A000077,2024-10-10 14:58:00,12.85,debit,atm,travel,posted
T00001650,A000078,2025-11-09 21:31:00,2864.45,credit,ach,,reversed
T00001651,A000078,2025-09-19 22:25:00,218.78,debit,p2p,healthcare,posted
T00001652,A000078,2025-11-10 18:53:00,1632.85,credit,ach,,posted
T00001653,A000078,2025-12-19 18:36:00,14.02,debit,p2p,utilities,posted
T00001654,A000078,2025-08-14 14:47:00,27.63,debit,ach,healthcare,posted
T00001655,A000078,2025-10-28 02:48:00,49.16,debit,p2p,grocery,posted
T00001656,A000078,2025-12-07 09:43:00,17.31,debit,p2p,utilities,posted
T00001657,A000078,2025-08-31 16:12:00,9.63,debit,card,entertainment,posted
T00001658,A000078,2025-11-07 06:25:00,37.86,debit,ach,utilities,posted
T00001659,A000078,2025-12-26 00:16:00,58.9,debit,ach,grocery,posted
T00001660,A000078,2025-09-24 03:53:00,8.7,debit,ach,grocery,posted
T00001661,A000078,2025-10-25 17:38:00,3.11,debit,card,dining,posted
T00001662,A000078,2025-08-12 17:56:00,70.94,debit,card,online_retail,posted
T00001663,A000078,2025-12-28 17:15:00,57.43,debit,atm,dining,posted
T00001664,A000078,2025-11-26 07:00:00,3860.46,credit,ach,,posted
T00001665,A000078,2025-08-15 01:00:00,2878.8,credit,ach,,posted
T00001666,A000078,2025-11-23 03:37:00,69.54,debit,card,grocery,posted
T00001667,A000078,2025-11-11 12:18:00,1413.71,credit,ach,,posted
T00001668,A000078,2025-12-02 17:42:00,145.7,debit,p2p,grocery,posted
T00001669,A000078,2025-12-12 23:58:00,914.1,credit,ach,,posted
T00001670,A000078,2025-11-26 20:51:00,895.5,credit,ach,,posted
T00001671,A000078,2025-11-29 11:56:00,11.41,debit,card,utilities,posted
T00001672,A000078,2025-10-15 04:38:00,7.25,debit,atm,online_retail,declined
T00001673,A000078,2025-11-22 11:10:00,56.84,debit,card,healthcare,posted
T00001674,A000079,2025-11-08 13:49:00,3786.29,credit,ach,,posted
T00001675,A000079,2025-08-22 10:15:00,2723.21,credit,ach,,posted
T00001676,A000079,2025-12-10 00:16:00,31.34,debit,p2p,utilities,posted
T00001677,A000079,2025-11-11 11:38:00,2029.76,credit,ach,,posted
T00001678,A000079,2025-10-18 17:14:00,32.45,debit,card,utilities,posted
T00001679,A000079,2025-11-17 06:06:00,3401.15,credit,ach,,posted
T00001680,A000079,2025-09-03 00:47:00,947.04,credit,ach,,posted
T00001681,A000079,2025-09-12 02:59:00,17.85,debit,atm,fuel,posted
T00001682,A000079,2025-12-16 15:10:00,11.02,debit,atm,travel,posted
T00001683,A000079,2025-11-10 22:43:00,22.94,debit,atm,utilities,posted
T00001684,A000079,2025-11-16 04:45:00,33.38,debit,p2p,dining,posted
T00001685,A000079,2025-09-03 10:58:00,3480.88,credit,ach,,posted
T00001686,A000079,2025-11-06 19:05:00,29.73,debit,card,online_retail,posted
T00001687,A000080,2025-12-20 04:19:00,40.18,debit,atm,utilities,posted
T00001688,A000080,2025-12-25 14:07:00,5.67,debit,p2p,entertainment,posted
T00001689,A000080,2025-08-19 19:13:00,1309.79,credit,ach,,posted
T00001690,A000080,2025-06-13 07:12:00,1262.21,credit,ach,,posted
T00001691,A000080,2025-12-24 02:44:00,3389.24,credit,ach,,posted
T00001692,A000080,2025-11-06 05:27:00,34.64,debit,card,dining,posted
T00001693,A000080,2025-07-20 15:34:00,28.12,debit,card,online_retail,posted
T00001694,A000080,2025-09-27 22:19:00,68.23,debit,card,travel,posted
T00001695,A000080,2025-12-29 16:03:00,2475.84,credit,ach,,posted
T00001696,A000080,2025-09-22 21:30:00,1477.26,credit,ach,,posted
T00001697,A000080,2025-06-28 23:30:00,25.84,debit,ach,dining,declined
T00001698,A000080,2025-08-02 06:52:00,47.2,debit,ach,healthcare,posted
T00001699,A000080,2025-09-01 01:39:00,38.54,debit,card,dining,posted
T00001700,A000080,2025-11-05 17:21:00,43.97,debit,card,online_retail,posted
T00001701,A000080,2025-12-03 02:34:00,49.18,debit,card,fuel,posted
T00001702,A000080,2025-09-13 08:47:00,65.05,debit,atm,entertainment,posted
T00001703,A000080,2025-09-26 05:35:00,12.37,debit,ach,online_retail,posted
T00001704,A000080,2025-10-30 11:48:00,11.09,debit,p2p,entertainment,posted
T00001705,A000080,2025-11-08 21:57:00,42.23,debit,card,utilities,posted
T00001706,A000080,2025-07-24 20:38:00,30.27,debit,card,online_retail,posted
T00001707,A000080,2025-10-19 09:58:00,373.82,debit,card,healthcare,posted
T00001708,A000080,2025-07-16 16:25:00,14.45,debit,card,grocery,posted
T00001709,A000080,2025-10-12 10:48:00,43.72,debit,p2p,travel,posted
T00001710,A000080,2025-10-09 17:05:00,178.87,debit,card,fuel,posted
T00001711,A000080,2025-09-27 14:36:00,1604.68,credit,ach,,posted
T00001712,A000080,2025-09-22 13:37:00,3380.89,credit,ach,,posted
T00001713,A000080,2025-11-13 21:20:00,35.42,debit,atm,entertainment,declined
T00001714,A000081,2025-12-30 10:12:00,1880.97,credit,ach,,posted
T00001715,A000081,2025-08-12 03:36:00,2545.73,credit,ach,,posted
T00001716,A000081,2025-11-25 04:54:00,31.47,debit,card,online_retail,posted
T00001717,A000081,2025-10-29 01:36:00,2358.92,credit,ach,,posted
T00001718,A000081,2025-08-06 16:45:00,1491.92,credit,ach,,posted
T00001719,A000082,2025-07-19 06:45:00,5.41,debit,atm,entertainment,posted
T00001720,A000082,2025-09-09 04:58:00,15.72,debit,atm,healthcare,posted
T00001721,A000082,2025-06-03 11:15:00,21.75,debit,ach,dining,posted
T00001722,A000082,2025-07-15 14:42:00,2777.32,credit,ach,,posted
T00001723,A000082,2025-08-27 07:37:00,14.52,debit,card,dining,posted
T00001724,A000082,2025-06-22 12:43:00,180.9,debit,card,entertainment,posted
T00001725,A000082,2025-10-07 00:54:00,2580.75,credit,ach,,reversed
T00001726,A000082,2025-08-28 13:00:00,19.64,debit,card,healthcare,posted
T00001727,A000082,2025-06-27 02:52:00,28.33,debit,card,entertainment,declined
T00001728,A000082,2025-07-31 20:57:00,2373.95,credit,ach,,posted
T00001729,A000082,2025-07-19 13:53:00,36.34,debit,card,grocery,posted
T00001730,A000082,2025-10-23 13:13:00,150.72,debit,card,utilities,posted
T00001731,A000082,2025-07-04 14:07:00,46.16,debit,card,grocery,posted
T00001732,A000083,2025-08-04 15:25:00,173.4,debit,atm,grocery,posted
T00001733,A000083,2024-11-26 16:34:00,12.37,debit,ach,utilities,posted
T00001734,A000083,2025-05-27 03:54:00,60.47,debit,card,entertainment,posted
T00001735,A000083,2025-03-01 06:01:00,24.82,debit,p2p,dining,posted
T00001736,A000083,2025-06-29 08:49:00,67.24,debit,card,dining,posted
T00001737,A000083,2024-12-29 17:30:00,17.79,debit,ach,utilities,posted
T00001738,A000083,2025-09-05 00:53:00,106.18,debit,p2p,healthcare,declined
T00001739,A000084,2025-12-08 04:25:00,1425.78,credit,ach,,posted
T00001740,A000084,2025-10-05 08:04:00,188.76,debit,atm,online_retail,posted
T00001741,A000084,2025-10-17 00:17:00,94.67,debit,atm,utilities,posted
T00001742,A000084,2025-10-27 05:17:00,43.0,debit,ach,utilities,posted
T00001743,A000084,2025-12-20 04:09:00,38.14,debit,p2p,entertainment,posted
T00001744,A000084,2025-11-18 08:55:00,27.23,debit,card,dining,reversed
T00001745,A000084,2025-11-07 04:11:00,45.51,debit,ach,dining,posted
T00001746,A000084,2025-12-18 01:02:00,1839.0,credit,ach,,posted
T00001747,A000084,2025-12-27 12:13:00,542.0,credit,ach,,posted
T00001748,A000084,2025-11-26 22:41:00,3769.88,credit,ach,,posted
T00001749,A000084,2025-10-04 01:38:00,75.46,debit,ach,fuel,posted
T00001750,A000084,2025-11-15 06:26:00,38.26,debit,ach,entertainment,posted
T00001751,A000084,2025-10-03 01:06:00,36.95,debit,ach,travel,posted
T00001752,A000084,2025-10-11 06:48:00,45.59,debit,card,dining,posted
T00001753,A000084,2025-11-17 18:02:00,31.47,debit,ach,entertainment,posted
T00001754,A000084,2025-10-15 00:51:00,206.22,debit,card,entertainment,posted
T00001755,A000085,2025-11-13 02:30:00,29.61,debit,ach,grocery,declined
T00001756,A000085,2025-08-02 07:48:00,12.33,debit,card,healthcare,posted
T00001757,A000085,2025-09-21 05:13:00,21.54,debit,atm,grocery,posted
T00001758,A000085,2025-09-12 23:52:00,26.63,debit,atm,fuel,posted
T00001759,A000085,2025-12-03 11:20:00,3730.32,credit,ach,,posted
T00001760,A000085,2025-07-16 20:29:00,15.27,debit,atm,fuel,posted
T00001761,A000085,2025-09-22 22:22:00,21.88,debit,card,dining,posted
T00001762,A000085,2025-12-13 03:20:00,74.91,debit,card,fuel,posted
T00001763,A000085,2025-11-11 12:48:00,249.11,debit,ach,utilities,posted
T00001764,A000085,2025-10-13 16:43:00,15.02,debit,card,grocery,posted
T00001765,A000085,2025-09-02 09:29:00,33.95,debit,atm,dining,declined
T00001766,A000085,2025-07-24 18:02:00,53.23,debit,card,healthcare,posted
T00001767,A000085,2025-07-08 12:36:00,8.97,debit,atm,fuel,posted
T00001768,A000085,2025-09-17 07:17:00,33.89,debit,card,fuel,posted
T00001769,A000085,2025-11-19 16:26:00,28.86,debit,card,fuel,posted
T00001770,A000086,2025-08-28 23:46:00,18.02,debit,atm,healthcare,posted
T00001771,A000086,2025-12-06 03:39:00,2306.55,credit,ach,,posted
T00001772,A000086,2025-11-30 02:07:00,85.46,debit,card,healthcare,posted
T00001773,A000086,2025-12-15 04:52:00,2899.29,credit,ach,,posted
T00001774,A000086,2025-11-01 23:53:00,42.17,debit,atm,entertainment,posted
T00001775,A000086,2025-12-13 01:24:00,3283.05,credit,ach,,posted
T00001776,A000086,2025-11-24 02:54:00,38.75,debit,card,healthcare,posted
T00001777,A000086,2025-07-20 00:58:00,137.78,debit,card,travel,posted
T00001778,A000086,2025-08-07 03:46:00,13.17,debit,p2p,online_retail,posted
T00001779,A000086,2025-09-30 16:09:00,104.5,debit,card,travel,posted
T00001780,A000086,2025-12-25 00:04:00,22.27,debit,ach,healthcare,posted
T00001781,A000086,2025-09-28 12:36:00,11.89,debit,atm,utilities,posted
T00001782,A000086,2025-10-26 14:09:00,7.07,debit,card,grocery,posted
T00001783,A000086,2025-11-23 02:44:00,35.05,debit,card,grocery,posted
T00001784,A000086,2025-10-16 04:02:00,33.16,debit,card,online_retail,posted
T00001785,A000087,2025-06-28 11:40:00,27.65,debit,card,online_retail,reversed
T00001786,A000087,2025-03-12 00:18:00,2669.14,credit,ach,,reversed
T00001787,A000087,2025-12-15 04:35:00,28.5,debit,card,online_retail,posted
T00001788,A000087,2025-03-13 09:42:00,7.34,debit,card,entertainment,posted
T00001789,A000087,2025-06-24 01:16:00,41.31,debit,ach,dining,posted
T00001790,A000087,2025-06-01 06:57:00,3072.53,credit,ach,,posted
T00001791,A000087,2025-10-08 02:22:00,602.78,credit,ach,,posted
T00001792,A000087,2025-12-01 22:23:00,3074.0,credit,ach,,posted
T00001793,A000087,2025-08-17 07:52:00,16.94,debit,card,utilities,posted
T00001794,A000087,2025-05-16 14:26:00,78.48,debit,card,dining,posted
T00001795,A000087,2025-08-21 07:00:00,214.11,debit,card,utilities,posted
T00001796,A000087,2025-05-19 08:15:00,14.2,debit,card,fuel,posted
T00001797,A000087,2025-06-05 12:28:00,36.8,debit,atm,healthcare,posted
T00001798,A000087,2025-09-24 04:54:00,3942.48,credit,ach,,declined
T00001799,A000087,2025-10-16 13:54:00,37.23,debit,p2p,utilities,posted
T00001800,A000087,2025-04-14 21:10:00,48.13,debit,card,healthcare,declined
T00001801,A000087,2025-04-28 16:19:00,31.79,debit,card,fuel,posted
T00001802,A000087,2025-07-21 06:19:00,3041.2,credit,ach,,posted
T00001803,A000087,2025-09-13 17:09:00,13.43,debit,atm,healthcare,posted
T00001804,A000087,2025-09-02 05:22:00,18.97,debit,card,dining,posted
T00001805,A000087,2025-04-24 21:45:00,93.45,debit,card,fuel,posted
T00001806,A000087,2025-03-05 21:27:00,1288.72,credit,ach,,posted
T00001807,A000087,2025-07-29 16:55:00,222.28,debit,p2p,utilities,posted
T00001808,A000087,2025-10-04 17:01:00,9.82,debit,card,online_retail,posted
T00001809,A000087,2025-04-24 01:11:00,3353.12,credit,ach,,posted
T00001810,A000087,2025-06-12 21:47:00,62.63,debit,card,dining,posted
T00001811,A000087,2025-03-30 09:39:00,34.75,debit,card,entertainment,posted
T00001812,A000087,2025-11-17 12:03:00,48.48,debit,ach,grocery,posted
T00001813,A000087,2025-07-23 01:00:00,3716.44,credit,ach,,posted
T00001814,A000087,2025-05-02 07:06:00,32.89,debit,ach,healthcare,posted
T00001815,A000087,2025-04-26 20:48:00,74.13,debit,card,utilities,posted
T00001816,A000087,2025-07-27 20:29:00,20.85,debit,card,dining,posted
T00001817,A000087,2025-10-14 10:14:00,17.26,debit,ach,fuel,posted
T00001818,A000087,2025-10-17 16:47:00,981.61,credit,ach,,posted
T00001819,A000088,2025-08-13 14:07:00,47.81,debit,p2p,entertainment,declined
T00001820,A000088,2025-07-07 04:57:00,2585.03,credit,ach,,posted
T00001821,A000088,2025-11-01 08:30:00,14.71,debit,card,travel,posted
T00001822,A000088,2025-11-19 17:55:00,3660.28,credit,ach,,posted
T00001823,A000088,2025-09-12 17:00:00,59.48,debit,card,entertainment,posted
T00001824,A000088,2025-12-31 01:00:00,1399.13,credit,ach,,posted
T00001825,A000088,2025-07-27 04:13:00,82.51,debit,card,healthcare,posted
T00001826,A000088,2025-10-31 17:22:00,9.62,debit,card,healthcare,posted
T00001827,A000089,2025-05-28 13:39:00,101.39,debit,atm,fuel,posted
T00001828,A000089,2025-05-26 23:07:00,84.59,debit,card,grocery,declined
T00001829,A000089,2025-12-06 20:33:00,73.62,debit,card,dining,posted
T00001830,A000089,2025-12-19 07:36:00,2396.4,credit,ach,,posted
T00001831,A000089,2025-05-28 07:01:00,3695.06,credit,ach,,posted
T00001832,A000089,2025-10-12 02:52:00,3503.53,credit,ach,,posted
T00001833,A000089,2025-06-06 11:58:00,2166.95,credit,ach,,posted
T00001834,A000089,2025-12-04 22:35:00,58.62,debit,card,travel,posted
T00001835,A000089,2025-10-16 10:14:00,18.38,debit,card,entertainment,posted
T00001836,A000089,2025-12-04 18:50:00,105.47,debit,card,online_retail,posted
T00001837,A000089,2025-11-23 03:08:00,8.85,debit,ach,online_retail,posted
T00001838,A000089,2025-06-15 07:37:00,41.2,debit,card,online_retail,posted
T00001839,A000089,2025-08-16 20:02:00,89.56,debit,card,healthcare,posted
T00001840,A000089,2025-07-26 09:27:00,84.15,debit,card,healthcare,posted
T00001841,A000089,2025-09-08 04:02:00,29.87,debit,card,grocery,posted
T00001842,A000089,2025-09-07 03:23:00,10.31,debit,p2p,travel,posted
T00001843,A000089,2025-11-13 01:13:00,1613.18,credit,ach,,declined
T00001844,A000089,2025-09-24 00:49:00,2048.05,credit,ach,,posted
T00001845,A000089,2025-12-13 09:32:00,97.01,debit,ach,grocery,posted
T00001846,A000089,2025-06-25 10:16:00,22.56,debit,card,entertainment,posted
T00001847,A000089,2025-09-21 09:02:00,28.74,debit,ach,healthcare,posted
T00001848,A000089,2025-06-17 15:04:00,10.93,debit,ach,entertainment,posted
T00001849,A000089,2025-06-16 11:38:00,3625.91,credit,ach,,posted
T00001850,A000089,2025-09-18 15:38:00,3635.72,credit,ach,,posted
T00001851,A000089,2025-12-02 08:33:00,35.37,debit,atm,travel,posted
T00001852,A000089,2025-11-05 10:49:00,160.96,debit,p2p,fuel,posted
T00001853,A000089,2025-10-06 13:47:00,3666.82,credit,ach,,posted
T00001854,A000090,2025-10-14 08:49:00,1171.48,credit,ach,,posted
T00001855,A000090,2025-08-20 13:28:00,2157.91,credit,ach,,posted
T00001856,A000090,2025-11-01 15:45:00,15.7,debit,card,grocery,posted
T00001857,A000090,2025-12-03 08:09:00,24.92,debit,atm,fuel,posted
T00001858,A000090,2025-06-22 05:03:00,6.95,debit,ach,dining,posted
T00001859,A000090,2025-04-16 14:53:00,105.27,debit,card,entertainment,posted
T00001860,A000090,2025-06-01 01:49:00,51.35,debit,card,utilities,posted
T00001861,A000090,2025-12-16 12:36:00,10.15,debit,p2p,grocery,posted
T00001862,A000090,2025-06-08 05:01:00,75.29,debit,ach,utilities,posted
T00001863,A000090,2025-04-17 01:27:00,104.6,debit,card,travel,posted
T00001864,A000090,2025-04-19 12:59:00,3604.83,credit,ach,,posted
T00001865,A000090,2025-08-31 21:00:00,21.18,debit,card,healthcare,posted
T00001866,A000090,2025-06-10 08:58:00,81.79,debit,ach,fuel,posted
T00001867,A000090,2025-10-22 13:15:00,50.24,debit,card,utilities,posted
T00001868,A000090,2025-09-04 19:46:00,114.08,debit,atm,travel,posted
T00001869,A000090,2025-07-02 04:29:00,35.76,debit,p2p,dining,posted
T00001870,A000090,2025-06-30 11:41:00,3912.29,credit,ach,,posted
T00001871,A000090,2025-10-14 01:08:00,65.68,debit,atm,online_retail,posted
T00001872,A000090,2025-10-27 05:35:00,24.26,debit,ach,utilities,posted
T00001873,A000090,2025-09-16 00:28:00,33.83,debit,card,grocery,posted
T00001874,A000090,2025-11-17 11:48:00,71.28,debit,p2p,grocery,posted
T00001875,A000090,2025-04-30 18:53:00,40.26,debit,card,online_retail,posted
T00001876,A000090,2025-08-09 07:39:00,1406.67,credit,ach,,posted
T00001877,A000090,2025-03-26 18:14:00,1049.07,credit,ach,,declined
T00001878,A000090,2025-07-13 06:11:00,1087.2,credit,ach,,posted
T00001879,A000090,2025-03-29 04:51:00,48.91,debit,card,dining,posted
T00001880,A000090,2025-07-02 10:18:00,15.03,debit,p2p,utilities,posted
T00001881,A000090,2025-06-23 19:12:00,20.75,debit,card,healthcare,posted
T00001882,A000090,2025-12-09 00:22:00,19.51,debit,card,utilities,posted
T00001883,A000090,2025-12-30 01:28:00,67.37,debit,p2p,fuel,declined
T00001884,A000090,2025-05-08 04:15:00,27.58,debit,ach,utilities,posted
T00001885,A000090,2025-07-29 05:04:00,20.25,debit,card,dining,posted
T00001886,A000090,2025-10-24 10:39:00,27.28,debit,card,dining,posted
T00001887,A000091,2025-10-25 04:27:00,18.75,debit,atm,healthcare,posted
T00001888,A000091,2025-05-25 04:44:00,2672.84,credit,ach,,posted
T00001889,A000091,2025-07-29 00:00:00,3.42,debit,p2p,utilities,posted
T00001890,A000091,2025-06-12 08:03:00,2968.03,credit,ach,,posted
T00001891,A000091,2025-07-29 10:22:00,829.31,credit,ach,,posted
T00001892,A000091,2025-06-13 03:37:00,11.82,debit,card,entertainment,posted
T00001893,A000091,2025-11-25 20:08:00,40.74,debit,atm,utilities,posted
T00001894,A000091,2025-06-20 02:32:00,53.46,debit,atm,online_retail,posted
T00001895,A000091,2025-05-29 18:11:00,104.99,debit,p2p,entertainment,posted
T00001896,A000091,2025-11-09 15:40:00,930.4,debit,card,fuel,posted
T00001897,A000091,2025-11-09 11:06:00,41.01,debit,card,entertainment,posted
T00001898,A000091,2025-08-29 13:17:00,2319.18,credit,ach,,posted
T00001899,A000091,2025-10-03 23:33:00,113.63,debit,card,healthcare,posted
T00001900,A000091,2025-12-03 04:25:00,6.17,debit,ach,entertainment,posted
T00001901,A000091,2025-06-28 11:19:00,184.03,debit,card,online_retail,posted
T00001902,A000091,2025-10-20 05:35:00,1142.48,credit,ach,,posted
T00001903,A000091,2025-05-27 17:11:00,17.03,debit,card,entertainment,posted
T00001904,A000091,2025-10-30 06:37:00,209.78,debit,card,fuel,posted
T00001905,A000091,2025-08-06 08:05:00,45.16,debit,card,healthcare,posted
T00001906,A000092,2025-11-11 04:26:00,2.96,debit,card,grocery,declined
T00001907,A000092,2025-12-02 13:12:00,2170.25,credit,ach,,posted
T00001908,A000092,2025-11-11 00:45:00,762.05,credit,ach,,posted
T00001909,A000092,2025-11-14 18:14:00,3170.55,credit,ach,,posted
T00001910,A000092,2025-11-20 04:10:00,30.93,debit,p2p,travel,posted
T00001911,A000092,2025-11-09 22:02:00,27.27,debit,card,healthcare,posted
T00001912,A000092,2025-11-16 21:47:00,100.55,debit,ach,fuel,posted
T00001913,A000092,2025-11-22 22:33:00,18.97,debit,card,utilities,posted
T00001914,A000092,2025-12-07 13:42:00,1280.26,credit,ach,,posted
T00001915,A000092,2025-11-21 13:07:00,3779.0,credit,ach,,posted
T00001916,A000092,2025-11-27 22:05:00,60.64,debit,card,utilities,posted
T00001917,A000092,2025-12-26 06:29:00,2144.54,credit,ach,,posted
T00001918,A000092,2025-12-12 11:30:00,21.43,debit,card,utilities,posted
T00001919,A000092,2025-11-11 08:56:00,11.04,debit,card,dining,posted
T00001920,A000092,2025-12-07 00:05:00,32.3,debit,card,fuel,posted
T00001921,A000092,2025-11-20 01:56:00,2461.27,credit,ach,,posted
T00001922,A000092,2025-11-26 08:04:00,15.21,debit,ach,online_retail,posted
T00001923,A000092,2025-12-11 12:36:00,69.57,debit,card,healthcare,posted
T00001924,A000092,2025-11-17 13:35:00,16.34,debit,card,healthcare,posted
T00001925,A000092,2025-11-26 02:41:00,3850.47,credit,ach,,posted
T00001926,A000092,2025-11-23 16:55:00,118.68,debit,card,fuel,posted
T00001927,A000092,2025-12-25 08:15:00,38.74,debit,card,travel,posted
T00001928,A000092,2025-11-13 08:43:00,3.74,debit,atm,healthcare,posted
T00001929,A000092,2025-11-27 07:29:00,85.19,debit,card,entertainment,posted
T00001930,A000092,2025-12-25 12:05:00,26.06,debit,card,healthcare,posted
T00001931,A000092,2025-12-05 14:08:00,25.75,debit,p2p,dining,posted
T00001932,A000092,2025-11-28 22:05:00,282.05,debit,p2p,grocery,posted
T00001933,A000092,2025-11-18 14:30:00,12.96,debit,atm,healthcare,posted
T00001934,A000092,2025-11-24 11:26:00,27.51,debit,card,travel,posted
T00001935,A000092,2025-12-07 08:58:00,33.78,debit,ach,entertainment,posted
T00001936,A000092,2025-12-21 06:01:00,26.09,debit,card,fuel,posted
T00001937,A000092,2025-11-20 13:26:00,29.98,debit,card,dining,posted
T00001938,A000092,2025-12-28 16:28:00,33.72,debit,p2p,online_retail,posted
T00001939,A000093,2025-11-23 15:48:00,1951.49,credit,ach,,posted
T00001940,A000093,2025-12-21 05:44:00,125.12,debit,ach,healthcare,posted
T00001941,A000093,2025-12-23 10:51:00,50.4,debit,card,fuel,posted
T00001942,A000093,2025-12-13 14:03:00,95.49,debit,atm,dining,posted
T00001943,A000093,2025-11-24 21:46:00,27.1,debit,card,dining,posted
T00001944,A000093,2025-11-09 18:59:00,60.24,debit,p2p,dining,posted
T00001945,A000093,2025-12-05 17:59:00,919.99,credit,ach,,posted
T00001946,A000094,2025-05-06 07:29:00,3081.38,credit,ach,,posted
T00001947,A000094,2025-10-22 13:52:00,41.65,debit,p2p,utilities,posted
T00001948,A000094,2025-05-07 22:44:00,86.23,debit,card,travel,declined
T00001949,A000094,2025-06-25 21:40:00,10.5,debit,p2p,healthcare,posted
T00001950,A000094,2025-08-04 19:11:00,1689.93,credit,ach,,posted
T00001951,A000094,2025-04-29 00:23:00,41.25,debit,card,travel,posted
T00001952,A000094,2025-10-11 23:49:00,157.43,debit,atm,dining,posted
T00001953,A000094,2025-10-24 03:26:00,19.99,debit,card,online_retail,posted
T00001954,A000094,2025-10-19 18:55:00,8.29,debit,p2p,fuel,posted
T00001955,A000094,2025-12-22 16:05:00,13.01,debit,card,dining,posted
T00001956,A000094,2025-11-24 04:26:00,11.65,debit,p2p,grocery,posted
T00001957,A000094,2025-02-24 14:10:00,37.46,debit,ach,fuel,posted
T00001958,A000094,2025-06-22 09:53:00,100.4,debit,p2p,online_retail,declined
T00001959,A000094,2025-04-26 20:41:00,21.84,debit,p2p,grocery,posted
T00001960,A000094,2025-11-21 21:07:00,96.79,debit,card,fuel,posted
T00001961,A000094,2025-08-17 12:08:00,615.83,credit,ach,,posted
T00001962,A000094,2025-01-30 07:39:00,698.87,credit,ach,,posted
T00001963,A000094,2025-04-21 13:12:00,82.42,debit,card,online_retail,posted
T00001964,A000094,2025-08-05 20:41:00,1385.79,credit,ach,,reversed
T00001965,A000094,2025-09-27 00:05:00,3075.25,credit,ach,,posted
T00001966,A000094,2025-12-26 21:09:00,51.01,debit,ach,grocery,posted
T00001967,A000094,2025-04-11 07:29:00,15.94,debit,atm,grocery,posted
T00001968,A000094,2025-08-02 20:48:00,17.31,debit,atm,utilities,posted
T00001969,A000094,2025-07-22 07:44:00,6.04,debit,atm,entertainment,posted
T00001970,A000094,2025-06-13 21:01:00,33.79,debit,card,entertainment,reversed
T00001971,A000095,2025-12-13 11:17:00,27.05,debit,card,fuel,posted
T00001972,A000095,2025-08-12 12:25:00,53.36,debit,p2p,healthcare,posted
T00001973,A000095,2025-08-21 04:23:00,41.38,debit,atm,fuel,posted
T00001974,A000095,2025-08-15 08:11:00,26.25,debit,ach,fuel,posted
T00001975,A000095,2025-11-17 12:04:00,197.65,debit,ach,fuel,posted
T00001976,A000095,2025-10-30 12:39:00,45.56,debit,atm,travel,posted
T00001977,A000095,2025-12-22 23:30:00,23.24,debit,atm,entertainment,posted
T00001978,A000095,2025-09-19 11:58:00,19.92,debit,p2p,utilities,posted
T00001979,A000095,2025-10-05 03:20:00,2347.58,credit,ach,,posted
T00001980,A000095,2025-08-24 04:08:00,22.65,debit,atm,entertainment,posted
T00001981,A000095,2025-09-09 19:46:00,112.37,debit,card,utilities,posted
T00001982,A000095,2025-12-25 02:13:00,40.02,debit,atm,entertainment,posted
T00001983,A000095,2025-12-19 13:41:00,50.31,debit,atm,fuel,posted
T00001984,A000095,2025-08-05 10:39:00,43.41,debit,card,travel,posted
T00001985,A000095,2025-10-01 00:36:00,145.45,debit,card,utilities,posted
T00001986,A000095,2025-11-13 04:58:00,571.79,debit,card,online_retail,posted
T00001987,A000095,2025-09-05 00:05:00,17.73,debit,card,entertainment,posted
T00001988,A000095,2025-11-15 03:59:00,242.28,debit,card,grocery,posted
T00001989,A000095,2025-10-20 15:16:00,1071.78,credit,ach,,posted
T00001990,A000095,2025-08-21 21:12:00,129.16,debit,card,grocery,posted
T00001991,A000096,2025-11-13 06:41:00,2237.15,credit,ach,,declined
T00001992,A000096,2025-07-25 07:26:00,2514.6,credit,ach,,posted
T00001993,A000096,2025-07-21 04:44:00,118.51,debit,p2p,dining,posted
T00001994,A000096,2025-11-19 15:12:00,641.1,credit,ach,,posted
T00001995,A000096,2025-08-26 09:54:00,16.45,debit,p2p,grocery,posted
T00001996,A000096,2025-11-13 13:01:00,127.44,debit,card,travel,posted
T00001997,A000096,2025-07-26 00:44:00,28.2,debit,p2p,dining,posted
T00001998,A000096,2025-12-18 01:58:00,36.61,debit,card,online_retail,posted
T00001999,A000096,2025-09-13 01:38:00,38.67,debit,card,online_retail,posted
T00002000,A000096,2025-07-30 23:47:00,5.14,debit,card,utilities,posted
T00002001,A000096,2025-12-15 12:42:00,40.39,debit,ach,grocery,posted
T00002002,A000096,2025-11-08 00:03:00,134.09,debit,card,utilities,posted
T00002003,A000096,2025-09-27 03:34:00,77.1,debit,p2p,fuel,posted
T00002004,A000096,2025-11-25 00:43:00,1839.17,credit,ach,,posted
T00002005,A000096,2025-07-20 07:32:00,113.95,debit,atm,utilities,posted
T00002006,A000096,2025-07-15 21:28:00,8.37,debit,card,online_retail,posted
T00002007,A000096,2025-10-15 09:44:00,120.72,debit,atm,travel,posted
T00002008,A000096,2025-10-24 04:12:00,1164.56,credit,ach,,declined
T00002009,A000096,2025-09-24 08:54:00,3677.59,credit,ach,,posted
T00002010,A000096,2025-10-28 15:02:00,201.59,debit,card,fuel,posted
T00002011,A000096,2025-12-30 22:07:00,50.92,debit,atm,utilities,posted
T00002012,A000096,2025-07-30 02:12:00,26.3,debit,p2p,utilities,posted
T00002013,A000096,2025-11-30 01:21:00,1897.69,credit,ach,,posted
T00002014,A000096,2025-08-09 03:38:00,158.14,debit,card,fuel,posted
T00002015,A000096,2025-09-05 19:57:00,8.58,debit,card,entertainment,posted
T00002016,A000096,2025-07-24 17:43:00,60.65,debit,atm,dining,posted
T00002017,A000096,2025-12-03 10:46:00,1453.05,credit,ach,,posted
T00002018,A000096,2025-11-11 12:26:00,1926.06,credit,ach,,posted
T00002019,A000096,2025-12-04 12:59:00,1312.31,credit,ach,,posted
T00002020,A000096,2025-10-16 02:47:00,8.8,debit,p2p,entertainment,posted
T00002021,A000096,2025-10-17 16:25:00,3748.44,credit,ach,,posted
T00002022,A000096,2025-09-08 01:25:00,29.54,debit,card,fuel,posted
T00002023,A000096,2025-12-21 02:41:00,36.16,debit,card,grocery,posted
T00002024,A000096,2025-08-21 01:51:00,43.75,debit,card,grocery,posted
T00002025,A000096,2025-10-04 05:44:00,3799.65,credit,ach,,posted
T00002026,A000096,2025-12-02 14:44:00,19.7,debit,atm,fuel,declined
T00002027,A000097,2025-08-08 19:45:00,15.53,debit,ach,utilities,posted
T00002028,A000097,2025-09-30 08:40:00,13.27,debit,atm,utilities,posted
T00002029,A000097,2025-10-19 07:32:00,2451.03,credit,ach,,posted
T00002030,A000097,2025-08-26 22:35:00,22.16,debit,card,utilities,posted
T00002031,A000097,2025-10-07 10:25:00,16.32,debit,atm,online_retail,posted
T00002032,A000097,2025-11-30 19:31:00,2947.94,credit,ach,,posted
T00002033,A000097,2025-09-25 13:06:00,77.15,debit,ach,grocery,posted
T00002034,A000098,2025-03-31 20:09:00,105.7,debit,card,travel,posted
T00002035,A000098,2024-09-15 11:32:00,46.2,debit,card,dining,posted
T00002036,A000098,2025-10-02 03:20:00,20.71,debit,card,online_retail,posted
T00002037,A000098,2024-12-22 09:04:00,2567.56,credit,ach,,posted
T00002038,A000098,2025-05-31 08:03:00,25.64,debit,card,entertainment,posted
T00002039,A000098,2025-01-24 23:29:00,3767.52,credit,ach,,posted
T00002040,A000098,2025-07-09 16:40:00,26.89,debit,card,healthcare,posted
T00002041,A000098,2025-05-24 07:12:00,68.38,debit,atm,entertainment,posted
T00002042,A000098,2025-12-15 00:23:00,5.83,debit,ach,entertainment,posted
T00002043,A000098,2024-09-28 17:16:00,520.93,credit,ach,,posted
T00002044,A000098,2025-05-29 05:10:00,1759.58,credit,ach,,posted
T00002045,A000098,2024-12-03 06:54:00,75.44,debit,ach,travel,posted
T00002046,A000098,2024-10-21 06:36:00,26.57,debit,card,fuel,posted
T00002047,A000098,2025-09-08 05:52:00,7.29,debit,atm,fuel,posted
T00002048,A000098,2025-03-26 15:58:00,3765.68,credit,ach,,posted
T00002049,A000098,2025-08-18 17:55:00,16.22,debit,atm,fuel,posted
T00002050,A000098,2024-10-01 08:44:00,4.73,debit,card,fuel,posted
T00002051,A000098,2025-01-11 04:13:00,32.79,debit,p2p,fuel,posted
T00002052,A000098,2024-08-18 21:30:00,23.69,debit,card,online_retail,posted
T00002053,A000098,2025-03-01 01:58:00,16.43,debit,p2p,dining,posted
T00002054,A000098,2025-12-18 07:07:00,3008.17,credit,ach,,posted
T00002055,A000098,2025-01-06 07:13:00,3.52,debit,atm,fuel,posted
T00002056,A000098,2025-04-23 14:29:00,19.11,debit,atm,grocery,declined
T00002057,A000099,2025-11-02 23:30:00,3309.29,credit,ach,,posted
T00002058,A000099,2025-11-18 01:15:00,10.57,debit,card,fuel,posted
T00002059,A000099,2025-09-08 23:52:00,2155.21,credit,ach,,posted
T00002060,A000099,2025-08-31 04:57:00,19.77,debit,card,fuel,posted
T00002061,A000099,2025-12-03 04:23:00,11.26,debit,card,healthcare,posted
T00002062,A000099,2025-10-24 13:46:00,2507.87,credit,ach,,posted
T00002063,A000099,2025-12-20 20:37:00,2329.52,credit,ach,,posted
T00002064,A000099,2025-12-20 23:36:00,317.59,debit,p2p,dining,posted
T00002065,A000099,2025-12-25 13:02:00,44.75,debit,card,grocery,posted
T00002066,A000099,2025-10-10 04:52:00,82.12,debit,card,fuel,posted
T00002067,A000099,2025-10-22 12:06:00,1049.32,credit,ach,,posted
T00002068,A000099,2025-09-06 21:55:00,21.96,debit,card,travel,posted
T00002069,A000099,2025-08-19 22:04:00,2076.51,credit,ach,,posted
T00002070,A000099,2025-09-28 04:58:00,2570.52,credit,ach,,posted
T00002071,A000099,2025-11-03 15:19:00,3613.26,credit,ach,,posted
T00002072,A000099,2025-11-13 12:45:00,33.57,debit,p2p,fuel,posted
T00002073,A000099,2025-09-19 06:28:00,38.58,debit,card,utilities,posted
T00002074,A000099,2025-12-29 01:24:00,81.67,debit,card,healthcare,posted
T00002075,A000099,2025-10-26 12:01:00,19.56,debit,ach,utilities,posted
T00002076,A000099,2025-11-25 06:56:00,419.66,debit,card,travel,posted
T00002077,A000099,2025-09-17 01:53:00,38.38,debit,card,healthcare,posted
T00002078,A000099,2025-08-19 03:26:00,56.42,debit,card,online_retail,posted
T00002079,A000099,2025-12-29 12:20:00,11.45,debit,card,grocery,posted
T00002080,A000099,2025-11-24 16:28:00,76.8,debit,p2p,fuel,posted
T00002081,A000099,2025-09-01 11:04:00,22.78,debit,card,fuel,posted
T00002082,A000099,2025-11-03 08:04:00,44.19,debit,card,grocery,posted
T00002083,A000099,2025-10-08 06:33:00,36.7,debit,p2p,travel,posted
T00002084,A000099,2025-12-16 01:46:00,569.58,credit,ach,,posted
T00002085,A000099,2025-10-06 01:56:00,68.45,debit,card,healthcare,posted
T00002086,A000099,2025-08-29 22:21:00,43.1,debit,card,grocery,declined
T00002087,A000100,2025-12-27 06:17:00,126.77,debit,ach,entertainment,posted
T00002088,A000100,2025-12-31 15:08:00,23.79,debit,card,dining,posted
T00002089,A000100,2025-12-30 19:17:00,30.1,debit,ach,entertainment,posted
T00002090,A000100,2025-12-31 00:36:00,48.8,debit,card,grocery,posted
T00002091,A000100,2025-12-30 00:10:00,20.07,debit,card,travel,declined
T00002092,A000100,2025-12-29 16:38:00,9.13,debit,p2p,grocery,posted
T00002093,A000100,2025-12-29 04:02:00,2472.32,credit,ach,,posted
T00002094,A000100,2025-12-30 15:18:00,27.81,debit,card,utilities,posted
T00002095,A000100,2025-12-30 23:17:00,104.67,debit,card,grocery,posted
T00002096,A000100,2025-12-28 19:20:00,35.05,debit,p2p,utilities,posted
T00002097,A000100,2025-12-30 05:15:00,20.9,debit,card,healthcare,posted
T00002098,A000100,2025-12-29 05:29:00,20.83,debit,card,dining,posted
T00002099,A000100,2025-12-30 06:44:00,1909.99,credit,ach,,posted
T00002100,A000100,2025-12-28 21:41:00,58.11,debit,p2p,fuel,posted
T00002101,A000100,2025-12-28 12:52:00,22.21,debit,p2p,grocery,posted
T00002102,A000100,2025-12-28 07:08:00,5.69,debit,card,entertainment,posted
T00002103,A000100,2025-12-31 00:09:00,7.73,debit,p2p,grocery,posted
T00002104,A000100,2025-12-30 10:52:00,101.7,debit,atm,entertainment,posted
T00002105,A000100,2025-12-31 08:51:00,28.93,debit,card,dining,posted
T00002106,A000100,2025-12-30 13:31:00,11.31,debit,p2p,grocery,posted
T00002107,A000100,2025-12-28 14:32:00,2541.15,credit,ach,,posted
T00002108,A000100,2025-12-31 01:35:00,110.62,debit,card,healthcare,posted
T00002109,A000101,2025-11-11 08:35:00,24.01,debit,card,grocery,posted
T00002110,A000101,2025-10-15 02:09:00,1897.02,credit,ach,,posted
T00002111,A000101,2025-08-03 20:50:00,81.66,debit,p2p,dining,posted
T00002112,A000101,2025-11-27 20:50:00,166.23,debit,card,fuel,posted
T00002113,A000101,2025-07-11 20:52:00,106.11,debit,p2p,grocery,posted
T00002114,A000101,2025-07-17 14:37:00,2183.67,credit,ach,,posted
T00002115,A000101,2025-11-24 04:24:00,79.02,debit,atm,healthcare,posted
T00002116,A000101,2025-12-07 14:58:00,2998.47,credit,ach,,posted
T00002117,A000101,2025-11-07 10:29:00,24.35,debit,atm,travel,reversed
T00002118,A000101,2025-08-22 10:22:00,6.51,debit,card,dining,posted
T00002119,A000101,2025-12-20 06:06:00,24.87,debit,card,entertainment,posted
T00002120,A000101,2025-07-13 11:08:00,37.02,debit,atm,travel,posted
T00002121,A000101,2025-09-14 08:02:00,133.93,debit,card,online_retail,posted
T00002122,A000101,2025-08-24 12:34:00,5.59,debit,ach,dining,posted
T00002123,A000101,2025-12-01 20:28:00,28.39,debit,card,fuel,posted
T00002124,A000101,2025-09-20 20:17:00,34.08,debit,ach,utilities,posted
T00002125,A000101,2025-09-02 13:46:00,12.79,debit,card,online_retail,posted
T00002126,A000101,2025-11-09 16:42:00,916.59,credit,ach,,posted
T00002127,A000102,2025-08-17 14:45:00,59.53,debit,card,entertainment,posted
T00002128,A000102,2025-09-23 12:35:00,37.42,debit,p2p,online_retail,posted
T00002129,A000102,2025-11-01 09:41:00,3375.76,credit,ach,,posted
T00002130,A000102,2025-07-31 02:24:00,51.19,debit,card,utilities,posted
T00002131,A000102,2025-10-12 13:51:00,6.22,debit,ach,utilities,posted
T00002132,A000102,2025-11-18 03:22:00,43.49,debit,atm,dining,posted
T00002133,A000102,2025-09-17 08:47:00,10.18,debit,card,healthcare,posted
T00002134,A000102,2025-06-03 20:53:00,67.02,debit,card,entertainment,posted
T00002135,A000102,2025-12-29 01:45:00,65.58,debit,ach,entertainment,posted
T00002136,A000102,2025-11-20 04:37:00,125.08,debit,card,travel,declined
T00002137,A000102,2025-11-29 00:51:00,3866.1,credit,ach,,posted
T00002138,A000102,2025-11-23 00:36:00,54.52,debit,card,dining,posted
T00002139,A000102,2025-07-03 13:24:00,138.93,debit,card,grocery,posted
T00002140,A000102,2025-08-04 23:25:00,4.4,debit,card,fuel,posted
T00002141,A000102,2025-12-16 04:08:00,38.78,debit,card,entertainment,declined
T00002142,A000102,2025-10-04 07:57:00,12.97,debit,card,entertainment,posted
T00002143,A000102,2025-10-20 02:20:00,1565.5,credit,ach,,posted
T00002144,A000102,2025-06-15 08:18:00,1074.72,credit,ach,,posted
T00002145,A000102,2025-12-21 11:04:00,28.14,debit,ach,grocery,posted
T00002146,A000102,2025-08-22 07:31:00,26.54,debit,p2p,online_retail,posted
T00002147,A000102,2025-10-27 12:57:00,16.8,debit,card,fuel,posted
T00002148,A000102,2025-09-05 12:54:00,71.01,debit,card,grocery,posted
T00002149,A000102,2025-12-21 17:20:00,1126.15,credit,ach,,posted
T00002150,A000102,2025-08-11 02:46:00,88.28,debit,p2p,healthcare,posted
T00002151,A000102,2025-07-01 17:58:00,39.58,debit,card,travel,posted
T00002152,A000102,2025-08-16 08:24:00,56.62,debit,ach,utilities,posted
T00002153,A000102,2025-07-05 04:22:00,1412.5,credit,ach,,posted
T00002154,A000102,2025-09-10 16:33:00,67.13,debit,card,grocery,posted
T00002155,A000102,2025-10-12 10:18:00,2234.41,credit,ach,,posted
T00002156,A000102,2025-06-09 16:12:00,2349.18,credit,ach,,posted
T00002157,A000102,2025-05-29 01:06:00,192.82,debit,card,utilities,posted
T00002158,A000102,2025-06-06 10:05:00,15.55,debit,p2p,healthcare,posted
T00002159,A000102,2025-06-11 00:31:00,8.74,debit,card,healthcare,posted
T00002160,A000102,2025-08-05 13:19:00,3163.45,credit,ach,,posted
T00002161,A000102,2025-08-28 20:35:00,165.37,debit,card,dining,posted
T00002162,A000102,2025-07-22 05:45:00,132.35,debit,card,online_retail,posted
T00002163,A000103,2025-08-10 10:58:00,3.68,debit,card,utilities,posted
T00002164,A000103,2024-09-12 12:26:00,15.61,debit,card,grocery,posted
T00002165,A000103,2025-11-13 12:27:00,4.75,debit,card,fuel,posted
T00002166,A000103,2024-11-07 08:02:00,1618.31,credit,ach,,posted
T00002167,A000103,2025-06-26 04:11:00,9.5,debit,atm,grocery,posted
T00002168,A000103,2025-08-04 23:39:00,65.25,debit,card,utilities,posted
T00002169,A000104,2025-10-21 18:06:00,2746.1,credit,ach,,posted
T00002170,A000104,2025-11-29 03:50:00,1351.4,credit,ach,,posted
T00002171,A000104,2025-11-18 13:43:00,13.18,debit,p2p,healthcare,posted
T00002172,A000104,2025-11-09 19:28:00,34.33,debit,card,fuel,posted
T00002173,A000104,2025-11-24 07:27:00,51.69,debit,card,utilities,posted
T00002174,A000104,2025-11-25 05:39:00,15.3,debit,card,online_retail,posted
T00002175,A000104,2025-12-01 12:23:00,37.16,debit,ach,healthcare,declined
T00002176,A000104,2025-11-27 07:55:00,28.22,debit,ach,online_retail,posted
T00002177,A000104,2025-12-06 18:44:00,17.3,debit,card,healthcare,posted
T00002178,A000104,2025-11-14 21:14:00,46.92,debit,atm,healthcare,posted
T00002179,A000104,2025-11-19 23:15:00,1208.92,credit,ach,,posted
T00002180,A000104,2025-12-02 15:59:00,19.6,debit,card,fuel,posted
T00002181,A000104,2025-12-10 06:47:00,98.92,debit,card,utilities,posted
T00002182,A000104,2025-11-17 16:47:00,44.58,debit,card,healthcare,posted
T00002183,A000104,2025-10-01 09:36:00,61.59,debit,p2p,dining,posted
T00002184,A000104,2025-11-23 07:43:00,10.19,debit,p2p,travel,posted
T00002185,A000104,2025-09-16 00:15:00,3322.41,credit,ach,,posted
T00002186,A000104,2025-11-30 01:30:00,265.3,debit,card,utilities,posted
T00002187,A000105,2025-11-21 17:57:00,37.02,debit,atm,utilities,posted
T00002188,A000105,2025-08-20 04:07:00,26.65,debit,card,entertainment,posted
T00002189,A000105,2025-10-11 20:17:00,48.07,debit,atm,utilities,posted
T00002190,A000105,2025-11-01 06:58:00,45.19,debit,atm,utilities,posted
T00002191,A000105,2025-10-30 18:16:00,5.1,debit,atm,healthcare,posted
T00002192,A000105,2025-12-13 14:05:00,25.69,debit,ach,travel,posted
T00002193,A000105,2025-09-15 19:07:00,3845.76,credit,ach,,posted
T00002194,A000105,2025-10-18 18:01:00,3216.25,credit,ach,,posted
T00002195,A000105,2025-12-22 08:46:00,53.96,debit,card,travel,posted
T00002196,A000105,2025-09-28 06:30:00,25.35,debit,card,utilities,posted
T00002197,A000105,2025-08-15 09:02:00,42.64,debit,card,grocery,declined
T00002198,A000105,2025-11-09 15:38:00,758.7,credit,ach,,posted
T00002199,A000105,2025-12-07 02:06:00,96.61,debit,card,grocery,posted
T00002200,A000105,2025-10-08 20:57:00,44.72,debit,ach,healthcare,posted
T00002201,A000105,2025-11-01 17:02:00,4.78,debit,card,travel,posted
T00002202,A000105,2025-08-21 06:16:00,61.6,debit,p2p,utilities,posted
T00002203,A000105,2025-08-05 06:20:00,1989.13,credit,ach,,posted
T00002204,A000105,2025-12-12 21:06:00,209.62,debit,card,healthcare,posted
T00002205,A000105,2025-10-11 15:06:00,56.69,debit,atm,utilities,posted
T00002206,A000105,2025-07-25 04:19:00,178.53,debit,atm,dining,posted
T00002207,A000105,2025-08-20 04:53:00,78.2,debit,card,entertainment,posted
T00002208,A000105,2025-08-09 19:13:00,30.49,debit,ach,healthcare,posted
T00002209,A000105,2025-11-07 06:38:00,2439.38,credit,ach,,declined
T00002210,A000105,2025-07-30 20:31:00,12.75,debit,card,fuel,posted
T00002211,A000105,2025-08-28 03:22:00,11.27,debit,card,grocery,posted
T00002212,A000105,2025-11-08 21:11:00,26.72,debit,card,online_retail,posted
T00002213,A000105,2025-10-11 05:48:00,8.73,debit,card,entertainment,posted
T00002214,A000105,2025-12-20 22:39:00,54.01,debit,ach,healthcare,posted
T00002215,A000105,2025-11-27 18:38:00,704.24,credit,ach,,posted
T00002216,A000105,2025-12-19 20:44:00,27.74,debit,atm,healthcare,posted
T00002217,A000105,2025-10-22 16:18:00,69.39,debit,atm,dining,posted
T00002218,A000105,2025-10-28 12:08:00,22.76,debit,card,healthcare,posted
T00002219,A000106,2024-07-04 21:02:00,3506.57,credit,ach,,posted
T00002220,A000106,2025-03-19 03:53:00,3953.9,credit,ach,,posted
T00002221,A000106,2025-08-16 05:16:00,2951.52,credit,ach,,posted
T00002222,A000106,2024-09-24 00:00:00,134.48,debit,p2p,grocery,posted
T00002223,A000106,2024-09-21 15:08:00,7.96,debit,card,dining,posted
T00002224,A000106,2024-11-23 04:14:00,1018.29,credit,ach,,posted
T00002225,A000106,2024-11-16 09:00:00,22.84,debit,p2p,travel,posted
T00002226,A000106,2025-04-11 01:00:00,12.08,debit,card,travel,posted
T00002227,A000106,2024-09-23 22:07:00,25.27,debit,card,travel,posted
T00002228,A000106,2025-09-07 04:10:00,35.18,debit,card,healthcare,posted
T00002229,A000106,2025-06-14 15:35:00,45.44,debit,card,grocery,posted
T00002230,A000106,2025-12-16 00:54:00,3632.34,credit,ach,,posted
T00002231,A000106,2025-04-01 22:21:00,770.2,credit,ach,,posted
T00002232,A000106,2024-10-18 16:48:00,90.02,debit,ach,healthcare,posted
T00002233,A000106,2025-04-01 23:56:00,36.79,debit,atm,travel,posted
T00002234,A000106,2025-01-24 11:31:00,47.04,debit,card,travel,posted
T00002235,A000106,2024-10-07 21:09:00,3383.68,credit,ach,,posted
T00002236,A000106,2025-09-09 08:59:00,6.7,debit,p2p,grocery,posted
T00002237,A000106,2025-05-16 17:20:00,41.61,debit,card,utilities,posted
T00002238,A000106,2024-06-11 13:38:00,37.33,debit,card,online_retail,posted
T00002239,A000106,2025-11-25 19:51:00,10.39,debit,ach,travel,posted
T00002240,A000106,2025-03-17 11:28:00,11.59,debit,ach,healthcare,posted
T00002241,A000106,2025-01-25 13:42:00,10.19,debit,atm,grocery,posted
T00002242,A000106,2024-12-27 15:46:00,56.96,debit,ach,utilities,posted
T00002243,A000106,2025-09-24 15:55:00,2.84,debit,card,utilities,posted
T00002244,A000106,2025-02-12 23:09:00,14.87,debit,card,grocery,posted
T00002245,A000106,2025-09-19 22:08:00,58.79,debit,ach,dining,posted
T00002246,A000106,2025-05-23 10:29:00,10.0,debit,p2p,healthcare,posted
T00002247,A000106,2025-03-22 05:23:00,5.02,debit,card,fuel,posted
T00002248,A000106,2025-05-23 21:38:00,16.4,debit,card,online_retail,posted
T00002249,A000106,2024-10-31 16:24:00,1478.37,credit,ach,,posted
T00002250,A000106,2024-11-01 19:27:00,45.06,debit,card,entertainment,posted
T00002251,A000106,2024-11-18 19:08:00,14.11,debit,card,dining,posted
T00002252,A000106,2025-02-12 18:11:00,25.66,debit,card,healthcare,posted
T00002253,A000106,2024-10-18 11:48:00,1254.07,credit,ach,,posted
T00002254,A000107,2025-10-15 01:19:00,106.69,debit,card,fuel,posted
T00002255,A000107,2025-03-21 21:37:00,2517.59,credit,ach,,posted
T00002256,A000107,2025-05-20 11:39:00,2614.68,credit,ach,,posted
T00002257,A000107,2025-03-04 00:03:00,9.05,debit,card,healthcare,posted
T00002258,A000107,2025-04-16 05:53:00,104.05,debit,atm,entertainment,posted
T00002259,A000107,2025-08-08 11:38:00,83.61,debit,p2p,fuel,posted
T00002260,A000107,2025-06-27 11:46:00,5.02,debit,card,healthcare,posted
T00002261,A000107,2025-09-28 14:58:00,63.04,debit,ach,utilities,posted
T00002262,A000107,2025-06-28 07:28:00,3090.32,credit,ach,,posted
T00002263,A000107,2025-07-31 06:43:00,26.75,debit,ach,online_retail,posted
T00002264,A000107,2025-05-02 21:30:00,53.38,debit,card,fuel,posted
T00002265,A000107,2025-12-29 10:30:00,27.86,debit,atm,grocery,posted
T00002266,A000107,2025-06-06 02:43:00,2174.61,credit,ach,,posted
T00002267,A000107,2025-09-15 00:24:00,30.99,debit,card,travel,posted
T00002268,A000107,2025-05-13 21:31:00,1745.08,credit,ach,,posted
T00002269,A000108,2025-11-22 20:33:00,49.36,debit,card,entertainment,posted
T00002270,A000108,2025-10-30 04:38:00,71.79,debit,card,travel,posted
T00002271,A000108,2025-09-25 07:44:00,16.8,debit,card,healthcare,posted
T00002272,A000108,2025-10-10 04:30:00,35.94,debit,ach,travel,posted
T00002273,A000108,2025-12-23 13:21:00,89.58,debit,card,fuel,posted
T00002274,A000108,2025-09-12 08:42:00,12.08,debit,card,fuel,posted
T00002275,A000108,2025-10-13 11:04:00,1.39,debit,card,online_retail,posted
T00002276,A000108,2025-10-20 15:53:00,2.33,debit,ach,entertainment,declined
T00002277,A000108,2025-10-23 16:28:00,39.69,debit,card,utilities,posted
T00002278,A000108,2025-09-17 00:19:00,27.91,debit,p2p,healthcare,posted
T00002279,A000108,2025-11-11 03:09:00,8.83,debit,card,entertainment,posted
T00002280,A000108,2025-12-22 05:38:00,131.71,debit,p2p,entertainment,posted
T00002281,A000108,2025-10-12 08:43:00,39.86,debit,atm,online_retail,posted
T00002282,A000109,2025-05-31 06:18:00,310.05,debit,atm,grocery,posted
T00002283,A000109,2025-07-21 15:46:00,67.46,debit,card,utilities,posted
T00002284,A000109,2025-05-07 14:01:00,2774.06,credit,ach,,posted
T00002285,A000109,2025-05-17 09:28:00,7.51,debit,card,grocery,posted
T00002286,A000109,2025-10-19 22:17:00,61.39,debit,ach,entertainment,posted
T00002287,A000109,2025-06-13 13:40:00,992.19,credit,ach,,posted
T00002288,A000109,2025-12-30 16:27:00,894.88,credit,ach,,declined
T00002289,A000109,2025-12-06 04:01:00,72.47,debit,p2p,utilities,posted
T00002290,A000109,2025-11-19 08:49:00,36.34,debit,card,healthcare,posted
T00002291,A000109,2025-10-13 18:24:00,3264.94,credit,ach,,posted
T00002292,A000109,2025-12-30 22:34:00,32.85,debit,card,travel,posted
T00002293,A000109,2025-11-28 10:40:00,42.78,debit,ach,fuel,posted
T00002294,A000109,2025-07-27 13:17:00,63.21,debit,card,fuel,posted
T00002295,A000109,2025-07-27 02:58:00,360.48,debit,card,dining,posted
T00002296,A000109,2025-07-17 09:25:00,1707.43,credit,ach,,posted
T00002297,A000109,2025-10-24 22:57:00,11.93,debit,p2p,grocery,posted
T00002298,A000110,2024-09-08 09:03:00,9.4,debit,p2p,online_retail,posted
T00002299,A000110,2025-02-11 10:12:00,47.72,debit,atm,travel,posted
T00002300,A000110,2025-10-20 10:22:00,8.3,debit,card,dining,posted
T00002301,A000110,2025-12-18 10:24:00,29.54,debit,card,grocery,posted
T00002302,A000110,2025-10-24 21:06:00,60.09,debit,atm,travel,posted
T00002303,A000110,2024-10-21 13:05:00,2305.85,credit,ach,,posted
T00002304,A000110,2025-12-19 13:07:00,2499.5,credit,ach,,posted
T00002305,A000110,2025-08-06 14:22:00,52.32,debit,card,fuel,posted
T00002306,A000110,2025-11-07 01:46:00,36.59,debit,card,online_retail,posted
T00002307,A000113,2025-07-29 11:27:00,71.94,debit,card,online_retail,declined
T00002308,A000113,2025-02-04 18:41:00,56.55,debit,card,healthcare,posted
T00002309,A000113,2024-12-12 03:29:00,55.54,debit,card,dining,posted
T00002310,A000113,2025-07-04 08:59:00,40.8,debit,card,grocery,posted
T00002311,A000113,2025-11-02 06:00:00,2304.03,credit,ach,,posted
T00002312,A000113,2025-11-27 14:11:00,20.34,debit,atm,travel,posted
T00002313,A000113,2024-11-05 20:23:00,50.98,debit,card,online_retail,posted
T00002314,A000113,2025-05-07 03:15:00,2405.29,credit,ach,,posted
T00002315,A000113,2024-10-04 17:58:00,21.7,debit,card,entertainment,posted
T00002316,A000114,2025-11-03 22:54:00,2193.23,credit,ach,,posted
T00002317,A000114,2025-10-08 23:48:00,3575.87,credit,ach,,posted
T00002318,A000114,2025-07-19 10:08:00,30.98,debit,ach,travel,posted
T00002319,A000114,2025-11-15 01:00:00,239.67,debit,card,fuel,posted
T00002320,A000114,2025-12-03 09:31:00,2872.34,credit,ach,,posted
T00002321,A000114,2025-12-20 21:30:00,60.03,debit,ach,dining,posted
T00002322,A000114,2025-12-31 22:57:00,7.03,debit,atm,entertainment,posted
T00002323,A000114,2025-09-15 22:39:00,72.3,debit,ach,healthcare,posted
T00002324,A000114,2025-11-16 19:46:00,34.95,debit,card,utilities,posted
T00002325,A000114,2025-11-18 22:23:00,3776.59,credit,ach,,posted
T00002326,A000114,2025-07-19 21:24:00,11.5,debit,p2p,travel,declined
T00002327,A000114,2025-07-30 04:53:00,765.79,credit,ach,,posted
T00002328,A000114,2025-11-20 22:00:00,23.78,debit,atm,travel,posted
T00002329,A000114,2025-12-26 03:21:00,43.48,debit,card,grocery,posted
T00002330,A000114,2025-07-08 01:04:00,64.37,debit,card,grocery,posted
T00002331,A000114,2025-07-18 12:22:00,102.53,debit,ach,online_retail,posted
T00002332,A000114,2025-11-03 06:14:00,34.66,debit,card,entertainment,posted
T00002333,A000114,2025-11-14 05:06:00,22.48,debit,card,healthcare,posted
T00002334,A000114,2025-12-12 16:59:00,157.51,debit,atm,travel,posted
T00002335,A000115,2025-07-17 02:31:00,83.01,debit,card,fuel,posted
T00002336,A000115,2025-06-13 09:25:00,32.99,debit,card,grocery,posted
T00002337,A000115,2025-06-13 00:34:00,10.91,debit,atm,healthcare,posted
T00002338,A000115,2025-09-12 02:37:00,3179.92,credit,ach,,posted
T00002339,A000115,2025-06-14 15:56:00,3840.25,credit,ach,,posted
T00002340,A000115,2025-05-01 20:44:00,113.58,debit,ach,travel,posted
T00002341,A000116,2025-09-29 02:58:00,3028.34,credit,ach,,posted
T00002342,A000116,2025-12-04 19:37:00,2435.66,credit,ach,,posted
T00002343,A000116,2025-12-30 00:51:00,120.95,debit,card,fuel,posted
T00002344,A000116,2025-10-27 10:44:00,6.44,debit,p2p,fuel,posted
T00002345,A000116,2025-10-04 19:47:00,3732.12,credit,ach,,posted
T00002346,A000116,2025-12-18 14:26:00,15.51,debit,card,grocery,posted
T00002347,A000116,2025-10-08 04:08:00,29.07,debit,p2p,utilities,posted
T00002348,A000116,2025-12-26 08:49:00,8.98,debit,atm,travel,posted
T00002349,A000116,2025-10-09 01:22:00,48.67,debit,card,entertainment,posted
T00002350,A000116,2025-11-04 04:06:00,11.37,debit,card,entertainment,reversed
T00002351,A000116,2025-12-30 11:41:00,3049.66,credit,ach,,posted
T00002352,A000116,2025-11-29 13:30:00,8.45,debit,ach,fuel,posted
T00002353,A000116,2025-12-06 06:26:00,25.93,debit,atm,online_retail,posted
T00002354,A000116,2025-12-30 20:25:00,59.0,debit,ach,fuel,posted
T00002355,A000116,2025-10-21 13:27:00,35.94,debit,card,travel,posted
T00002356,A000116,2025-11-17 02:25:00,22.88,debit,atm,grocery,posted
T00002357,A000116,2025-12-11 18:15:00,37.56,debit,card,online_retail,posted
T00002358,A000117,2025-04-09 04:27:00,47.06,debit,card,grocery,posted
T00002359,A000117,2024-11-18 17:23:00,35.91,debit,card,utilities,posted
T00002360,A000117,2025-03-27 03:57:00,22.8,debit,p2p,travel,posted
T00002361,A000117,2025-12-15 04:37:00,24.98,debit,p2p,entertainment,posted
T00002362,A000117,2024-10-11 09:33:00,42.12,debit,p2p,fuel,posted
T00002363,A000117,2025-03-30 17:53:00,20.48,debit,card,travel,posted
T00002364,A000117,2025-09-14 04:37:00,932.22,credit,ach,,posted
T00002365,A000117,2024-10-29 10:40:00,2753.11,credit,ach,,posted
T00002366,A000117,2025-06-30 01:31:00,20.62,debit,card,fuel,reversed
T00002367,A000117,2024-11-04 07:54:00,2616.55,credit,ach,,posted
T00002368,A000117,2025-07-04 17:01:00,20.2,debit,ach,healthcare,posted
T00002369,A000117,2025-08-08 18:28:00,25.75,debit,atm,utilities,reversed
T00002370,A000117,2025-08-06 10:31:00,179.49,debit,card,utilities,posted
T00002371,A000117,2025-07-19 19:23:00,7.4,debit,p2p,entertainment,posted
T00002372,A000117,2025-02-15 20:19:00,24.71,debit,atm,dining,posted
T00002373,A000117,2025-07-15 13:57:00,47.13,debit,card,travel,posted
T00002374,A000117,2025-11-03 08:32:00,1538.36,credit,ach,,posted
T00002375,A000117,2024-12-09 21:59:00,38.14,debit,card,healthcare,posted
T00002376,A000117,2024-12-02 13:25:00,34.46,debit,card,entertainment,posted
T00002377,A000117,2025-05-09 15:00:00,87.37,debit,card,healthcare,posted
T00002378,A000117,2025-06-22 17:13:00,47.71,debit,atm,healthcare,reversed
T00002379,A000117,2025-08-02 10:55:00,11.67,debit,card,online_retail,posted
T00002380,A000117,2025-02-14 23:02:00,36.29,debit,card,grocery,posted
T00002381,A000117,2024-11-22 08:11:00,207.22,debit,p2p,grocery,posted
T00002382,A000117,2025-03-30 07:58:00,40.94,debit,card,grocery,posted
T00002383,A000117,2025-11-30 00:04:00,4.13,debit,card,utilities,reversed
T00002384,A000117,2024-08-25 21:11:00,13.72,debit,card,dining,posted
T00002385,A000117,2025-04-08 19:16:00,91.39,debit,card,entertainment,posted
T00002386,A000117,2025-10-14 10:12:00,3025.43,credit,ach,,posted
T00002387,A000117,2024-10-10 04:15:00,39.65,debit,card,healthcare,posted
T00002388,A000117,2025-11-10 14:52:00,57.53,debit,ach,fuel,posted
T00002389,A000117,2025-02-06 03:44:00,1772.17,credit,ach,,posted
T00002390,A000117,2024-11-20 17:45:00,22.31,debit,card,utilities,posted
T00002391,A000117,2025-03-22 01:51:00,19.94,debit,ach,utilities,posted
T00002392,A000117,2025-02-13 10:48:00,96.88,debit,ach,fuel,posted
T00002393,A000118,2025-11-10 13:29:00,2047.92,credit,ach,,posted
T00002394,A000118,2025-11-14 02:42:00,10.59,debit,atm,fuel,posted
T00002395,A000118,2025-11-29 03:11:00,11.15,debit,card,entertainment,posted
T00002396,A000118,2025-10-29 18:39:00,27.93,debit,p2p,healthcare,posted
T00002397,A000118,2025-11-27 19:38:00,99.26,debit,card,online_retail,posted
T00002398,A000118,2025-11-15 04:58:00,65.74,debit,atm,dining,posted
T00002399,A000118,2025-11-24 08:50:00,3213.9,credit,ach,,posted
T00002400,A000118,2025-11-01 09:32:00,43.52,debit,card,travel,posted
T00002401,A000118,2025-12-13 01:54:00,50.58,debit,card,dining,posted
T00002402,A000118,2025-11-13 15:23:00,27.44,debit,p2p,dining,posted
T00002403,A000118,2025-12-09 09:37:00,1498.33,credit,ach,,posted
T00002404,A000118,2025-11-07 16:54:00,46.31,debit,p2p,online_retail,posted
T00002405,A000118,2025-11-07 01:43:00,32.09,debit,atm,dining,posted
T00002406,A000118,2025-12-19 04:43:00,44.48,debit,card,dining,posted
T00002407,A000118,2025-11-24 05:32:00,1995.76,credit,ach,,posted
T00002408,A000118,2025-11-07 23:03:00,29.87,debit,card,fuel,posted
T00002409,A000118,2025-11-28 12:36:00,80.07,debit,atm,entertainment,posted
T00002410,A000118,2025-12-28 03:49:00,979.18,credit,ach,,posted
T00002411,A000118,2025-12-24 15:00:00,3.05,debit,atm,dining,posted
T00002412,A000118,2025-11-22 01:16:00,17.52,debit,atm,healthcare,posted
T00002413,A000118,2025-11-28 17:31:00,72.71,debit,card,healthcare,posted
T00002414,A000118,2025-12-17 01:15:00,323.81,debit,card,healthcare,posted
T00002415,A000118,2025-12-25 21:22:00,35.84,debit,card,travel,posted
T00002416,A000118,2025-11-13 14:11:00,3549.72,credit,ach,,posted
T00002417,A000118,2025-11-28 07:17:00,12.26,debit,card,grocery,posted
T00002418,A000118,2025-11-18 11:50:00,610.34,credit,ach,,posted
T00002419,A000118,2025-11-22 21:46:00,3132.91,credit,ach,,posted
T00002420,A000118,2025-11-12 23:49:00,11.75,debit,atm,dining,posted
T00002421,A000118,2025-12-28 07:47:00,41.63,debit,ach,healthcare,posted
T00002422,A000118,2025-11-02 01:01:00,31.65,debit,card,healthcare,posted
T00002423,A000118,2025-12-13 00:50:00,38.26,debit,card,fuel,posted
T00002424,A000118,2025-10-28 16:23:00,885.45,credit,ach,,posted
T00002425,A000118,2025-11-07 19:16:00,21.03,debit,card,healthcare,posted
T00002426,A000118,2025-11-15 19:25:00,26.73,debit,card,entertainment,posted
T00002427,A000118,2025-11-07 07:28:00,47.37,debit,atm,healthcare,posted
T00002428,A000118,2025-12-21 07:37:00,69.06,debit,ach,travel,posted
T00002429,A000118,2025-12-14 11:31:00,844.56,credit,ach,,posted
T00002430,A000118,2025-12-28 23:18:00,8.11,debit,atm,utilities,posted
T00002431,A000118,2025-11-05 09:19:00,73.92,debit,ach,travel,posted
T00002432,A000119,2025-04-09 21:07:00,2099.78,credit,ach,,posted
T00002433,A000119,2025-04-11 05:40:00,24.4,debit,card,dining,posted
T00002434,A000119,2025-12-06 23:26:00,3730.79,credit,ach,,posted
T00002435,A000119,2024-07-07 08:24:00,38.57,debit,p2p,entertainment,posted
T00002436,A000119,2025-01-17 12:35:00,20.34,debit,atm,travel,posted
T00002437,A000120,2025-10-26 02:48:00,46.18,debit,card,healthcare,posted
T00002438,A000120,2025-06-29 08:04:00,1424.78,credit,ach,,posted
T00002439,A000120,2025-12-28 21:09:00,8.95,debit,card,fuel,posted
T00002440,A000120,2025-06-03 16:12:00,2377.66,credit,ach,,posted
T00002441,A000120,2025-09-29 12:41:00,3395.84,credit,ach,,posted
T00002442,A000120,2025-08-25 16:39:00,110.42,debit,card,entertainment,posted
T00002443,A000120,2025-09-28 19:28:00,13.54,debit,ach,online_retail,declined
T00002444,A000120,2025-08-02 16:47:00,2669.34,credit,ach,,posted
T00002445,A000120,2025-12-29 00:27:00,1239.41,credit,ach,,posted
T00002446,A000120,2025-12-07 22:20:00,18.77,debit,p2p,entertainment,declined
T00002447,A000120,2025-08-04 11:28:00,181.74,debit,card,healthcare,posted
T00002448,A000120,2025-10-05 13:13:00,37.03,debit,p2p,travel,posted
T00002449,A000120,2025-10-26 22:37:00,89.87,debit,atm,grocery,posted
T00002450,A000120,2025-06-25 20:52:00,769.01,credit,ach,,reversed
T00002451,A000120,2025-07-31 06:50:00,13.17,debit,atm,travel,posted
T00002452,A000120,2025-06-02 07:04:00,83.39,debit,p2p,grocery,posted
T00002453,A000120,2025-05-14 09:44:00,7.74,debit,card,online_retail,posted
T00002454,A000120,2025-08-06 16:49:00,7.05,debit,card,dining,posted
T00002455,A000120,2025-12-06 08:46:00,2712.41,credit,ach,,posted
T00002456,A000121,2025-10-11 03:28:00,5.23,debit,atm,fuel,posted
T00002457,A000121,2025-05-23 20:47:00,16.92,debit,card,dining,posted
T00002458,A000121,2025-11-07 07:36:00,25.28,debit,card,utilities,posted
T00002459,A000121,2025-06-06 10:24:00,684.52,credit,ach,,posted
T00002460,A000121,2025-12-15 19:25:00,201.84,debit,p2p,grocery,posted
T00002461,A000121,2025-11-24 22:42:00,157.18,debit,ach,fuel,posted
T00002462,A000121,2025-05-05 17:47:00,273.9,debit,ach,entertainment,posted
T00002463,A000121,2025-07-24 10:41:00,116.29,debit,p2p,dining,posted
T00002464,A000121,2025-08-02 06:39:00,129.24,debit,ach,fuel,posted
T00002465,A000121,2025-08-12 22:18:00,51.0,debit,card,fuel,posted
T00002466,A000121,2025-09-04 03:44:00,2.9,debit,ach,travel,posted
T00002467,A000121,2025-08-17 13:20:00,21.48,debit,p2p,utilities,posted
T00002468,A000121,2025-05-04 05:44:00,284.55,debit,card,utilities,posted
T00002469,A000121,2025-10-15 22:57:00,28.9,debit,card,healthcare,declined
T00002470,A000121,2025-04-23 19:51:00,8.6,debit,card,dining,posted
T00002471,A000121,2025-12-14 01:20:00,46.25,debit,card,dining,posted
T00002472,A000121,2025-05-17 16:58:00,26.78,debit,card,grocery,posted
T00002473,A000121,2025-09-28 12:20:00,9.07,debit,card,grocery,posted
T00002474,A000121,2025-07-17 07:30:00,20.34,debit,ach,fuel,posted
T00002475,A000121,2025-10-13 07:14:00,13.06,debit,card,travel,posted
T00002476,A000121,2025-04-27 19:50:00,3278.97,credit,ach,,posted
T00002477,A000121,2025-07-04 09:00:00,60.94,debit,card,utilities,posted
T00002478,A000121,2025-07-31 09:43:00,15.04,debit,card,healthcare,posted
T00002479,A000121,2025-08-27 23:02:00,69.56,debit,card,fuel,posted
T00002480,A000121,2025-07-18 12:39:00,38.18,debit,ach,utilities,posted
T00002481,A000122,2025-12-04 11:10:00,172.56,debit,p2p,online_retail,posted
T00002482,A000122,2025-11-22 20:55:00,2492.61,credit,ach,,posted
T00002483,A000122,2025-12-08 13:18:00,23.65,debit,ach,healthcare,posted
T00002484,A000122,2025-10-25 14:07:00,34.46,debit,p2p,online_retail,posted
T00002485,A000122,2025-12-01 16:29:00,1461.7,credit,ach,,posted
T00002486,A000122,2025-12-24 19:41:00,24.69,debit,p2p,utilities,posted
T00002487,A000123,2025-04-24 14:44:00,224.15,debit,ach,grocery,posted
T00002488,A000123,2025-07-12 19:28:00,11.86,debit,atm,entertainment,posted
T00002489,A000123,2025-09-17 15:53:00,27.86,debit,atm,online_retail,posted
T00002490,A000123,2025-11-14 13:01:00,18.41,debit,card,fuel,posted
T00002491,A000123,2025-06-15 11:39:00,2.65,debit,card,online_retail,posted
T00002492,A000123,2025-03-09 20:21:00,19.37,debit,card,entertainment,posted
T00002493,A000123,2025-03-24 04:52:00,81.16,debit,ach,fuel,posted
T00002494,A000123,2025-10-15 03:19:00,80.05,debit,atm,travel,posted
T00002495,A000123,2025-11-07 13:47:00,1817.37,credit,ach,,posted
T00002496,A000123,2025-11-19 02:40:00,82.22,debit,card,travel,posted
T00002497,A000123,2025-09-25 17:55:00,1848.77,credit,ach,,posted
T00002498,A000123,2025-08-27 07:01:00,66.66,debit,p2p,healthcare,posted
T00002499,A000123,2025-04-13 19:41:00,3156.82,credit,ach,,posted
T00002500,A000123,2025-11-13 11:09:00,128.67,debit,card,healthcare,posted
T00002501,A000123,2025-03-25 06:24:00,56.88,debit,card,utilities,posted
T00002502,A000123,2025-12-30 08:25:00,64.29,debit,atm,travel,posted
T00002503,A000123,2025-12-01 02:43:00,14.46,debit,atm,healthcare,posted
T00002504,A000123,2025-03-25 14:56:00,934.11,credit,ach,,posted
T00002505,A000123,2025-07-22 11:29:00,22.64,debit,card,healthcare,posted
T00002506,A000123,2025-09-17 14:34:00,87.46,debit,card,entertainment,declined
T00002507,A000123,2025-09-08 19:17:00,251.45,debit,card,online_retail,posted
T00002508,A000123,2025-10-15 23:29:00,30.68,debit,p2p,entertainment,posted
T00002509,A000123,2025-07-14 04:01:00,31.05,debit,card,utilities,posted
T00002510,A000123,2025-08-27 06:19:00,1609.82,credit,ach,,posted
T00002511,A000123,2025-06-15 20:49:00,2676.97,credit,ach,,posted
T00002512,A000123,2025-03-17 20:45:00,3478.87,credit,ach,,posted
T00002513,A000123,2025-09-26 11:25:00,33.59,debit,card,utilities,posted
T00002514,A000123,2025-11-24 10:41:00,23.32,debit,card,travel,posted
T00002515,A000123,2025-05-06 13:27:00,474.92,debit,atm,grocery,posted
T00002516,A000123,2025-03-19 08:29:00,3998.39,credit,ach,,posted
T00002517,A000123,2025-04-05 01:47:00,1576.83,credit,ach,,declined
T00002518,A000124,2025-11-26 13:04:00,2913.02,credit,ach,,posted
T00002519,A000124,2025-09-21 18:47:00,23.42,debit,p2p,dining,posted
T00002520,A000124,2025-07-19 16:13:00,9.36,debit,ach,healthcare,posted
T00002521,A000124,2025-11-01 09:30:00,146.1,debit,atm,healthcare,posted
T00002522,A000124,2025-10-17 00:17:00,65.34,debit,atm,healthcare,posted
T00002523,A000124,2025-06-05 22:39:00,1805.02,credit,ach,,posted
T00002524,A000124,2025-08-10 10:38:00,101.54,debit,card,fuel,posted
T00002525,A000124,2025-06-15 15:27:00,80.7,debit,ach,travel,posted
T00002526,A000124,2025-08-15 05:58:00,1386.82,credit,ach,,posted
T00002527,A000124,2025-06-23 02:34:00,6.98,debit,ach,travel,posted
T00002528,A000124,2025-09-27 02:16:00,61.88,debit,card,entertainment,posted
T00002529,A000124,2025-07-15 04:00:00,2619.98,credit,ach,,posted
T00002530,A000124,2025-05-03 23:55:00,83.32,debit,p2p,entertainment,posted
T00002531,A000124,2025-11-29 11:05:00,136.33,debit,ach,healthcare,posted
T00002532,A000124,2025-12-06 15:30:00,22.28,debit,card,healthcare,posted
T00002533,A000124,2025-09-12 02:22:00,2677.0,credit,ach,,posted
T00002534,A000124,2025-09-13 11:40:00,916.25,credit,ach,,posted
T00002535,A000124,2025-07-21 10:56:00,97.11,debit,p2p,utilities,posted
T00002536,A000124,2025-10-19 02:58:00,3992.86,credit,ach,,declined
T00002537,A000124,2025-07-22 11:51:00,23.98,debit,p2p,fuel,posted
T00002538,A000124,2025-06-20 03:37:00,2363.73,credit,ach,,declined
T00002539,A000124,2025-05-22 17:57:00,10.85,debit,card,healthcare,posted
T00002540,A000124,2025-05-31 22:38:00,5.82,debit,card,entertainment,posted
T00002541,A000124,2025-06-29 01:53:00,34.14,debit,card,utilities,posted
T00002542,A000124,2025-05-21 09:46:00,18.76,debit,atm,online_retail,posted
T00002543,A000124,2025-12-02 01:04:00,29.63,debit,atm,dining,posted
T00002544,A000124,2025-10-03 23:26:00,42.52,debit,card,online_retail,posted
T00002545,A000124,2025-11-04 22:27:00,3300.77,credit,ach,,posted
T00002546,A000125,2025-09-22 17:47:00,39.88,debit,ach,utilities,posted
T00002547,A000125,2025-09-14 13:19:00,19.42,debit,card,grocery,posted
T00002548,A000125,2025-12-29 22:46:00,5.06,debit,card,dining,posted
T00002549,A000125,2025-09-25 13:52:00,4.26,debit,atm,entertainment,posted
T00002550,A000125,2025-11-27 12:10:00,19.4,debit,ach,fuel,posted
T00002551,A000125,2025-10-01 20:17:00,193.04,debit,atm,grocery,posted
T00002552,A000125,2025-11-18 07:08:00,644.7,debit,atm,online_retail,posted
T00002553,A000125,2025-12-13 04:35:00,52.71,debit,card,online_retail,posted
T00002554,A000125,2025-12-10 04:16:00,163.4,debit,card,online_retail,posted
T00002555,A000125,2025-10-19 05:57:00,43.38,debit,atm,grocery,posted
T00002556,A000125,2025-09-25 20:33:00,36.92,debit,card,utilities,posted
T00002557,A000125,2025-12-16 11:54:00,30.83,debit,ach,online_retail,posted
T00002558,A000125,2025-11-20 00:16:00,41.11,debit,ach,utilities,posted
T00002559,A000125,2025-09-19 12:21:00,9.18,debit,card,entertainment,posted
T00002560,A000125,2025-11-11 14:46:00,13.96,debit,p2p,travel,posted
T00002561,A000125,2025-10-26 21:03:00,53.66,debit,ach,grocery,posted
T00002562,A000125,2025-11-07 18:17:00,15.35,debit,p2p,grocery,posted
T00002563,A000125,2025-09-09 06:21:00,3023.61,credit,ach,,posted
T00002564,A000125,2025-11-12 18:51:00,22.12,debit,card,utilities,posted
T00002565,A000125,2025-11-21 22:48:00,2108.61,credit,ach,,posted
T00002566,A000125,2025-09-13 11:14:00,14.32,debit,card,dining,declined
T00002567,A000125,2025-10-29 15:13:00,75.28,debit,card,fuel,posted
T00002568,A000125,2025-10-27 15:00:00,14.07,debit,p2p,healthcare,posted
T00002569,A000125,2025-11-13 23:49:00,75.88,debit,atm,fuel,posted
T00002570,A000126,2025-07-29 21:42:00,34.9,debit,p2p,grocery,posted
T00002571,A000126,2025-03-19 16:13:00,1807.31,credit,ach,,posted
T00002572,A000126,2025-10-10 16:21:00,112.77,debit,ach,entertainment,posted
T00002573,A000126,2025-12-15 15:32:00,3821.82,credit,ach,,posted
T00002574,A000126,2025-10-31 07:30:00,85.1,debit,p2p,entertainment,posted
T00002575,A000126,2025-03-03 07:22:00,8.37,debit,card,online_retail,posted
T00002576,A000126,2025-04-13 16:44:00,8.78,debit,card,dining,declined
T00002577,A000126,2025-02-23 22:40:00,38.25,debit,card,healthcare,posted
T00002578,A000126,2025-03-24 23:41:00,2659.84,credit,ach,,posted
T00002579,A000126,2025-06-02 10:14:00,15.56,debit,card,online_retail,posted
T00002580,A000126,2025-09-02 09:56:00,1911.56,credit,ach,,posted
T00002581,A000126,2025-08-28 07:59:00,110.36,debit,p2p,fuel,posted
T00002582,A000126,2025-03-19 12:50:00,631.74,credit,ach,,posted
T00002583,A000126,2025-07-08 18:30:00,9.19,debit,p2p,travel,posted
T00002584,A000126,2025-12-27 19:10:00,28.16,debit,atm,utilities,posted
T00002585,A000127,2025-05-24 20:55:00,36.56,debit,card,travel,posted
T00002586,A000127,2025-08-13 11:50:00,23.65,debit,card,utilities,posted
T00002587,A000127,2025-04-20 11:15:00,121.48,debit,card,healthcare,posted
T00002588,A000127,2025-06-21 15:08:00,1664.65,credit,ach,,posted
T00002589,A000127,2025-09-12 19:36:00,2597.55,credit,ach,,posted
T00002590,A000127,2025-10-07 13:28:00,33.4,debit,card,dining,posted
T00002591,A000127,2025-10-11 10:46:00,17.42,debit,card,entertainment,posted
T00002592,A000127,2025-09-22 17:08:00,1055.5,credit,ach,,posted
T00002593,A000128,2025-09-23 19:23:00,46.1,debit,atm,healthcare,posted
T00002594,A000128,2025-12-20 19:49:00,42.49,debit,card,dining,posted
T00002595,A000128,2025-11-02 11:04:00,2871.55,credit,ach,,posted
T00002596,A000128,2025-08-23 09:38:00,14.26,debit,ach,utilities,posted
T00002597,A000128,2025-09-13 16:48:00,4.49,debit,card,entertainment,posted
T00002598,A000128,2025-11-20 13:22:00,31.5,debit,card,utilities,posted
T00002599,A000128,2025-09-21 20:53:00,142.82,debit,ach,entertainment,posted
T00002600,A000128,2025-11-12 18:11:00,324.02,debit,card,grocery,posted
T00002601,A000128,2025-09-29 09:55:00,1236.78,credit,ach,,posted
T00002602,A000128,2025-11-26 03:03:00,52.34,debit,card,utilities,posted
T00002603,A000128,2025-10-05 07:42:00,3630.51,credit,ach,,posted
T00002604,A000128,2025-12-14 15:08:00,3799.04,credit,ach,,posted
T00002605,A000128,2025-12-05 10:25:00,17.28,debit,atm,entertainment,posted
T00002606,A000128,2025-11-07 17:21:00,25.16,debit,atm,online_retail,posted
T00002607,A000128,2025-09-05 17:23:00,25.46,debit,atm,online_retail,posted
T00002608,A000128,2025-12-30 09:53:00,28.11,debit,p2p,utilities,posted
T00002609,A000128,2025-08-29 06:26:00,1246.92,credit,ach,,posted
T00002610,A000128,2025-10-15 14:00:00,30.56,debit,p2p,entertainment,posted
T00002611,A000128,2025-08-23 08:46:00,58.5,debit,atm,travel,declined
T00002612,A000128,2025-08-30 17:22:00,34.46,debit,card,online_retail,posted
T00002613,A000128,2025-11-10 01:07:00,14.74,debit,atm,grocery,posted
T00002614,A000129,2025-04-27 12:29:00,59.72,debit,ach,healthcare,posted
T00002615,A000129,2025-07-09 16:20:00,9.78,debit,card,healthcare,posted
T00002616,A000129,2025-08-14 11:12:00,32.14,debit,atm,online_retail,posted
T00002617,A000129,2025-11-03 01:31:00,948.3,credit,ach,,posted
T00002618,A000129,2025-07-27 08:49:00,1247.71,credit,ach,,posted
T00002619,A000129,2025-06-02 06:39:00,1452.37,credit,ach,,posted
T00002620,A000129,2025-12-04 09:10:00,14.2,debit,ach,healthcare,posted
T00002621,A000129,2025-08-02 10:30:00,64.4,debit,card,utilities,posted
T00002622,A000129,2025-04-20 06:45:00,48.71,debit,card,healthcare,posted
T00002623,A000129,2025-06-26 12:52:00,1109.37,credit,ach,,posted
T00002624,A000129,2025-07-10 21:26:00,3053.11,credit,ach,,posted
T00002625,A000129,2025-08-22 22:49:00,9.52,debit,p2p,healthcare,posted
T00002626,A000129,2025-06-01 02:51:00,949.48,credit,ach,,posted
T00002627,A000129,2025-07-03 02:16:00,58.59,debit,card,entertainment,posted
T00002628,A000129,2025-06-23 10:51:00,74.39,debit,card,utilities,posted
T00002629,A000129,2025-10-16 22:13:00,2902.54,credit,ach,,posted
T00002630,A000129,2025-09-02 02:07:00,169.39,debit,atm,online_retail,posted
T00002631,A000129,2025-10-21 14:12:00,9.5,debit,card,travel,posted
T00002632,A000129,2025-05-30 22:37:00,3431.25,credit,ach,,posted
T00002633,A000129,2025-12-27 09:49:00,3225.08,credit,ach,,posted
T00002634,A000129,2025-12-19 02:16:00,18.53,debit,card,grocery,posted
T00002635,A000129,2025-06-04 05:28:00,1224.71,credit,ach,,posted
T00002636,A000129,2025-07-18 00:32:00,29.85,debit,atm,grocery,reversed
T00002637,A000129,2025-12-12 13:06:00,14.26,debit,card,online_retail,posted
T00002638,A000129,2025-11-10 20:30:00,9.25,debit,card,entertainment,posted
T00002639,A000129,2025-08-31 17:33:00,27.39,debit,card,dining,posted
T00002640,A000129,2025-07-31 01:14:00,53.49,debit,card,online_retail,posted
T00002641,A000129,2025-08-18 19:27:00,5.86,debit,ach,grocery,posted
T00002642,A000129,2025-08-05 19:43:00,3246.2,credit,ach,,posted
T00002643,A000129,2025-04-25 18:46:00,32.35,debit,card,fuel,posted
T00002644,A000129,2025-06-06 22:38:00,5.97,debit,atm,online_retail,posted
T00002645,A000129,2025-05-30 06:25:00,12.08,debit,card,entertainment,posted
T00002646,A000129,2025-06-08 10:59:00,2594.26,credit,ach,,posted
T00002647,A000130,2025-12-07 04:49:00,121.19,debit,card,fuel,posted
T00002648,A000130,2025-10-29 18:47:00,22.91,debit,p2p,grocery,posted
T00002649,A000130,2025-12-21 19:14:00,3977.79,credit,ach,,posted
T00002650,A000130,2025-12-10 16:52:00,75.72,debit,card,grocery,posted
T00002651,A000130,2025-11-01 07:56:00,105.53,debit,card,utilities,posted
T00002652,A000130,2025-10-02 22:45:00,59.1,debit,p2p,travel,posted
T00002653,A000130,2025-11-17 10:23:00,72.82,debit,p2p,grocery,posted
T00002654,A000130,2025-10-18 19:29:00,3751.31,credit,ach,,posted
T00002655,A000130,2025-11-06 22:01:00,1708.9,credit,ach,,posted
T00002656,A000130,2025-12-30 01:57:00,12.43,debit,atm,healthcare,posted
T00002657,A000130,2025-09-16 12:16:00,9.4,debit,p2p,online_retail,posted
T00002658,A000130,2025-11-01 12:35:00,73.98,debit,ach,entertainment,posted
T00002659,A000130,2025-11-29 13:54:00,1857.21,credit,ach,,posted
T00002660,A000130,2025-10-16 20:53:00,56.05,debit,atm,travel,posted
T00002661,A000130,2025-11-25 15:48:00,1296.76,credit,ach,,posted
T00002662,A000130,2025-11-18 13:47:00,59.13,debit,ach,utilities,reversed
T00002663,A000130,2025-10-18 03:49:00,2399.96,credit,ach,,posted
T00002664,A000130,2025-12-23 01:37:00,103.64,debit,card,dining,posted
T00002665,A000130,2025-10-19 12:01:00,67.13,debit,card,entertainment,posted
T00002666,A000130,2025-12-22 18:57:00,228.85,debit,card,entertainment,posted
T00002667,A000130,2025-09-20 03:06:00,3836.77,credit,ach,,posted
T00002668,A000130,2025-10-25 09:56:00,8.14,debit,ach,online_retail,posted
T00002669,A000130,2025-11-09 18:50:00,5.44,debit,card,utilities,posted
T00002670,A000130,2025-10-09 21:01:00,47.03,debit,card,healthcare,posted
T00002671,A000130,2025-10-19 23:26:00,2018.56,credit,ach,,posted
T00002672,A000130,2025-12-07 19:11:00,27.04,debit,card,healthcare,posted
T00002673,A000130,2025-11-04 01:39:00,27.79,debit,ach,entertainment,posted
T00002674,A000130,2025-11-03 01:48:00,101.01,debit,ach,fuel,posted
T00002675,A000130,2025-11-07 14:37:00,3109.0,credit,ach,,posted
T00002676,A000130,2025-10-31 02:42:00,8.52,debit,card,online_retail,posted
T00002677,A000131,2025-12-20 05:11:00,5.8,debit,atm,fuel,posted
T00002678,A000131,2025-11-17 07:12:00,6.7,debit,card,utilities,posted
T00002679,A000131,2025-10-30 12:52:00,194.32,debit,card,travel,posted
T00002680,A000131,2025-10-28 12:39:00,12.66,debit,p2p,healthcare,posted
T00002681,A000131,2025-11-14 19:19:00,2270.47,credit,ach,,posted
T00002682,A000131,2025-11-03 01:50:00,91.11,debit,p2p,online_retail,posted
T00002683,A000131,2025-12-28 10:15:00,3866.46,credit,ach,,posted
T00002684,A000131,2025-10-29 08:10:00,34.84,debit,card,entertainment,posted
T00002685,A000131,2025-12-05 04:23:00,134.73,debit,p2p,entertainment,posted
T00002686,A000131,2025-10-31 21:11:00,3027.37,credit,ach,,declined
T00002687,A000131,2025-11-18 03:15:00,202.28,debit,atm,online_retail,posted
T00002688,A000131,2025-12-20 06:37:00,60.55,debit,ach,entertainment,posted
T00002689,A000131,2025-12-30 06:52:00,111.24,debit,ach,fuel,posted
T00002690,A000131,2025-11-11 15:58:00,25.43,debit,ach,grocery,posted
T00002691,A000131,2025-11-20 17:35:00,31.48,debit,card,grocery,posted
T00002692,A000131,2025-12-29 09:21:00,104.94,debit,atm,grocery,posted
T00002693,A000131,2025-12-29 11:19:00,17.27,debit,p2p,entertainment,posted
T00002694,A000131,2025-11-05 01:55:00,27.49,debit,ach,online_retail,posted
T00002695,A000131,2025-10-30 03:22:00,2883.31,credit,ach,,posted
T00002696,A000131,2025-11-29 08:10:00,6.28,debit,card,entertainment,posted
T00002697,A000131,2025-12-10 09:47:00,33.99,debit,card,travel,posted
T00002698,A000131,2025-10-29 13:03:00,84.85,debit,p2p,fuel,posted
T00002699,A000131,2025-12-18 15:04:00,50.75,debit,atm,dining,posted
T00002700,A000131,2025-12-25 00:06:00,79.68,debit,ach,entertainment,posted
T00002701,A000131,2025-10-31 19:08:00,37.66,debit,p2p,fuel,posted
T00002702,A000131,2025-12-12 04:15:00,1022.88,credit,ach,,posted
T00002703,A000131,2025-10-28 08:36:00,12.29,debit,card,fuel,posted
T00002704,A000131,2025-11-10 10:34:00,47.44,debit,card,dining,posted
T00002705,A000131,2025-11-24 19:41:00,21.18,debit,card,entertainment,posted
T00002706,A000131,2025-12-25 09:44:00,91.38,debit,ach,travel,posted
T00002707,A000131,2025-11-17 12:08:00,20.41,debit,card,entertainment,posted
T00002708,A000131,2025-11-27 20:27:00,30.55,debit,card,utilities,posted
T00002709,A000131,2025-12-06 06:40:00,170.08,debit,ach,entertainment,posted
T00002710,A000131,2025-12-15 11:30:00,3664.01,credit,ach,,posted
T00002711,A000131,2025-12-06 07:57:00,45.43,debit,card,grocery,posted
T00002712,A000131,2025-11-25 08:59:00,10.24,debit,card,entertainment,posted
T00002713,A000131,2025-12-20 01:40:00,674.44,credit,ach,,posted
T00002714,A000131,2025-11-05 13:44:00,14.91,debit,card,fuel,posted
T00002715,A000131,2025-11-14 04:23:00,22.77,debit,card,dining,posted
T00002716,A000131,2025-12-01 20:03:00,47.47,debit,card,dining,posted
T00002717,A000132,2025-09-19 05:52:00,1587.59,credit,ach,,posted
T00002718,A000132,2025-10-21 10:26:00,53.58,debit,card,travel,posted
T00002719,A000132,2025-05-08 19:33:00,4.67,debit,card,fuel,posted
T00002720,A000132,2025-02-08 20:48:00,25.98,debit,atm,entertainment,posted
T00002721,A000132,2024-08-28 11:15:00,8.57,debit,atm,utilities,posted
T00002722,A000132,2025-02-01 12:20:00,3018.96,credit,ach,,posted
T00002723,A000132,2024-06-21 18:02:00,49.97,debit,ach,healthcare,posted
T00002724,A000132,2025-04-20 09:09:00,29.35,debit,atm,online_retail,posted
T00002725,A000132,2024-07-28 22:58:00,43.69,debit,p2p,entertainment,posted
T00002726,A000132,2024-08-06 23:27:00,6.0,debit,p2p,travel,posted
T00002727,A000132,2025-04-14 07:43:00,40.76,debit,card,fuel,posted
T00002728,A000132,2025-05-26 05:32:00,54.59,debit,card,travel,posted
T00002729,A000133,2025-09-19 07:15:00,2184.91,credit,ach,,posted
T00002730,A000133,2025-10-27 20:57:00,17.97,debit,card,healthcare,posted
T00002731,A000133,2025-10-09 04:18:00,40.13,debit,atm,entertainment,posted
T00002732,A000133,2025-10-25 07:22:00,3705.49,credit,ach,,posted
T00002733,A000133,2025-09-26 07:52:00,835.43,credit,ach,,posted
T00002734,A000133,2025-09-16 11:22:00,70.96,debit,card,fuel,posted
T00002735,A000133,2025-11-09 10:25:00,4.93,debit,card,online_retail,posted
T00002736,A000133,2025-09-27 10:14:00,54.72,debit,card,travel,posted
T00002737,A000133,2025-11-21 00:22:00,7.21,debit,p2p,utilities,posted
T00002738,A000133,2025-09-11 19:45:00,81.14,debit,ach,dining,posted
T00002739,A000133,2025-12-03 13:51:00,3855.77,credit,ach,,posted
T00002740,A000133,2025-09-27 08:26:00,3439.63,credit,ach,,posted
T00002741,A000133,2025-12-08 04:54:00,332.79,debit,atm,online_retail,posted
T00002742,A000133,2025-12-13 07:20:00,3559.0,credit,ach,,posted
T00002743,A000133,2025-12-14 02:20:00,1038.45,credit,ach,,posted
T00002744,A000133,2025-12-01 16:51:00,63.15,debit,ach,dining,posted
T00002745,A000133,2025-10-19 22:27:00,3766.45,credit,ach,,posted
T00002746,A000133,2025-09-03 03:02:00,1495.85,credit,ach,,posted
T00002747,A000133,2025-09-18 01:46:00,1020.8,credit,ach,,posted
T00002748,A000133,2025-12-31 17:06:00,16.46,debit,ach,dining,posted
T00002749,A000133,2025-10-26 17:33:00,3884.1,credit,ach,,posted
T00002750,A000133,2025-11-23 02:33:00,21.45,debit,p2p,grocery,reversed
T00002751,A000133,2025-09-03 21:37:00,35.66,debit,ach,fuel,posted
T00002752,A000133,2025-08-28 15:09:00,56.37,debit,atm,utilities,posted
T00002753,A000133,2025-10-13 14:13:00,16.47,debit,card,grocery,declined
T00002754,A000133,2025-10-20 01:49:00,14.32,debit,p2p,online_retail,posted
T00002755,A000133,2025-10-29 11:18:00,12.92,debit,card,utilities,posted
T00002756,A000133,2025-10-31 18:02:00,21.58,debit,ach,entertainment,posted
T00002757,A000133,2025-11-19 15:57:00,1987.45,credit,ach,,posted
T00002758,A000133,2025-09-05 11:42:00,22.51,debit,card,travel,posted
T00002759,A000133,2025-09-16 16:03:00,46.44,debit,card,grocery,posted
T00002760,A000133,2025-09-28 11:33:00,22.31,debit,card,travel,posted
T00002761,A000133,2025-12-25 15:50:00,2869.52,credit,ach,,posted
T00002762,A000133,2025-12-29 22:35:00,39.96,debit,ach,dining,posted
T00002763,A000133,2025-12-26 21:09:00,862.24,credit,ach,,posted
T00002764,A000133,2025-09-08 04:23:00,19.48,debit,atm,grocery,reversed
T00002765,A000133,2025-11-08 18:02:00,126.07,debit,card,entertainment,posted
T00002766,A000134,2025-06-01 16:32:00,23.07,debit,card,grocery,posted
T00002767,A000134,2025-06-24 07:33:00,2849.38,credit,ach,,posted
T00002768,A000134,2025-11-24 02:18:00,1050.86,credit,ach,,posted
T00002769,A000134,2025-05-26 00:31:00,49.93,debit,p2p,healthcare,posted
T00002770,A000134,2025-06-18 13:48:00,34.5,debit,card,online_retail,posted
T00002771,A000134,2025-12-07 12:10:00,1043.21,credit,ach,,posted
T00002772,A000134,2025-12-20 12:03:00,945.88,credit,ach,,posted
T00002773,A000134,2025-05-25 09:02:00,70.95,debit,card,fuel,posted
T00002774,A000134,2025-08-07 16:36:00,61.75,debit,p2p,fuel,posted
T00002775,A000134,2025-10-17 00:21:00,1908.91,credit,ach,,posted
T00002776,A000134,2025-11-04 03:54:00,2526.9,credit,ach,,posted
T00002777,A000134,2025-11-10 09:49:00,42.08,debit,p2p,healthcare,posted
T00002778,A000134,2025-09-01 02:20:00,1868.18,credit,ach,,posted
T00002779,A000134,2025-11-09 09:19:00,9.03,debit,ach,travel,posted
T00002780,A000134,2025-06-05 14:15:00,23.16,debit,card,dining,posted
T00002781,A000134,2025-02-16 22:09:00,20.17,debit,card,utilities,posted
T00002782,A000134,2025-12-06 07:42:00,52.22,debit,card,fuel,posted
T00002783,A000134,2025-08-12 21:43:00,23.39,debit,card,utilities,posted
T00002784,A000134,2025-02-23 07:16:00,826.33,credit,ach,,posted
T00002785,A000134,2025-10-22 03:07:00,51.45,debit,card,dining,posted
T00002786,A000134,2025-11-27 21:00:00,27.91,debit,ach,grocery,posted
T00002787,A000134,2025-06-20 01:51:00,26.67,debit,atm,entertainment,posted
T00002788,A000134,2025-03-07 00:12:00,3332.63,credit,ach,,posted
T00002789,A000134,2025-08-18 08:20:00,74.9,debit,ach,utilities,posted
T00002790,A000134,2025-05-20 14:16:00,58.28,debit,p2p,entertainment,posted
T00002791,A000134,2025-05-28 07:38:00,1300.66,credit,ach,,posted
T00002792,A000134,2025-12-11 09:05:00,2705.26,credit,ach,,declined
T00002793,A000134,2025-03-08 00:53:00,14.51,debit,ach,online_retail,posted
T00002794,A000134,2025-03-05 22:41:00,27.26,debit,card,dining,posted
T00002795,A000134,2025-10-31 19:25:00,6.38,debit,card,online_retail,posted
T00002796,A000134,2025-02-19 12:59:00,8.62,debit,p2p,healthcare,posted
T00002797,A000134,2025-07-03 17:24:00,118.1,debit,p2p,utilities,posted
T00002798,A000134,2025-10-22 02:29:00,2773.71,credit,ach,,posted
T00002799,A000134,2025-03-26 00:03:00,28.73,debit,card,entertainment,posted
T00002800,A000135,2025-12-15 10:36:00,78.08,debit,card,entertainment,posted
T00002801,A000135,2025-10-29 02:28:00,2962.2,credit,ach,,posted
T00002802,A000135,2025-10-21 01:17:00,17.75,debit,card,utilities,posted
T00002803,A000135,2025-11-29 10:54:00,29.49,debit,card,utilities,posted
T00002804,A000135,2025-12-06 22:59:00,88.15,debit,card,entertainment,posted
T00002805,A000135,2025-10-18 06:46:00,1353.31,credit,ach,,posted
T00002806,A000135,2025-10-22 09:39:00,39.62,debit,atm,healthcare,declined
T00002807,A000135,2025-11-11 23:24:00,52.76,debit,card,entertainment,posted
T00002808,A000135,2025-12-26 09:48:00,87.77,debit,ach,fuel,posted
T00002809,A000135,2025-11-09 23:51:00,19.17,debit,card,travel,posted
T00002810,A000135,2025-11-03 15:42:00,43.49,debit,card,dining,reversed
T00002811,A000135,2025-11-14 08:36:00,935.29,credit,ach,,posted
T00002812,A000135,2025-12-31 12:28:00,27.44,debit,p2p,dining,posted
T00002813,A000135,2025-11-13 10:29:00,24.8,debit,ach,travel,posted
T00002814,A000135,2025-12-01 08:25:00,9.71,debit,atm,entertainment,posted
T00002815,A000135,2025-11-21 21:40:00,164.17,debit,card,utilities,posted
T00002816,A000135,2025-12-14 22:53:00,16.51,debit,card,online_retail,posted
T00002817,A000135,2025-12-31 20:03:00,42.58,debit,card,grocery,posted
T00002818,A000135,2025-10-25 03:42:00,26.51,debit,p2p,entertainment,posted
T00002819,A000136,2025-10-07 23:39:00,64.52,debit,card,travel,posted
T00002820,A000136,2025-10-20 21:24:00,81.91,debit,atm,healthcare,posted
T00002821,A000136,2025-09-23 21:59:00,714.76,credit,ach,,posted
T00002822,A000136,2025-12-17 03:31:00,137.93,debit,atm,travel,posted
T00002823,A000136,2025-11-17 11:20:00,35.17,debit,card,grocery,posted
T00002824,A000136,2025-08-24 16:46:00,62.1,debit,ach,dining,posted
T00002825,A000136,2025-09-30 00:09:00,1416.29,credit,ach,,posted
T00002826,A000136,2025-11-23 19:15:00,40.49,debit,ach,healthcare,posted
T00002827,A000136,2025-10-05 04:14:00,89.56,debit,atm,travel,posted
T00002828,A000136,2025-10-30 04:50:00,77.91,debit,p2p,travel,posted
T00002829,A000136,2025-10-09 19:54:00,3.68,debit,card,online_retail,posted
T00002830,A000136,2025-11-18 08:16:00,38.27,debit,card,healthcare,posted
T00002831,A000136,2025-12-20 13:32:00,3901.98,credit,ach,,posted
T00002832,A000136,2025-10-22 07:14:00,1401.26,credit,ach,,posted
T00002833,A000136,2025-12-15 00:20:00,26.38,debit,card,online_retail,posted
T00002834,A000136,2025-08-18 20:58:00,69.49,debit,card,fuel,posted
T00002835,A000136,2025-12-29 03:44:00,2996.34,credit,ach,,posted
T00002836,A000136,2025-11-11 07:29:00,1943.6,credit,ach,,posted
T00002837,A000136,2025-11-13 12:46:00,1010.14,credit,ach,,posted
T00002838,A000136,2025-10-19 02:34:00,14.6,debit,atm,entertainment,posted
T00002839,A000136,2025-10-01 23:29:00,62.34,debit,card,entertainment,posted
T00002840,A000137,2025-06-09 02:36:00,68.57,debit,ach,utilities,posted
T00002841,A000137,2025-01-20 02:30:00,30.07,debit,p2p,healthcare,posted
T00002842,A000137,2025-06-13 12:41:00,29.02,debit,card,utilities,posted
T00002843,A000137,2025-03-06 06:13:00,550.45,credit,ach,,posted
T00002844,A000137,2025-07-05 07:02:00,33.66,debit,card,utilities,reversed
T00002845,A000137,2025-09-26 04:32:00,17.57,debit,ach,travel,posted
T00002846,A000137,2025-11-04 14:14:00,19.07,debit,card,grocery,posted
T00002847,A000137,2024-12-17 02:39:00,10.36,debit,p2p,entertainment,posted
T00002848,A000137,2025-11-23 02:27:00,7.34,debit,ach,travel,posted
T00002849,A000137,2025-05-30 02:10:00,61.07,debit,card,grocery,posted
T00002850,A000137,2025-06-18 02:02:00,63.6,debit,card,fuel,posted
T00002851,A000137,2025-03-12 06:44:00,1234.31,credit,ach,,posted
T00002852,A000137,2025-08-02 04:08:00,634.0,credit,ach,,posted
T00002853,A000137,2025-09-10 07:00:00,15.97,debit,card,utilities,posted
T00002854,A000137,2025-08-04 10:51:00,901.55,credit,ach,,posted
T00002855,A000137,2025-10-03 04:54:00,296.43,debit,card,dining,posted
T00002856,A000137,2025-07-20 19:24:00,28.44,debit,card,travel,posted
T00002857,A000137,2024-12-14 08:23:00,23.67,debit,card,entertainment,posted
T00002858,A000137,2025-11-30 17:18:00,81.3,debit,card,online_retail,posted
T00002859,A000137,2025-01-31 15:26:00,41.85,debit,atm,fuel,posted
T00002860,A000137,2025-10-10 04:18:00,1755.33,credit,ach,,posted
T00002861,A000137,2024-12-23 20:39:00,22.87,debit,atm,healthcare,posted
T00002862,A000137,2025-12-17 06:07:00,13.93,debit,card,travel,posted
T00002863,A000137,2025-02-20 21:50:00,100.05,debit,p2p,travel,declined
T00002864,A000137,2025-11-10 14:40:00,23.26,debit,card,utilities,posted
T00002865,A000138,2025-09-21 10:47:00,14.68,debit,card,dining,posted
T00002866,A000138,2025-10-11 05:52:00,33.78,debit,card,entertainment,posted
T00002867,A000138,2025-11-07 17:34:00,641.32,credit,ach,,posted
T00002868,A000138,2025-10-25 08:34:00,98.77,debit,p2p,grocery,posted
T00002869,A000138,2025-11-13 15:07:00,18.48,debit,card,fuel,posted
T00002870,A000138,2025-12-22 07:23:00,12.73,debit,card,online_retail,posted
T00002871,A000138,2025-09-22 01:20:00,21.62,debit,card,entertainment,posted
T00002872,A000138,2025-11-15 02:06:00,63.89,debit,atm,utilities,posted
T00002873,A000138,2025-10-28 13:09:00,5.26,debit,atm,dining,posted
T00002874,A000138,2025-10-18 00:35:00,94.24,debit,p2p,entertainment,posted
T00002875,A000138,2025-09-03 03:56:00,14.47,debit,ach,healthcare,posted
T00002876,A000138,2025-12-25 16:12:00,20.92,debit,card,travel,posted
T00002877,A000138,2025-12-25 15:17:00,2.29,debit,p2p,entertainment,posted
T00002878,A000138,2025-12-18 19:08:00,832.31,debit,atm,healthcare,posted
T00002879,A000138,2025-12-24 07:13:00,31.4,debit,p2p,online_retail,posted
T00002880,A000138,2025-09-17 16:23:00,202.25,debit,p2p,healthcare,posted
T00002881,A000138,2025-09-12 17:49:00,27.54,debit,card,grocery,posted
T00002882,A000138,2025-10-29 07:31:00,48.16,debit,card,online_retail,posted
T00002883,A000138,2025-12-23 20:42:00,67.48,debit,card,entertainment,posted
T00002884,A000138,2025-12-23 05:47:00,14.05,debit,card,utilities,posted
T00002885,A000138,2025-10-07 14:53:00,48.22,debit,card,utilities,posted
T00002886,A000138,2025-11-12 20:58:00,147.09,debit,atm,grocery,posted
T00002887,A000138,2025-11-15 22:50:00,25.89,debit,card,entertainment,posted
T00002888,A000138,2025-09-27 21:31:00,135.01,debit,card,healthcare,posted
T00002889,A000138,2025-10-08 06:19:00,21.56,debit,card,grocery,reversed
T00002890,A000138,2025-11-21 21:06:00,98.72,debit,ach,dining,posted
T00002891,A000138,2025-11-25 20:55:00,2801.56,credit,ach,,posted
T00002892,A000138,2025-08-30 15:32:00,26.36,debit,card,travel,posted
T00002893,A000138,2025-11-02 10:18:00,3664.66,credit,ach,,posted
T00002894,A000138,2025-11-13 19:21:00,2440.14,credit,ach,,posted
T00002895,A000139,2025-12-30 05:14:00,3998.87,credit,ach,,posted
T00002896,A000139,2025-12-28 12:20:00,2105.1,credit,ach,,posted
T00002897,A000139,2025-12-28 22:21:00,16.91,debit,card,grocery,posted
T00002898,A000139,2025-12-11 07:17:00,9.34,debit,p2p,online_retail,posted
T00002899,A000139,2025-12-25 07:45:00,15.78,debit,card,fuel,posted
T00002900,A000139,2025-12-20 03:30:00,23.81,debit,ach,healthcare,posted
T00002901,A000139,2025-12-12 03:35:00,204.12,debit,atm,fuel,posted
T00002902,A000140,2025-10-14 10:01:00,5.86,debit,card,fuel,posted
T00002903,A000140,2025-11-14 20:15:00,47.34,debit,card,utilities,posted
T00002904,A000140,2025-12-23 11:15:00,109.0,debit,card,online_retail,posted
T00002905,A000140,2025-07-12 04:26:00,1664.91,credit,ach,,posted
T00002906,A000140,2025-11-03 15:49:00,70.29,debit,card,travel,posted
T00002907,A000141,2025-11-11 06:36:00,28.3,debit,card,travel,posted
T00002908,A000141,2025-10-26 23:42:00,5.27,debit,card,fuel,posted
T00002909,A000141,2025-07-19 04:03:00,23.93,debit,card,healthcare,posted
T00002910,A000141,2025-05-05 13:41:00,15.07,debit,card,online_retail,posted
T00002911,A000141,2025-07-13 01:03:00,3469.2,credit,ach,,posted
T00002912,A000141,2025-05-02 14:27:00,15.77,debit,p2p,travel,posted
T00002913,A000141,2025-08-12 18:47:00,311.93,debit,card,healthcare,posted
T00002914,A000141,2025-06-30 03:00:00,13.33,debit,card,fuel,posted
T00002915,A000141,2025-05-07 01:57:00,127.55,debit,atm,entertainment,posted
T00002916,A000141,2025-09-06 05:29:00,14.39,debit,card,entertainment,posted
T00002917,A000141,2025-11-29 05:57:00,12.01,debit,card,fuel,posted
T00002918,A000141,2025-04-29 02:10:00,38.07,debit,card,utilities,posted
T00002919,A000141,2025-11-16 11:32:00,32.61,debit,p2p,healthcare,posted
T00002920,A000141,2025-04-25 20:27:00,131.75,debit,atm,utilities,posted
T00002921,A000141,2025-10-08 05:23:00,28.48,debit,card,entertainment,posted
T00002922,A000141,2025-08-27 00:28:00,2939.07,credit,ach,,posted
T00002923,A000141,2025-11-15 10:30:00,29.02,debit,p2p,entertainment,declined
T00002924,A000141,2025-07-03 17:19:00,2328.58,credit,ach,,posted
T00002925,A000141,2025-06-24 16:50:00,26.09,debit,card,grocery,posted
T00002926,A000141,2025-12-24 02:41:00,27.24,debit,atm,healthcare,posted
T00002927,A000141,2025-04-21 06:04:00,125.08,debit,card,entertainment,declined
T00002928,A000141,2025-10-21 20:04:00,2539.22,credit,ach,,posted
T00002929,A000141,2025-06-18 05:48:00,13.21,debit,card,travel,declined
T00002930,A000141,2025-09-01 02:53:00,5.18,debit,atm,utilities,posted
T00002931,A000141,2025-11-27 00:59:00,28.22,debit,atm,healthcare,posted
T00002932,A000141,2025-06-07 11:10:00,2135.69,credit,ach,,posted
T00002933,A000141,2025-05-14 15:52:00,20.58,debit,p2p,online_retail,posted
T00002934,A000141,2025-10-27 14:44:00,3692.04,credit,ach,,posted
T00002935,A000141,2025-05-13 10:04:00,3742.31,credit,ach,,posted
T00002936,A000141,2025-04-16 01:43:00,96.91,debit,atm,online_retail,posted
T00002937,A000141,2025-07-15 00:23:00,1718.05,credit,ach,,posted
T00002938,A000141,2025-12-14 05:43:00,68.91,debit,p2p,fuel,posted
T00002939,A000141,2025-04-22 21:11:00,93.8,debit,p2p,entertainment,posted
T00002940,A000141,2025-12-07 21:44:00,83.7,debit,card,healthcare,posted
T00002941,A000141,2025-12-03 23:19:00,65.55,debit,ach,utilities,posted
T00002942,A000141,2025-07-09 01:18:00,1494.75,credit,ach,,posted
T00002943,A000142,2025-03-26 09:02:00,12.31,debit,p2p,travel,posted
T00002944,A000142,2025-09-21 13:50:00,202.99,debit,atm,entertainment,posted
T00002945,A000142,2024-10-10 23:43:00,35.83,debit,card,entertainment,posted
T00002946,A000142,2025-07-15 01:51:00,9.47,debit,p2p,dining,posted
T00002947,A000142,2025-06-10 19:02:00,20.79,debit,card,grocery,posted
T00002948,A000142,2025-03-28 08:16:00,43.11,debit,ach,travel,posted
T00002949,A000142,2025-02-20 07:20:00,2044.8,credit,ach,,posted
T00002950,A000142,2024-10-01 03:05:00,16.19,debit,card,utilities,posted
T00002951,A000142,2025-03-18 16:39:00,18.71,debit,card,online_retail,posted
T00002952,A000142,2025-03-11 03:32:00,53.4,debit,card,grocery,posted
T00002953,A000142,2024-09-02 04:09:00,28.07,debit,p2p,entertainment,posted
T00002954,A000142,2024-10-20 00:21:00,4.44,debit,p2p,entertainment,posted
T00002955,A000142,2025-05-20 03:45:00,88.77,debit,atm,utilities,posted
T00002956,A000142,2025-05-16 08:28:00,14.96,debit,card,entertainment,posted
T00002957,A000142,2025-11-26 08:43:00,61.32,debit,card,healthcare,posted
T00002958,A000142,2024-11-14 15:21:00,74.25,debit,card,fuel,posted
T00002959,A000142,2025-10-29 13:39:00,35.98,debit,p2p,entertainment,posted
T00002960,A000142,2025-01-29 09:17:00,15.53,debit,card,dining,posted
T00002961,A000143,2025-08-07 19:59:00,82.24,debit,atm,travel,posted
T00002962,A000143,2025-07-09 22:21:00,22.96,debit,card,dining,declined
T00002963,A000143,2025-12-04 06:16:00,11.21,debit,card,fuel,posted
T00002964,A000143,2025-11-21 09:50:00,45.09,debit,atm,online_retail,posted
T00002965,A000143,2025-07-26 11:26:00,18.73,debit,atm,travel,posted
T00002966,A000144,2025-11-06 00:42:00,49.58,debit,card,travel,posted
T00002967,A000144,2025-07-18 04:45:00,2724.83,credit,ach,,posted
T00002968,A000144,2025-09-11 01:13:00,219.18,debit,ach,dining,posted
T00002969,A000144,2025-12-19 20:10:00,18.3,debit,ach,travel,posted
T00002970,A000144,2025-08-05 04:40:00,2402.62,credit,ach,,posted
T00002971,A000144,2025-11-26 05:35:00,46.34,debit,ach,healthcare,posted
T00002972,A000144,2025-09-24 11:39:00,20.42,debit,card,online_retail,posted
T00002973,A000144,2025-09-23 02:33:00,48.24,debit,card,dining,posted
T00002974,A000145,2025-12-24 17:24:00,145.93,debit,ach,utilities,posted
T00002975,A000145,2025-11-28 05:44:00,152.34,debit,card,online_retail,posted
T00002976,A000145,2025-10-26 02:42:00,2860.79,credit,ach,,posted
T00002977,A000145,2025-12-03 17:55:00,73.11,debit,card,grocery,posted
T00002978,A000145,2025-11-19 12:33:00,6.22,debit,atm,entertainment,posted
T00002979,A000145,2025-10-12 13:34:00,59.48,debit,card,entertainment,posted
T00002980,A000145,2025-09-28 23:15:00,2270.37,credit,ach,,posted
T00002981,A000145,2025-11-21 17:14:00,29.48,debit,atm,grocery,posted
T00002982,A000145,2025-12-19 17:14:00,11.08,debit,atm,online_retail,posted
T00002983,A000145,2025-11-07 13:11:00,2776.31,credit,ach,,posted
T00002984,A000145,2025-11-21 15:41:00,11.4,debit,card,online_retail,posted
T00002985,A000145,2025-12-24 18:30:00,3795.31,credit,ach,,posted
T00002986,A000145,2025-10-23 23:40:00,7.96,debit,ach,grocery,posted
T00002987,A000145,2025-10-15 08:02:00,110.81,debit,card,utilities,posted
T00002988,A000145,2025-11-30 19:46:00,22.29,debit,ach,dining,posted
T00002989,A000145,2025-12-08 13:40:00,1.98,debit,ach,travel,posted
T00002990,A000145,2025-11-07 12:38:00,3873.68,credit,ach,,posted
T00002991,A000145,2025-12-19 08:47:00,33.08,debit,card,fuel,posted
T00002992,A000145,2025-10-04 22:10:00,43.42,debit,ach,entertainment,posted
T00002993,A000145,2025-12-18 13:57:00,2870.87,credit,ach,,posted
T00002994,A000145,2025-11-04 18:53:00,28.83,debit,ach,grocery,posted
T00002995,A000145,2025-12-10 10:13:00,950.71,credit,ach,,posted
T00002996,A000145,2025-10-23 07:36:00,51.33,debit,p2p,entertainment,posted
T00002997,A000145,2025-12-31 12:09:00,15.62,debit,p2p,grocery,posted
T00002998,A000145,2025-12-04 02:02:00,65.96,debit,card,travel,posted
T00002999,A000145,2025-11-22 00:08:00,29.87,debit,ach,dining,reversed
T00003000,A000145,2025-11-12 11:38:00,48.73,debit,p2p,utilities,posted
T00003001,A000145,2025-11-27 10:36:00,9.6,debit,atm,travel,posted
T00003002,A000145,2025-11-13 04:36:00,40.12,debit,card,dining,posted
T00003003,A000145,2025-12-13 11:10:00,54.54,debit,card,healthcare,posted
T00003004,A000145,2025-10-07 02:39:00,15.31,debit,card,entertainment,posted
T00003005,A000145,2025-11-01 10:09:00,1215.78,credit,ach,,posted
T00003006,A000145,2025-12-19 04:30:00,31.04,debit,atm,fuel,posted
T00003007,A000145,2025-10-02 06:52:00,50.13,debit,atm,dining,posted
T00003008,A000145,2025-12-28 09:56:00,28.41,debit,card,utilities,posted
T00003009,A000145,2025-12-25 02:52:00,50.64,debit,p2p,online_retail,posted
T00003010,A000145,2025-10-02 22:01:00,132.67,debit,card,dining,posted
T00003011,A000145,2025-12-17 07:57:00,1558.7,credit,ach,,posted
T00003012,A000146,2025-09-01 03:13:00,153.02,debit,card,utilities,posted
T00003013,A000146,2025-11-11 15:04:00,2602.89,credit,ach,,posted
T00003014,A000146,2025-11-28 22:11:00,26.76,debit,card,entertainment,posted
T00003015,A000146,2025-09-11 03:49:00,590.72,credit,ach,,posted
T00003016,A000146,2025-09-01 22:45:00,792.54,credit,ach,,posted
T00003017,A000146,2025-09-02 09:37:00,37.48,debit,p2p,grocery,posted
T00003018,A000146,2025-12-23 22:04:00,51.22,debit,card,fuel,posted
T00003019,A000146,2025-09-06 21:36:00,47.58,debit,ach,travel,posted
T00003020,A000146,2025-09-17 07:48:00,93.17,debit,card,utilities,declined
T00003021,A000146,2025-08-27 15:05:00,2793.18,credit,ach,,posted
T00003022,A000146,2025-09-02 19:07:00,86.98,debit,card,online_retail,posted
T00003023,A000146,2025-08-17 03:15:00,80.23,debit,card,online_retail,posted
T00003024,A000146,2025-12-14 02:16:00,30.84,debit,card,entertainment,posted
T00003025,A000146,2025-09-18 11:45:00,30.25,debit,ach,travel,posted
T00003026,A000146,2025-08-16 06:42:00,81.37,debit,card,grocery,posted
T00003027,A000146,2025-11-30 00:12:00,40.55,debit,card,grocery,posted
T00003028,A000146,2025-12-06 00:00:00,45.1,debit,p2p,healthcare,posted
T00003029,A000146,2025-10-11 22:08:00,8.2,debit,card,grocery,posted
T00003030,A000146,2025-10-30 16:52:00,592.5,credit,ach,,posted
T00003031,A000146,2025-08-26 08:41:00,1973.0,credit,ach,,posted
T00003032,A000146,2025-10-04 09:13:00,78.58,debit,p2p,entertainment,posted
T00003033,A000146,2025-12-26 22:33:00,60.64,debit,card,entertainment,posted
T00003034,A000146,2025-08-11 18:31:00,2336.1,credit,ach,,posted
T00003035,A000146,2025-12-26 22:09:00,37.73,debit,card,online_retail,posted
T00003036,A000146,2025-09-07 06:39:00,147.94,debit,card,travel,posted
T00003037,A000146,2025-12-26 17:58:00,2986.52,credit,ach,,posted
T00003038,A000146,2025-09-28 04:15:00,25.24,debit,p2p,utilities,posted
T00003039,A000146,2025-10-19 16:27:00,93.39,debit,ach,travel,posted
T00003040,A000146,2025-09-01 04:02:00,12.01,debit,card,entertainment,posted
T00003041,A000146,2025-08-19 03:16:00,16.48,debit,card,utilities,posted
T00003042,A000146,2025-08-30 11:28:00,894.59,credit,ach,,posted
T00003043,A000146,2025-10-03 22:24:00,6.75,debit,card,dining,posted
T00003044,A000146,2025-08-17 06:56:00,5.5,debit,ach,grocery,posted
T00003045,A000146,2025-11-05 10:45:00,24.06,debit,card,fuel,posted
T00003046,A000146,2025-12-16 07:24:00,14.29,debit,card,grocery,posted
T00003047,A000146,2025-10-18 20:43:00,21.67,debit,ach,grocery,posted
T00003048,A000146,2025-08-11 02:05:00,19.82,debit,card,fuel,posted
T00003049,A000146,2025-12-01 23:55:00,22.2,debit,p2p,online_retail,posted
T00003050,A000146,2025-08-24 18:20:00,41.66,debit,p2p,travel,posted
T00003051,A000146,2025-08-31 13:43:00,19.62,debit,card,travel,posted
T00003052,A000147,2024-05-19 07:17:00,54.75,debit,card,entertainment,posted
T00003053,A000147,2024-06-03 00:44:00,14.07,debit,card,dining,posted
T00003054,A000147,2024-11-01 19:22:00,45.44,debit,p2p,online_retail,posted
T00003055,A000147,2024-07-25 23:48:00,232.07,debit,card,healthcare,posted
T00003056,A000147,2025-04-16 05:32:00,541.93,credit,ach,,posted
T00003057,A000147,2024-07-07 20:28:00,1571.12,credit,ach,,posted
T00003058,A000147,2025-02-15 22:48:00,15.05,debit,card,healthcare,posted
T00003059,A000147,2025-11-15 07:52:00,1474.74,credit,ach,,posted
T00003060,A000147,2025-09-10 22:05:00,46.07,debit,card,entertainment,posted
T00003061,A000147,2025-11-20 03:08:00,59.14,debit,card,entertainment,posted
T00003062,A000147,2024-07-15 23:47:00,3497.52,credit,ach,,posted
T00003063,A000147,2025-11-30 09:35:00,338.19,debit,card,travel,posted
T00003064,A000147,2025-04-24 04:50:00,107.14,debit,atm,travel,posted
T00003065,A000147,2025-10-29 15:45:00,24.06,debit,p2p,dining,posted
T00003066,A000147,2024-06-18 04:26:00,18.63,debit,atm,entertainment,posted
T00003067,A000147,2024-07-23 10:33:00,6.88,debit,ach,grocery,posted
T00003068,A000147,2025-10-16 19:17:00,3025.37,credit,ach,,posted
T00003069,A000147,2025-12-11 03:07:00,13.01,debit,ach,utilities,posted
T00003070,A000147,2024-07-22 03:37:00,5.27,debit,ach,online_retail,posted
T00003071,A000147,2024-10-23 23:49:00,82.41,debit,atm,online_retail,declined
T00003072,A000147,2024-11-05 07:31:00,62.42,debit,atm,entertainment,posted
T00003073,A000148,2025-12-16 17:35:00,46.75,debit,card,online_retail,posted
T00003074,A000148,2025-07-09 02:48:00,36.74,debit,card,healthcare,posted
T00003075,A000148,2025-05-20 19:26:00,28.39,debit,p2p,healthcare,posted
T00003076,A000148,2025-08-02 17:13:00,49.08,debit,card,healthcare,posted
T00003077,A000148,2025-06-27 03:49:00,66.43,debit,atm,entertainment,posted
T00003078,A000148,2025-04-30 14:02:00,30.06,debit,p2p,healthcare,posted
T00003079,A000148,2025-11-28 18:14:00,2245.49,credit,ach,,posted
T00003080,A000148,2025-05-07 18:56:00,13.21,debit,p2p,fuel,posted
T00003081,A000149,2025-12-27 23:19:00,12.91,debit,card,entertainment,posted
T00003082,A000149,2025-12-30 08:51:00,23.04,debit,ach,healthcare,posted
T00003083,A000149,2025-12-24 02:49:00,17.29,debit,p2p,utilities,posted
T00003084,A000149,2025-12-29 11:00:00,63.57,debit,card,fuel,posted
T00003085,A000149,2025-12-20 05:27:00,18.16,debit,atm,healthcare,posted
T00003086,A000149,2025-12-24 11:10:00,22.27,debit,card,grocery,posted
T00003087,A000149,2025-12-31 01:29:00,9.23,debit,card,dining,posted
T00003088,A000149,2025-12-25 04:41:00,2127.45,credit,ach,,posted
T00003089,A000149,2025-12-25 03:08:00,40.13,debit,atm,grocery,posted
T00003090,A000149,2025-12-25 06:25:00,104.25,debit,card,travel,posted
T00003091,A000149,2025-12-26 07:13:00,8.5,debit,card,healthcare,posted
T00003092,A000149,2025-12-28 07:29:00,3252.83,credit,ach,,posted
T00003093,A000149,2025-12-23 15:43:00,1679.57,credit,ach,,posted
T00003094,A000149,2025-12-21 01:14:00,277.64,debit,atm,grocery,posted
T00003095,A000149,2025-12-31 18:19:00,1226.66,credit,ach,,posted
T00003096,A000149,2025-12-20 06:47:00,20.21,debit,card,dining,posted
T00003097,A000149,2025-12-28 16:13:00,17.75,debit,card,fuel,posted
T00003098,A000149,2025-12-27 17:40:00,19.95,debit,card,online_retail,posted
T00003099,A000149,2025-12-30 21:07:00,22.26,debit,p2p,grocery,posted
T00003100,A000149,2025-12-30 20:24:00,82.89,debit,card,fuel,posted
T00003101,A000149,2025-12-27 21:44:00,9.44,debit,card,healthcare,posted
T00003102,A000149,2025-12-25 06:45:00,3383.68,credit,ach,,posted
T00003103,A000149,2025-12-29 13:33:00,43.46,debit,card,travel,posted
T00003104,A000149,2025-12-29 01:14:00,54.39,debit,atm,travel,posted
T00003105,A000149,2025-12-21 22:23:00,1077.43,credit,ach,,posted
T00003106,A000149,2025-12-25 18:52:00,148.73,debit,atm,grocery,posted
T00003107,A000149,2025-12-20 12:27:00,247.96,debit,ach,grocery,posted
T00003108,A000149,2025-12-27 07:19:00,22.54,debit,p2p,healthcare,posted
T00003109,A000149,2025-12-28 18:22:00,16.55,debit,card,fuel,posted
T00003110,A000149,2025-12-26 05:09:00,1733.64,credit,ach,,posted
T00003111,A000149,2025-12-23 21:28:00,10.19,debit,p2p,online_retail,posted
T00003112,A000149,2025-12-24 00:12:00,9.68,debit,card,healthcare,posted
T00003113,A000150,2025-05-23 02:30:00,2217.1,credit,ach,,posted
T00003114,A000150,2025-04-28 23:54:00,2817.65,credit,ach,,posted
T00003115,A000150,2025-10-08 06:24:00,5.16,debit,card,online_retail,posted
T00003116,A000150,2025-10-05 06:46:00,27.41,debit,p2p,dining,posted
T00003117,A000150,2025-08-30 00:51:00,933.45,credit,ach,,posted
T00003118,A000150,2025-07-15 17:33:00,132.13,debit,atm,entertainment,posted
T00003119,A000150,2025-04-30 13:19:00,229.35,debit,p2p,travel,posted
T00003120,A000150,2025-11-01 11:39:00,119.45,debit,card,travel,posted
T00003121,A000150,2025-09-11 09:58:00,94.77,debit,atm,dining,posted
T00003122,A000150,2025-08-09 15:52:00,1451.65,credit,ach,,posted
T00003123,A000150,2025-12-02 09:16:00,166.21,debit,card,entertainment,posted
T00003124,A000150,2025-03-12 23:49:00,102.65,debit,p2p,grocery,posted
T00003125,A000150,2025-08-29 13:22:00,13.81,debit,p2p,utilities,posted
T00003126,A000150,2025-09-25 02:37:00,79.41,debit,ach,utilities,posted
T00003127,A000150,2025-06-26 11:02:00,25.96,debit,card,grocery,posted
T00003128,A000150,2025-07-26 01:09:00,2290.26,credit,ach,,posted
T00003129,A000150,2025-12-10 21:24:00,2.08,debit,card,utilities,posted
T00003130,A000150,2025-12-12 10:11:00,18.2,debit,card,healthcare,posted
T00003131,A000150,2025-06-11 16:28:00,2323.9,credit,ach,,posted
T00003132,A000150,2025-07-30 09:26:00,5.82,debit,card,entertainment,posted
T00003133,A000150,2025-09-24 08:29:00,52.02,debit,card,fuel,posted
T00003134,A000150,2025-08-03 01:48:00,2510.94,credit,ach,,posted
T00003135,A000150,2025-07-21 11:35:00,115.28,debit,atm,dining,posted
T00003136,A000150,2025-03-05 01:50:00,8.57,debit,card,travel,posted
T00003137,A000150,2025-04-19 17:26:00,101.03,debit,card,grocery,posted
T00003138,A000150,2025-02-24 05:37:00,70.37,debit,p2p,grocery,posted
T00003139,A000150,2025-02-26 02:11:00,7.26,debit,card,grocery,posted
T00003140,A000150,2025-03-29 19:18:00,56.0,debit,ach,online_retail,posted
T00003141,A000151,2025-08-03 03:36:00,3345.43,credit,ach,,posted
T00003142,A000151,2025-07-04 18:26:00,9.33,debit,atm,entertainment,posted
T00003143,A000151,2025-05-10 17:00:00,41.35,debit,card,fuel,posted
T00003144,A000151,2025-12-12 17:58:00,21.07,debit,atm,dining,posted
T00003145,A000151,2025-05-30 04:37:00,3344.73,credit,ach,,posted
T00003146,A000151,2025-06-27 08:36:00,32.65,debit,card,healthcare,posted
T00003147,A000151,2025-08-31 08:34:00,1897.99,credit,ach,,posted
T00003148,A000151,2025-12-30 05:57:00,9.63,debit,card,dining,posted
T00003149,A000151,2025-09-11 21:05:00,912.58,credit,ach,,posted
T00003150,A000151,2025-12-07 20:04:00,259.32,debit,card,travel,posted
T00003151,A000151,2025-10-13 19:59:00,707.51,credit,ach,,posted
T00003152,A000151,2025-10-05 23:32:00,170.08,debit,card,healthcare,posted
T00003153,A000151,2025-07-04 03:50:00,66.56,debit,p2p,dining,posted
T00003154,A000151,2025-12-20 18:45:00,6.2,debit,ach,grocery,posted
T00003155,A000151,2025-11-04 02:44:00,84.72,debit,p2p,travel,posted
T00003156,A000151,2025-09-30 10:16:00,22.14,debit,atm,online_retail,posted
T00003157,A000151,2025-12-28 16:02:00,16.81,debit,p2p,travel,posted
T00003158,A000151,2025-10-19 17:58:00,37.63,debit,card,fuel,posted
T00003159,A000151,2025-07-18 02:19:00,2665.32,credit,ach,,posted
T00003160,A000151,2025-10-14 11:29:00,27.86,debit,card,utilities,posted
T00003161,A000151,2025-11-17 12:38:00,2602.0,credit,ach,,posted
T00003162,A000151,2025-05-20 03:25:00,162.11,debit,p2p,healthcare,posted
T00003163,A000151,2025-07-23 21:45:00,35.77,debit,card,fuel,declined
T00003164,A000151,2025-10-31 12:08:00,28.46,debit,card,healthcare,posted
T00003165,A000151,2025-11-21 23:34:00,40.06,debit,ach,healthcare,posted
T00003166,A000151,2025-05-20 03:25:00,10.28,debit,ach,utilities,posted
T00003167,A000151,2025-05-25 11:52:00,51.23,debit,card,utilities,posted
T00003168,A000152,2025-10-09 04:21:00,27.25,debit,p2p,online_retail,posted
T00003169,A000152,2025-09-23 19:24:00,30.23,debit,card,online_retail,posted
T00003170,A000152,2025-04-22 20:23:00,91.6,debit,card,travel,posted
T00003171,A000152,2025-09-04 11:58:00,44.61,debit,card,travel,posted
T00003172,A000152,2025-06-20 00:38:00,1014.09,credit,ach,,posted
T00003173,A000152,2025-09-03 08:56:00,214.35,debit,card,dining,posted
T00003174,A000152,2025-05-03 17:59:00,34.06,debit,card,entertainment,posted
T00003175,A000152,2025-12-20 18:48:00,52.78,debit,card,dining,posted
T00003176,A000152,2025-11-22 16:09:00,1259.54,credit,ach,,posted
T00003177,A000152,2025-05-29 16:06:00,37.9,debit,card,fuel,declined
T00003178,A000152,2025-10-11 14:33:00,71.81,debit,card,online_retail,posted
T00003179,A000152,2025-12-16 14:18:00,17.96,debit,card,fuel,posted
T00003180,A000152,2025-12-26 20:09:00,21.52,debit,atm,online_retail,posted
T00003181,A000152,2025-06-16 02:57:00,36.68,debit,card,grocery,posted
T00003182,A000152,2025-08-23 08:21:00,40.29,debit,p2p,entertainment,posted
T00003183,A000152,2025-08-30 14:25:00,23.75,debit,card,fuel,posted
T00003184,A000152,2025-12-27 09:20:00,91.51,debit,atm,fuel,posted
T00003185,A000153,2025-08-16 06:04:00,232.23,debit,ach,online_retail,posted
T00003186,A000153,2025-04-30 11:49:00,16.18,debit,atm,grocery,posted
T00003187,A000153,2025-08-07 22:57:00,8.86,debit,card,grocery,posted
T00003188,A000153,2025-04-19 08:59:00,378.94,debit,card,entertainment,posted
T00003189,A000153,2025-06-21 06:04:00,47.93,debit,card,online_retail,posted
T00003190,A000153,2025-07-11 08:50:00,26.5,debit,p2p,entertainment,posted
T00003191,A000153,2025-03-21 01:47:00,2716.13,credit,ach,,posted
T00003192,A000153,2025-08-10 19:38:00,81.15,debit,card,healthcare,posted
T00003193,A000153,2025-12-05 16:32:00,3764.07,credit,ach,,posted
T00003194,A000153,2025-04-05 22:59:00,12.19,debit,p2p,fuel,posted
T00003195,A000153,2025-07-17 06:29:00,145.41,debit,ach,utilities,posted
T00003196,A000153,2025-04-01 06:13:00,1085.83,credit,ach,,posted
T00003197,A000153,2025-08-20 08:35:00,3579.4,credit,ach,,posted
T00003198,A000153,2025-10-25 06:43:00,1592.69,credit,ach,,posted
T00003199,A000153,2025-12-02 06:51:00,29.47,debit,atm,entertainment,posted
T00003200,A000153,2025-10-30 00:14:00,70.3,debit,card,entertainment,posted
T00003201,A000153,2025-05-19 05:54:00,65.84,debit,card,fuel,posted
T00003202,A000153,2025-06-25 16:26:00,37.44,debit,card,entertainment,posted
T00003203,A000153,2025-07-20 22:50:00,1220.97,credit,ach,,posted
T00003204,A000153,2025-08-09 23:49:00,82.77,debit,p2p,fuel,posted
T00003205,A000153,2025-03-27 12:25:00,6.9,debit,p2p,online_retail,declined
T00003206,A000153,2025-04-26 05:12:00,80.99,debit,card,utilities,posted
T00003207,A000153,2025-12-21 02:07:00,72.91,debit,card,utilities,posted
T00003208,A000153,2025-03-23 12:47:00,2450.66,credit,ach,,posted
T00003209,A000153,2025-03-18 09:35:00,83.45,debit,card,online_retail,posted
T00003210,A000153,2025-07-19 05:04:00,33.03,debit,card,travel,posted
T00003211,A000153,2025-10-04 06:58:00,18.97,debit,ach,healthcare,posted
T00003212,A000153,2025-11-30 15:30:00,39.74,debit,p2p,healthcare,posted
T00003213,A000153,2025-08-14 02:31:00,49.16,debit,card,grocery,declined
T00003214,A000153,2025-12-12 09:11:00,32.56,debit,card,grocery,posted
T00003215,A000153,2025-11-14 12:07:00,5.27,debit,card,utilities,posted
T00003216,A000153,2025-03-09 09:18:00,1195.83,credit,ach,,declined
T00003217,A000153,2025-11-19 19:10:00,12.36,debit,card,dining,posted
T00003218,A000153,2025-12-02 12:06:00,11.06,debit,card,entertainment,posted
T00003219,A000153,2025-03-18 09:53:00,121.37,debit,card,online_retail,declined
T00003220,A000154,2025-12-19 16:42:00,19.57,debit,p2p,healthcare,posted
T00003221,A000154,2025-12-19 12:28:00,627.99,credit,ach,,posted
T00003222,A000154,2025-12-15 01:51:00,1177.85,credit,ach,,posted
T00003223,A000154,2025-12-21 07:43:00,1773.42,credit,ach,,posted
T00003224,A000154,2025-12-30 18:28:00,48.87,debit,atm,online_retail,posted
T00003225,A000154,2025-12-26 19:12:00,3567.55,credit,ach,,posted
T00003226,A000154,2025-12-15 03:43:00,46.41,debit,ach,entertainment,posted
T00003227,A000154,2025-12-17 23:53:00,27.18,debit,p2p,healthcare,posted
T00003228,A000154,2025-12-13 16:21:00,15.52,debit,p2p,healthcare,declined
T00003229,A000154,2025-12-27 18:18:00,139.05,debit,card,entertainment,posted
T00003230,A000154,2025-12-24 06:09:00,181.82,debit,card,healthcare,posted
T00003231,A000154,2025-12-20 23:21:00,51.23,debit,p2p,utilities,posted
T00003232,A000154,2025-12-20 14:47:00,1737.54,credit,ach,,posted
T00003233,A000154,2025-12-19 08:54:00,17.75,debit,card,fuel,posted
T00003234,A000154,2025-12-23 07:28:00,110.3,debit,atm,healthcare,posted
T00003235,A000154,2025-12-19 20:39:00,77.39,debit,card,utilities,posted
T00003236,A000154,2025-12-13 15:33:00,1303.5,credit,ach,,posted
T00003237,A000154,2025-12-29 11:59:00,4.86,debit,card,travel,posted
T00003238,A000154,2025-12-24 09:47:00,52.79,debit,card,entertainment,posted
T00003239,A000154,2025-12-18 01:51:00,76.24,debit,atm,utilities,posted
T00003240,A000154,2025-12-22 03:02:00,99.39,debit,p2p,travel,posted
T00003241,A000154,2025-12-26 20:37:00,16.1,debit,ach,entertainment,posted
T00003242,A000154,2025-12-25 08:44:00,2.98,debit,p2p,entertainment,posted
T00003243,A000154,2025-12-22 19:09:00,145.33,debit,card,dining,posted
T00003244,A000154,2025-12-14 00:11:00,26.8,debit,p2p,dining,posted
T00003245,A000154,2025-12-31 10:07:00,115.28,debit,atm,entertainment,posted
T00003246,A000154,2025-12-18 07:55:00,27.94,debit,card,online_retail,posted
T00003247,A000154,2025-12-23 08:45:00,35.2,debit,card,grocery,posted
T00003248,A000154,2025-12-23 21:48:00,56.91,debit,card,entertainment,posted
T00003249,A000154,2025-12-24 16:30:00,52.87,debit,card,dining,posted
T00003250,A000154,2025-12-31 05:15:00,27.35,debit,card,dining,posted
T00003251,A000154,2025-12-27 14:16:00,55.58,debit,card,dining,posted
T00003252,A000154,2025-12-18 07:31:00,33.15,debit,atm,grocery,posted
T00003253,A000154,2025-12-14 01:40:00,20.97,debit,card,grocery,posted
T00003254,A000154,2025-12-20 01:31:00,2092.74,credit,ach,,posted
T00003255,A000155,2025-12-14 09:28:00,65.3,debit,p2p,online_retail,posted
T00003256,A000155,2025-08-27 10:42:00,336.32,debit,card,fuel,posted
T00003257,A000155,2025-10-08 01:39:00,911.89,credit,ach,,posted
T00003258,A000155,2025-10-04 07:50:00,20.44,debit,card,utilities,posted
T00003259,A000155,2025-06-03 01:35:00,39.72,debit,atm,travel,posted
T00003260,A000155,2025-04-23 20:02:00,107.55,debit,atm,online_retail,posted
T00003261,A000155,2025-12-01 19:49:00,3101.26,credit,ach,,posted
T00003262,A000155,2025-12-16 01:57:00,3816.53,credit,ach,,posted
T00003263,A000155,2025-08-11 12:12:00,3857.88,credit,ach,,posted
T00003264,A000155,2025-04-12 07:22:00,26.2,debit,card,travel,posted
T00003265,A000155,2025-11-19 20:37:00,1736.27,credit,ach,,posted
T00003266,A000155,2025-02-17 05:43:00,42.05,debit,p2p,online_retail,posted
T00003267,A000155,2025-06-16 04:12:00,3815.8,credit,ach,,posted
T00003268,A000155,2025-02-06 22:54:00,38.6,debit,card,utilities,posted
T00003269,A000155,2025-03-22 22:02:00,101.99,debit,card,entertainment,posted
T00003270,A000155,2025-10-09 11:28:00,31.65,debit,card,fuel,posted
T00003271,A000155,2025-07-05 20:43:00,34.83,debit,card,fuel,posted
T00003272,A000155,2025-12-31 06:48:00,142.81,debit,card,online_retail,posted
T00003273,A000155,2025-07-22 11:41:00,24.65,debit,p2p,dining,posted
T00003274,A000155,2025-07-10 18:02:00,3779.01,credit,ach,,posted
T00003275,A000155,2025-08-22 23:46:00,125.74,debit,card,entertainment,posted
T00003276,A000155,2025-12-29 10:00:00,83.32,debit,card,dining,posted
T00003277,A000155,2025-07-03 23:01:00,14.32,debit,ach,utilities,posted
T00003278,A000155,2025-07-07 00:28:00,3.89,debit,card,online_retail,posted
T00003279,A000155,2025-05-05 11:55:00,37.75,debit,p2p,fuel,posted
T00003280,A000155,2025-09-03 14:49:00,19.0,debit,atm,entertainment,posted
T00003281,A000155,2025-06-06 11:36:00,5.21,debit,card,fuel,posted
T00003282,A000155,2025-09-04 04:54:00,72.94,debit,ach,entertainment,posted
T00003283,A000155,2025-01-26 15:03:00,42.07,debit,card,healthcare,posted
T00003284,A000155,2025-06-02 23:54:00,29.2,debit,atm,online_retail,posted
T00003285,A000155,2025-12-21 15:07:00,1774.05,credit,ach,,posted
T00003286,A000155,2025-02-02 05:49:00,25.97,debit,card,healthcare,posted
T00003287,A000155,2025-04-07 04:31:00,2189.36,credit,ach,,posted
T00003288,A000155,2025-02-19 09:52:00,5.57,debit,card,dining,posted
T00003289,A000155,2025-12-10 01:03:00,108.87,debit,card,utilities,posted
T00003290,A000155,2025-12-02 10:56:00,129.63,debit,p2p,travel,posted
T00003291,A000155,2025-12-20 15:44:00,71.86,debit,card,online_retail,posted
T00003292,A000155,2025-06-21 23:37:00,2259.6,credit,ach,,posted
T00003293,A000155,2025-02-13 09:12:00,810.78,credit,ach,,posted
T00003294,A000156,2025-11-22 10:49:00,2690.12,credit,ach,,posted
T00003295,A000156,2025-11-28 07:14:00,26.87,debit,p2p,travel,posted
T00003296,A000156,2025-12-20 21:26:00,2515.14,credit,ach,,declined
T00003297,A000156,2025-11-11 16:34:00,9.26,debit,p2p,travel,posted
T00003298,A000156,2025-07-25 03:23:00,16.97,debit,card,grocery,posted
T00003299,A000156,2025-12-30 06:43:00,18.62,debit,p2p,healthcare,posted
T00003300,A000156,2025-11-29 01:11:00,433.43,debit,p2p,entertainment,posted
T00003301,A000156,2025-12-16 02:35:00,16.37,debit,ach,dining,posted
T00003302,A000156,2025-10-15 14:27:00,59.42,debit,card,grocery,posted
T00003303,A000156,2025-09-16 16:44:00,1528.81,credit,ach,,posted
T00003304,A000156,2025-10-13 13:18:00,3.74,debit,card,entertainment,posted
T00003305,A000156,2025-08-20 21:48:00,2232.17,credit,ach,,posted
T00003306,A000156,2025-10-14 07:28:00,56.74,debit,atm,entertainment,posted
T00003307,A000156,2025-09-17 08:39:00,16.7,debit,atm,dining,posted
T00003308,A000156,2025-09-05 12:52:00,52.68,debit,card,online_retail,posted
T00003309,A000156,2025-10-13 09:41:00,2652.68,credit,ach,,posted
T00003310,A000156,2025-08-10 20:24:00,38.27,debit,p2p,healthcare,posted
T00003311,A000156,2025-11-29 12:24:00,5.4,debit,atm,fuel,posted
T00003312,A000156,2025-11-22 15:08:00,683.58,credit,ach,,posted
T00003313,A000156,2025-08-29 15:45:00,45.68,debit,p2p,healthcare,posted
T00003314,A000156,2025-09-17 22:56:00,160.37,debit,card,grocery,posted
T00003315,A000156,2025-09-24 10:37:00,57.26,debit,ach,online_retail,posted
T00003316,A000156,2025-10-27 16:24:00,5.17,debit,card,healthcare,posted
T00003317,A000156,2025-11-01 20:27:00,11.55,debit,card,healthcare,posted
T00003318,A000156,2025-08-13 14:02:00,3.97,debit,card,fuel,posted
T00003319,A000156,2025-09-14 04:05:00,34.16,debit,ach,dining,posted
T00003320,A000156,2025-08-06 01:15:00,42.47,debit,p2p,online_retail,posted
T00003321,A000156,2025-12-17 00:51:00,26.04,debit,card,online_retail,posted
T00003322,A000156,2025-11-19 10:03:00,68.04,debit,ach,healthcare,posted
T00003323,A000156,2025-08-23 05:54:00,57.47,debit,card,fuel,posted
T00003324,A000156,2025-11-19 03:00:00,45.37,debit,atm,entertainment,posted
T00003325,A000156,2025-10-03 04:08:00,35.72,debit,atm,utilities,posted
T00003326,A000156,2025-10-14 11:39:00,23.84,debit,card,fuel,posted
T00003327,A000156,2025-12-07 13:06:00,64.07,debit,p2p,travel,posted
T00003328,A000156,2025-07-03 20:30:00,5.51,debit,card,fuel,posted
T00003329,A000157,2025-12-15 09:21:00,12.82,debit,card,entertainment,posted
T00003330,A000157,2025-09-29 01:18:00,2633.56,credit,ach,,posted
T00003331,A000157,2025-10-23 02:11:00,25.71,debit,card,fuel,posted
T00003332,A000157,2025-12-01 02:57:00,19.98,debit,ach,fuel,posted
T00003333,A000157,2025-11-12 10:21:00,2099.16,credit,ach,,posted
T00003334,A000157,2025-09-03 21:15:00,3.62,debit,card,grocery,posted
T00003335,A000157,2025-11-20 23:54:00,58.2,debit,ach,grocery,posted
T00003336,A000157,2025-08-21 10:29:00,7.41,debit,ach,entertainment,posted
T00003337,A000157,2025-10-11 05:15:00,109.07,debit,card,travel,posted
T00003338,A000157,2025-11-23 08:33:00,40.8,debit,card,healthcare,posted
T00003339,A000157,2025-09-04 14:37:00,34.8,debit,card,fuel,posted
T00003340,A000157,2025-10-27 13:47:00,23.9,debit,card,fuel,posted
T00003341,A000157,2025-11-06 02:54:00,92.63,debit,card,grocery,posted
T00003342,A000157,2025-09-15 01:38:00,1495.52,credit,ach,,posted
T00003343,A000157,2025-10-23 07:26:00,1333.41,credit,ach,,posted
T00003344,A000157,2025-11-23 22:19:00,2951.95,credit,ach,,posted
T00003345,A000157,2025-11-01 03:25:00,15.82,debit,ach,grocery,posted
T00003346,A000157,2025-09-27 03:50:00,306.26,debit,ach,grocery,posted
T00003347,A000157,2025-10-07 10:45:00,52.9,debit,atm,travel,posted
T00003348,A000157,2025-12-19 02:28:00,85.69,debit,p2p,dining,posted
T00003349,A000157,2025-12-12 11:02:00,7.74,debit,p2p,travel,posted
T00003350,A000157,2025-09-07 01:43:00,8.63,debit,card,healthcare,posted
T00003351,A000157,2025-10-08 07:45:00,32.27,debit,ach,utilities,posted
T00003352,A000157,2025-08-28 16:38:00,18.29,debit,ach,online_retail,posted
T00003353,A000157,2025-11-04 11:52:00,3090.18,credit,ach,,posted
T00003354,A000157,2025-11-23 14:01:00,20.08,debit,card,entertainment,posted
T00003355,A000157,2025-11-11 13:09:00,66.04,debit,p2p,fuel,posted
T00003356,A000157,2025-09-22 20:42:00,10.46,debit,card,dining,posted
T00003357,A000157,2025-10-16 13:53:00,2772.74,credit,ach,,posted
T00003358,A000157,2025-08-21 17:04:00,27.29,debit,card,online_retail,posted
T00003359,A000157,2025-12-17 14:52:00,32.86,debit,card,entertainment,posted
T00003360,A000157,2025-11-27 16:08:00,6.9,debit,ach,healthcare,posted
T00003361,A000157,2025-08-28 15:28:00,1612.77,credit,ach,,posted
T00003362,A000157,2025-11-28 22:51:00,6.46,debit,card,fuel,posted
T00003363,A000157,2025-09-20 06:23:00,315.17,debit,p2p,entertainment,posted
T00003364,A000157,2025-10-04 11:02:00,1749.24,credit,ach,,posted
T00003365,A000157,2025-10-28 23:33:00,30.78,debit,card,fuel,posted
T00003366,A000157,2025-12-24 23:31:00,32.99,debit,card,online_retail,posted
T00003367,A000157,2025-11-07 06:34:00,1853.2,credit,ach,,posted
T00003368,A000157,2025-12-19 03:11:00,40.61,debit,ach,utilities,posted
T00003369,A000158,2025-06-10 12:51:00,45.04,debit,p2p,travel,posted
T00003370,A000158,2025-07-03 21:02:00,767.06,credit,ach,,posted
T00003371,A000158,2025-09-02 17:13:00,2744.88,credit,ach,,posted
T00003372,A000158,2025-09-11 23:46:00,24.96,debit,card,fuel,posted
T00003373,A000158,2025-06-15 01:08:00,14.17,debit,ach,utilities,posted
T00003374,A000158,2025-06-03 03:11:00,10.58,debit,p2p,travel,posted
T00003375,A000158,2025-08-05 03:28:00,3907.44,credit,ach,,posted
T00003376,A000158,2025-06-07 18:14:00,2756.76,credit,ach,,posted
T00003377,A000158,2025-07-27 00:50:00,2778.58,credit,ach,,posted
T00003378,A000158,2025-11-26 14:23:00,43.03,debit,card,entertainment,posted
T00003379,A000158,2025-09-06 23:30:00,40.38,debit,card,dining,posted
T00003380,A000158,2025-10-21 09:13:00,20.56,debit,p2p,dining,posted
T00003381,A000159,2025-12-01 11:02:00,7.1,debit,p2p,grocery,posted
T00003382,A000159,2025-11-12 12:37:00,17.98,debit,ach,fuel,posted
T00003383,A000159,2025-11-16 06:12:00,25.62,debit,ach,grocery,posted
T00003384,A000159,2025-12-04 10:20:00,2504.21,credit,ach,,posted
T00003385,A000159,2025-12-19 18:41:00,21.14,debit,atm,dining,posted
T00003386,A000159,2025-11-09 15:49:00,29.42,debit,card,utilities,posted
T00003387,A000159,2025-11-09 03:58:00,8.01,debit,card,healthcare,posted
T00003388,A000159,2025-12-30 19:41:00,3857.85,credit,ach,,posted
T00003389,A000159,2025-12-25 20:37:00,2069.04,credit,ach,,declined
T00003390,A000159,2025-11-13 16:19:00,29.4,debit,atm,dining,posted
T00003391,A000159,2025-12-23 13:18:00,71.87,debit,card,utilities,posted
T00003392,A000159,2025-11-21 10:18:00,23.05,debit,ach,fuel,posted
T00003393,A000159,2025-11-15 18:18:00,3427.87,credit,ach,,posted
T00003394,A000159,2025-11-28 07:42:00,17.77,debit,card,online_retail,posted
T00003395,A000159,2025-11-16 15:43:00,2816.97,credit,ach,,posted
T00003396,A000159,2025-12-20 07:59:00,22.16,debit,card,fuel,posted
T00003397,A000159,2025-12-10 23:05:00,22.17,debit,card,healthcare,posted
T00003398,A000159,2025-12-02 01:57:00,23.89,debit,card,online_retail,posted
T00003399,A000159,2025-11-12 06:43:00,1872.23,credit,ach,,posted
T00003400,A000159,2025-10-31 04:33:00,541.41,debit,p2p,dining,posted
T00003401,A000159,2025-12-09 03:42:00,31.35,debit,card,online_retail,posted
T00003402,A000159,2025-12-21 09:37:00,799.76,credit,ach,,posted
T00003403,A000159,2025-11-07 20:43:00,1490.99,credit,ach,,posted
T00003404,A000159,2025-12-28 19:17:00,20.03,debit,card,travel,posted
T00003405,A000159,2025-12-31 11:44:00,171.28,debit,p2p,dining,posted
T00003406,A000159,2025-11-10 13:20:00,3670.18,credit,ach,,posted
T00003407,A000160,2025-11-20 14:19:00,6.91,debit,p2p,utilities,posted
T00003408,A000160,2025-12-11 19:32:00,35.13,debit,p2p,utilities,posted
T00003409,A000160,2025-12-28 17:09:00,217.95,debit,card,healthcare,posted
T00003410,A000160,2025-12-26 10:38:00,92.8,debit,card,dining,reversed
T00003411,A000160,2025-12-04 06:50:00,897.88,credit,ach,,posted
T00003412,A000160,2025-11-20 03:12:00,1601.26,credit,ach,,posted
T00003413,A000161,2025-12-14 12:53:00,19.02,debit,card,grocery,posted
T00003414,A000161,2025-12-01 23:56:00,19.77,debit,ach,entertainment,posted
T00003415,A000161,2025-12-07 05:00:00,9.36,debit,ach,grocery,posted
T00003416,A000161,2025-12-22 12:01:00,77.57,debit,atm,healthcare,posted
T00003417,A000161,2025-12-22 09:03:00,32.79,debit,card,grocery,posted
T00003418,A000161,2025-12-13 05:50:00,220.33,debit,card,dining,posted
T00003419,A000161,2025-12-30 22:55:00,89.94,debit,ach,fuel,posted
T00003420,A000161,2025-12-03 13:22:00,60.94,debit,atm,travel,posted
T00003421,A000161,2025-12-23 13:48:00,150.89,debit,p2p,online_retail,posted
T00003422,A000161,2025-12-06 17:42:00,2429.66,credit,ach,,posted
T00003423,A000161,2025-12-24 18:12:00,87.7,debit,ach,healthcare,posted
T00003424,A000162,2025-03-11 08:11:00,26.76,debit,card,online_retail,posted
T00003425,A000162,2025-03-27 02:46:00,39.09,debit,card,travel,posted
T00003426,A000162,2025-07-28 22:29:00,7.95,debit,atm,grocery,posted
T00003427,A000162,2025-08-29 00:46:00,46.22,debit,p2p,healthcare,posted
T00003428,A000162,2025-08-15 14:24:00,60.27,debit,card,travel,posted
T00003429,A000162,2025-02-24 10:58:00,18.58,debit,card,utilities,posted
T00003430,A000162,2025-05-13 11:37:00,222.77,debit,atm,online_retail,posted
T00003431,A000162,2025-08-17 09:06:00,6.63,debit,card,dining,posted
T00003432,A000162,2025-09-17 15:19:00,83.2,debit,ach,online_retail,posted
T00003433,A000162,2025-02-24 10:46:00,727.1,credit,ach,,posted
T00003434,A000162,2025-05-02 04:15:00,20.87,debit,p2p,entertainment,posted
T00003435,A000162,2025-03-11 22:12:00,65.1,debit,atm,dining,posted
T00003436,A000162,2025-04-01 14:04:00,61.19,debit,card,online_retail,posted
T00003437,A000162,2025-07-26 21:28:00,80.42,debit,card,dining,posted
T00003438,A000162,2025-05-12 14:47:00,39.83,debit,ach,travel,posted
T00003439,A000162,2025-07-25 19:53:00,33.38,debit,card,grocery,posted
T00003440,A000162,2025-08-09 18:56:00,104.85,debit,p2p,grocery,posted
T00003441,A000162,2025-09-20 09:35:00,104.08,debit,card,fuel,posted
T00003442,A000162,2025-05-08 09:04:00,6.57,debit,ach,dining,posted
T00003443,A000162,2025-11-27 15:34:00,61.61,debit,card,utilities,posted
T00003444,A000162,2025-12-09 15:55:00,99.73,debit,atm,utilities,posted
T00003445,A000162,2025-06-29 06:46:00,1569.02,credit,ach,,posted
T00003446,A000162,2025-09-17 11:04:00,69.47,debit,ach,grocery,posted
T00003447,A000162,2025-07-18 03:12:00,1676.8,credit,ach,,posted
T00003448,A000162,2025-10-10 18:19:00,3022.63,credit,ach,,posted
T00003449,A000162,2025-05-05 21:43:00,1312.08,credit,ach,,declined
T00003450,A000162,2025-09-23 22:29:00,797.8,credit,ach,,posted
T00003451,A000162,2025-03-30 22:33:00,67.34,debit,p2p,entertainment,posted
T00003452,A000162,2025-10-09 15:27:00,27.96,debit,card,travel,posted
T00003453,A000162,2025-10-14 21:04:00,1245.79,credit,ach,,posted
T00003454,A000162,2025-11-18 18:14:00,113.05,debit,card,utilities,posted
T00003455,A000162,2025-06-14 01:17:00,41.22,debit,atm,healthcare,posted
T00003456,A000162,2025-04-03 20:47:00,68.39,debit,card,grocery,posted
T00003457,A000162,2025-12-12 21:25:00,95.53,debit,card,entertainment,posted
T00003458,A000162,2025-11-07 10:39:00,2490.55,credit,ach,,posted
T00003459,A000163,2025-11-26 10:15:00,69.68,debit,p2p,fuel,posted
T00003460,A000163,2025-12-05 18:20:00,88.65,debit,card,healthcare,posted
T00003461,A000163,2025-06-18 04:03:00,20.92,debit,atm,utilities,posted
T00003462,A000163,2025-12-08 11:22:00,22.37,debit,card,online_retail,posted
T00003463,A000163,2025-12-27 01:28:00,57.97,debit,atm,fuel,posted
T00003464,A000163,2025-12-19 04:51:00,3737.46,credit,ach,,posted
T00003465,A000163,2025-10-10 04:43:00,62.62,debit,card,dining,posted
T00003466,A000163,2025-08-30 12:06:00,21.14,debit,atm,grocery,posted
T00003467,A000163,2025-08-26 03:56:00,2929.2,credit,ach,,posted
T00003468,A000163,2025-10-03 13:30:00,1964.53,credit,ach,,declined
T00003469,A000163,2025-07-24 13:08:00,32.66,debit,p2p,healthcare,posted
T00003470,A000163,2025-07-15 00:07:00,31.22,debit,card,fuel,posted
T00003471,A000163,2025-12-31 01:44:00,6.35,debit,card,entertainment,posted
T00003472,A000163,2025-09-02 12:42:00,216.23,debit,card,grocery,posted
T00003473,A000163,2025-11-26 01:16:00,84.05,debit,p2p,fuel,posted
T00003474,A000163,2025-11-09 05:18:00,15.04,debit,card,travel,posted
T00003475,A000163,2025-10-24 13:49:00,18.52,debit,card,online_retail,posted
T00003476,A000163,2025-09-19 03:32:00,13.39,debit,card,entertainment,posted
T00003477,A000163,2025-08-17 08:15:00,30.42,debit,card,online_retail,posted
T00003478,A000163,2025-12-07 15:18:00,3343.81,credit,ach,,declined
T00003479,A000163,2025-12-09 10:13:00,2.6,debit,atm,fuel,posted
T00003480,A000163,2025-07-04 10:16:00,732.62,credit,ach,,posted
T00003481,A000163,2025-06-22 20:08:00,540.53,credit,ach,,posted
T00003482,A000163,2025-12-21 12:41:00,71.75,debit,atm,utilities,posted
T00003483,A000163,2025-11-28 13:50:00,64.8,debit,card,utilities,posted
T00003484,A000163,2025-09-04 13:07:00,1932.75,credit,ach,,declined
T00003485,A000163,2025-09-04 21:48:00,56.62,debit,atm,fuel,posted
T00003486,A000163,2025-12-12 02:34:00,75.08,debit,ach,online_retail,posted
T00003487,A000163,2025-07-25 12:33:00,2744.04,credit,ach,,posted
T00003488,A000163,2025-10-30 03:17:00,84.27,debit,card,grocery,posted
T00003489,A000163,2025-08-04 04:12:00,24.81,debit,card,grocery,posted
T00003490,A000163,2025-12-04 23:59:00,72.11,debit,p2p,grocery,posted
T00003491,A000163,2025-10-20 10:02:00,70.4,debit,p2p,entertainment,posted
T00003492,A000163,2025-09-16 08:50:00,22.08,debit,card,utilities,posted
T00003493,A000163,2025-10-15 15:31:00,38.58,debit,p2p,travel,posted
T00003494,A000163,2025-10-03 09:51:00,2021.66,credit,ach,,posted
T00003495,A000163,2025-10-30 16:59:00,1541.78,credit,ach,,posted
T00003496,A000163,2025-12-22 21:29:00,24.72,debit,ach,travel,posted
T00003497,A000163,2025-11-06 11:57:00,5.26,debit,card,dining,posted
T00003498,A000164,2025-08-03 00:29:00,1761.62,credit,ach,,posted
T00003499,A000164,2025-09-23 23:12:00,72.62,debit,ach,fuel,posted
T00003500,A000164,2025-06-03 11:42:00,184.84,debit,card,travel,posted
T00003501,A000164,2025-10-13 01:13:00,705.51,credit,ach,,posted
T00003502,A000164,2025-08-25 07:43:00,34.16,debit,card,fuel,posted
T00003503,A000164,2025-09-25 04:43:00,18.48,debit,ach,utilities,posted
T00003504,A000165,2025-10-28 09:38:00,20.89,debit,p2p,dining,posted
T00003505,A000165,2025-09-21 23:06:00,247.67,debit,atm,fuel,posted
T00003506,A000165,2025-08-30 16:14:00,1007.73,credit,ach,,posted
T00003507,A000165,2025-08-09 05:13:00,128.46,debit,card,entertainment,posted
T00003508,A000165,2025-10-11 22:01:00,22.22,debit,atm,healthcare,posted
T00003509,A000165,2025-11-04 03:05:00,1822.21,credit,ach,,posted
T00003510,A000165,2025-09-03 00:22:00,975.5,credit,ach,,posted
T00003511,A000165,2025-09-05 17:45:00,12.41,debit,p2p,online_retail,posted
T00003512,A000165,2025-12-15 22:08:00,118.58,debit,ach,utilities,posted
T00003513,A000165,2025-09-25 10:44:00,82.6,debit,atm,entertainment,posted
T00003514,A000165,2025-09-06 22:28:00,14.33,debit,atm,fuel,posted
T00003515,A000165,2025-10-30 03:02:00,1827.74,credit,ach,,posted
T00003516,A000165,2025-09-14 02:16:00,2698.11,credit,ach,,posted
T00003517,A000165,2025-12-14 12:56:00,100.88,debit,ach,dining,posted
T00003518,A000165,2025-11-02 15:15:00,592.21,credit,ach,,posted
T00003519,A000165,2025-12-24 18:35:00,2446.4,credit,ach,,posted
T00003520,A000165,2025-12-26 11:03:00,17.3,debit,ach,travel,posted
T00003521,A000165,2025-09-05 19:30:00,83.17,debit,card,utilities,posted
T00003522,A000165,2025-08-16 05:43:00,96.71,debit,atm,grocery,posted
T00003523,A000165,2025-11-16 17:45:00,2626.23,credit,ach,,posted
T00003524,A000165,2025-09-16 00:35:00,24.56,debit,card,utilities,posted
T00003525,A000166,2025-10-26 18:26:00,14.88,debit,card,entertainment,posted
T00003526,A000166,2025-09-03 14:23:00,42.9,debit,card,grocery,posted
T00003527,A000166,2025-12-24 16:34:00,2018.82,credit,ach,,posted
T00003528,A000166,2025-10-16 02:29:00,34.81,debit,ach,online_retail,posted
T00003529,A000166,2025-12-07 10:21:00,47.18,debit,card,utilities,posted
T00003530,A000166,2025-10-19 19:53:00,15.81,debit,ach,utilities,posted
T00003531,A000166,2025-09-06 14:11:00,89.21,debit,atm,fuel,posted
T00003532,A000166,2025-10-01 20:35:00,90.3,debit,ach,fuel,posted
T00003533,A000166,2025-11-11 08:42:00,1535.63,credit,ach,,posted
T00003534,A000166,2025-12-29 09:06:00,66.36,debit,card,grocery,posted
T00003535,A000166,2025-12-26 21:56:00,50.06,debit,atm,online_retail,posted
T00003536,A000166,2025-11-27 08:39:00,3130.03,credit,ach,,posted
T00003537,A000166,2025-11-24 14:41:00,2000.77,credit,ach,,posted
T00003538,A000166,2025-12-12 14:39:00,2526.72,credit,ach,,posted
T00003539,A000166,2025-10-25 06:29:00,95.74,debit,card,healthcare,posted
T00003540,A000166,2025-11-04 21:42:00,19.11,debit,ach,grocery,posted
T00003541,A000166,2025-08-05 09:02:00,42.54,debit,card,entertainment,posted
T00003542,A000166,2025-12-31 05:27:00,11.81,debit,ach,fuel,declined
T00003543,A000166,2025-09-13 07:00:00,3231.5,credit,ach,,posted
T00003544,A000166,2025-12-12 18:22:00,13.98,debit,atm,utilities,posted
T00003545,A000167,2025-06-17 00:00:00,87.06,debit,ach,travel,posted
T00003546,A000167,2024-07-10 22:13:00,3656.56,credit,ach,,posted
T00003547,A000167,2025-01-30 20:25:00,9.06,debit,card,healthcare,posted
T00003548,A000167,2025-11-23 08:39:00,114.76,debit,atm,entertainment,posted
T00003549,A000167,2024-06-21 23:31:00,29.08,debit,card,healthcare,posted
T00003550,A000167,2025-03-04 07:15:00,13.03,debit,atm,entertainment,reversed
T00003551,A000167,2025-03-10 06:24:00,30.34,debit,card,online_retail,posted
T00003552,A000167,2025-10-07 09:53:00,1637.62,credit,ach,,declined
T00003553,A000167,2025-10-19 13:27:00,1022.34,credit,ach,,posted
T00003554,A000167,2025-10-17 09:04:00,32.15,debit,card,dining,posted
T00003555,A000167,2025-10-21 16:30:00,1225.34,credit,ach,,posted
T00003556,A000167,2025-12-30 05:05:00,3.75,debit,p2p,fuel,posted
T00003557,A000167,2025-12-21 00:00:00,66.76,debit,card,grocery,posted
T00003558,A000167,2025-02-27 16:16:00,20.75,debit,ach,dining,posted
T00003559,A000167,2025-02-20 03:46:00,50.13,debit,card,utilities,posted
T00003560,A000167,2025-12-06 18:53:00,795.82,credit,ach,,posted
T00003561,A000167,2025-04-06 11:28:00,30.94,debit,atm,entertainment,posted
T00003562,A000167,2025-07-07 11:52:00,27.34,debit,card,entertainment,declined
T00003563,A000167,2024-07-10 17:22:00,2250.47,credit,ach,,posted
T00003564,A000167,2025-05-09 20:08:00,2.19,debit,card,dining,posted
T00003565,A000167,2024-07-26 09:36:00,35.54,debit,p2p,entertainment,reversed
T00003566,A000167,2025-09-15 11:19:00,25.87,debit,p2p,fuel,posted
T00003567,A000167,2025-11-24 14:50:00,51.36,debit,atm,utilities,posted
T00003568,A000167,2025-06-17 15:08:00,98.44,debit,p2p,grocery,posted
T00003569,A000167,2024-08-21 08:15:00,811.37,credit,ach,,posted
T00003570,A000167,2025-12-25 07:15:00,20.01,debit,card,online_retail,posted
T00003571,A000167,2025-04-16 11:08:00,18.62,debit,card,online_retail,posted
T00003572,A000167,2024-12-07 13:38:00,15.22,debit,p2p,travel,posted
T00003573,A000167,2025-08-30 18:56:00,53.19,debit,card,travel,posted
T00003574,A000168,2025-11-07 19:27:00,105.09,debit,p2p,online_retail,posted
T00003575,A000168,2025-12-18 17:27:00,97.45,debit,atm,healthcare,posted
T00003576,A000168,2025-12-11 03:38:00,38.88,debit,atm,healthcare,posted
T00003577,A000168,2025-11-07 19:19:00,2.32,debit,p2p,travel,posted
T00003578,A000168,2025-12-10 17:18:00,2338.24,credit,ach,,posted
T00003579,A000168,2025-09-28 15:37:00,25.54,debit,p2p,grocery,posted
T00003580,A000168,2025-09-14 04:41:00,97.01,debit,card,grocery,posted
T00003581,A000168,2025-12-02 10:54:00,46.81,debit,card,travel,posted
T00003582,A000168,2025-12-07 14:10:00,950.12,credit,ach,,posted
T00003583,A000168,2025-12-25 11:40:00,645.13,credit,ach,,posted
T00003584,A000168,2025-10-29 23:50:00,63.86,debit,card,fuel,posted
T00003585,A000168,2025-11-03 10:27:00,44.55,debit,card,online_retail,posted
T00003586,A000168,2025-10-03 09:12:00,24.63,debit,atm,dining,declined
T00003587,A000168,2025-09-15 07:03:00,46.79,debit,card,dining,posted
T00003588,A000168,2025-10-04 01:09:00,35.23,debit,card,grocery,posted
T00003589,A000168,2025-10-31 00:48:00,63.76,debit,card,fuel,posted
T00003590,A000168,2025-11-27 20:56:00,83.1,debit,card,grocery,posted
T00003591,A000168,2025-09-26 21:35:00,2871.87,credit,ach,,posted
T00003592,A000168,2025-10-14 04:48:00,29.33,debit,ach,healthcare,posted
T00003593,A000168,2025-10-16 14:25:00,945.46,credit,ach,,posted
T00003594,A000168,2025-10-12 10:20:00,92.61,debit,card,fuel,posted
T00003595,A000168,2025-11-05 13:06:00,70.04,debit,p2p,fuel,posted
T00003596,A000168,2025-10-06 14:45:00,985.93,credit,ach,,posted
T00003597,A000168,2025-09-21 20:06:00,1391.39,credit,ach,,posted
T00003598,A000168,2025-12-04 07:36:00,1051.59,credit,ach,,posted
T00003599,A000168,2025-12-17 17:39:00,23.22,debit,card,entertainment,posted
T00003600,A000168,2025-10-11 22:56:00,47.63,debit,ach,online_retail,posted
T00003601,A000168,2025-11-25 22:50:00,14.63,debit,card,fuel,posted
T00003602,A000168,2025-12-17 02:26:00,17.24,debit,atm,healthcare,posted
T00003603,A000168,2025-12-15 21:20:00,67.18,debit,card,travel,posted
T00003604,A000169,2025-07-09 06:52:00,3223.48,credit,ach,,posted
T00003605,A000169,2025-08-21 18:05:00,23.2,debit,card,online_retail,posted
T00003606,A000169,2025-09-13 01:54:00,95.91,debit,ach,dining,posted
T00003607,A000169,2025-12-26 06:12:00,26.35,debit,card,grocery,posted
T00003608,A000169,2025-10-23 13:13:00,9.3,debit,ach,entertainment,posted
T00003609,A000169,2025-12-18 10:18:00,36.62,debit,card,utilities,declined
T00003610,A000169,2025-10-20 00:15:00,139.33,debit,card,fuel,posted
T00003611,A000169,2025-12-01 12:22:00,120.75,debit,card,online_retail,posted
T00003612,A000169,2025-08-19 23:12:00,29.46,debit,card,dining,posted
T00003613,A000169,2025-09-14 11:06:00,107.4,debit,p2p,healthcare,posted
T00003614,A000169,2025-12-01 18:23:00,15.72,debit,card,grocery,posted
T00003615,A000169,2025-10-16 07:45:00,3103.84,credit,ach,,posted
T00003616,A000169,2025-09-28 12:47:00,20.37,debit,card,fuel,posted
T00003617,A000169,2025-12-19 04:20:00,1429.48,credit,ach,,posted
T00003618,A000169,2025-12-26 18:40:00,66.11,debit,card,travel,posted
T00003619,A000169,2025-08-19 01:17:00,1003.73,credit,ach,,posted
T00003620,A000169,2025-06-29 01:11:00,29.78,debit,card,entertainment,posted
T00003621,A000169,2025-10-04 17:09:00,2669.77,credit,ach,,posted
T00003622,A000169,2025-10-16 04:19:00,69.79,debit,card,online_retail,posted
T00003623,A000169,2025-11-05 21:42:00,19.1,debit,card,utilities,posted
T00003624,A000169,2025-11-28 13:43:00,41.85,debit,p2p,grocery,posted
T00003625,A000169,2025-09-02 17:59:00,3995.52,credit,ach,,posted
T00003626,A000169,2025-09-10 12:29:00,29.21,debit,card,healthcare,posted
T00003627,A000170,2025-10-18 19:19:00,183.7,debit,p2p,utilities,posted
T00003628,A000170,2025-10-22 16:10:00,9.65,debit,p2p,fuel,posted
T00003629,A000170,2025-11-20 13:10:00,74.15,debit,p2p,fuel,posted
T00003630,A000170,2025-12-25 04:20:00,95.0,debit,atm,utilities,posted
T00003631,A000170,2025-12-21 13:58:00,120.84,debit,ach,grocery,posted
T00003632,A000170,2025-10-04 14:11:00,2851.91,credit,ach,,posted
T00003633,A000170,2025-11-20 08:56:00,27.16,debit,card,online_retail,posted
T00003634,A000170,2025-12-31 09:38:00,21.54,debit,ach,healthcare,posted
T00003635,A000170,2025-12-13 17:24:00,132.51,debit,ach,fuel,posted
T00003636,A000170,2025-10-02 19:57:00,151.04,debit,atm,online_retail,posted
T00003637,A000170,2025-12-31 13:39:00,28.34,debit,atm,utilities,posted
T00003638,A000170,2025-12-17 17:34:00,2795.21,credit,ach,,posted
T00003639,A000170,2025-11-08 07:34:00,1882.65,credit,ach,,posted
T00003640,A000170,2025-10-04 15:26:00,144.48,debit,card,entertainment,declined
T00003641,A000170,2025-11-16 07:40:00,36.15,debit,atm,fuel,posted
T00003642,A000170,2025-12-11 00:04:00,8.04,debit,card,fuel,posted
T00003643,A000170,2025-12-27 06:15:00,15.64,debit,card,dining,posted
T00003644,A000170,2025-08-31 18:35:00,1087.87,credit,ach,,posted
T00003645,A000170,2025-10-01 03:35:00,28.35,debit,card,fuel,posted
T00003646,A000170,2025-11-16 00:57:00,9.03,debit,ach,entertainment,posted
T00003647,A000170,2025-10-21 18:44:00,6.56,debit,atm,dining,declined
T00003648,A000170,2025-10-18 10:53:00,4.32,debit,card,utilities,posted
T00003649,A000170,2025-10-02 06:50:00,128.26,debit,card,dining,posted
T00003650,A000170,2025-12-01 15:19:00,9.64,debit,atm,grocery,posted
T00003651,A000170,2025-11-27 17:28:00,2189.21,credit,ach,,posted
T00003652,A000170,2025-09-23 01:54:00,11.94,debit,atm,grocery,posted
T00003653,A000170,2025-11-08 23:12:00,91.95,debit,card,travel,posted
T00003654,A000170,2025-10-18 21:43:00,1811.3,credit,ach,,posted
T00003655,A000170,2025-11-29 06:11:00,12.82,debit,atm,online_retail,posted
T00003656,A000170,2025-10-27 12:10:00,43.76,debit,card,dining,posted
T00003657,A000171,2025-12-09 14:36:00,15.42,debit,atm,travel,posted
T00003658,A000171,2025-12-06 15:43:00,3122.55,credit,ach,,posted
T00003659,A000171,2025-12-10 16:07:00,2015.52,credit,ach,,posted
T00003660,A000171,2025-12-29 17:26:00,20.83,debit,p2p,healthcare,posted
T00003661,A000171,2025-12-30 05:27:00,59.06,debit,card,utilities,posted
T00003662,A000171,2025-12-25 10:13:00,7.27,debit,card,grocery,posted
T00003663,A000171,2025-11-13 14:20:00,16.72,debit,ach,entertainment,posted
T00003664,A000171,2025-11-26 15:32:00,28.17,debit,atm,grocery,posted
T00003665,A000171,2025-12-28 07:01:00,19.27,debit,card,online_retail,posted
T00003666,A000171,2025-11-26 10:20:00,16.56,debit,atm,entertainment,posted
T00003667,A000171,2025-12-28 04:35:00,590.3,credit,ach,,posted
T00003668,A000172,2025-12-13 04:00:00,70.26,debit,ach,travel,posted
T00003669,A000172,2025-12-23 00:04:00,42.96,debit,card,utilities,posted
T00003670,A000172,2025-12-16 02:04:00,135.49,debit,ach,dining,posted
T00003671,A000172,2025-12-20 01:42:00,104.54,debit,ach,healthcare,posted
T00003672,A000172,2025-12-23 12:12:00,63.87,debit,card,entertainment,posted
T00003673,A000172,2025-12-25 00:19:00,35.88,debit,card,dining,posted
T00003674,A000172,2025-12-09 03:48:00,65.47,debit,atm,healthcare,posted
T00003675,A000172,2025-12-19 02:37:00,7.69,debit,atm,grocery,posted
T00003676,A000172,2025-12-07 18:09:00,29.25,debit,card,entertainment,posted
T00003677,A000172,2025-12-20 01:08:00,62.68,debit,card,online_retail,declined
T00003678,A000172,2025-12-15 14:32:00,24.58,debit,card,travel,posted
T00003679,A000172,2025-12-07 19:58:00,53.89,debit,p2p,utilities,posted
T00003680,A000172,2025-12-23 15:50:00,2980.64,credit,ach,,posted
T00003681,A000172,2025-12-20 05:39:00,88.46,debit,atm,online_retail,posted
T00003682,A000172,2025-12-27 20:01:00,3654.0,credit,ach,,posted
T00003683,A000172,2025-12-25 07:36:00,47.18,debit,p2p,utilities,posted
T00003684,A000172,2025-12-15 17:18:00,49.64,debit,p2p,travel,posted
T00003685,A000172,2025-12-30 12:50:00,14.4,debit,card,healthcare,posted
T00003686,A000172,2025-12-18 05:50:00,30.92,debit,card,travel,posted
T00003687,A000172,2025-12-06 12:40:00,3482.35,credit,ach,,posted
T00003688,A000172,2025-12-12 07:17:00,3.94,debit,card,dining,posted
T00003689,A000172,2025-12-28 06:16:00,74.68,debit,card,healthcare,posted
T00003690,A000172,2025-12-12 06:23:00,19.95,debit,card,dining,posted
T00003691,A000172,2025-12-26 09:13:00,21.73,debit,card,dining,posted
T00003692,A000172,2025-12-14 18:16:00,41.36,debit,card,fuel,posted
T00003693,A000172,2025-12-08 20:35:00,3.02,debit,card,healthcare,posted
T00003694,A000172,2025-12-09 11:04:00,889.35,credit,ach,,declined
T00003695,A000172,2025-12-19 08:48:00,229.29,debit,atm,healthcare,posted
T00003696,A000172,2025-12-24 19:56:00,29.0,debit,atm,travel,posted
T00003697,A000172,2025-12-26 19:39:00,32.13,debit,p2p,dining,posted
T00003698,A000172,2025-12-06 01:29:00,11.77,debit,atm,dining,posted
T00003699,A000172,2025-12-13 08:30:00,5.64,debit,card,grocery,posted
T00003700,A000172,2025-12-20 17:10:00,6.44,debit,card,utilities,posted
T00003701,A000172,2025-12-15 07:47:00,131.5,debit,ach,fuel,posted
T00003702,A000172,2025-12-29 01:52:00,235.5,debit,card,healthcare,posted
T00003703,A000172,2025-12-29 18:24:00,592.7,credit,ach,,posted
T00003704,A000172,2025-12-25 20:26:00,2060.56,credit,ach,,posted
T00003705,A000172,2025-12-09 04:51:00,57.91,debit,card,healthcare,posted
T00003706,A000172,2025-12-19 02:54:00,28.1,debit,card,dining,posted
T00003707,A000172,2025-12-11 10:00:00,3968.28,credit,ach,,posted
T00003708,A000173,2025-10-05 08:48:00,3686.28,credit,ach,,posted
T00003709,A000173,2025-12-15 19:34:00,14.84,debit,p2p,healthcare,posted
T00003710,A000173,2025-11-07 23:44:00,18.94,debit,ach,healthcare,posted
T00003711,A000173,2025-12-23 19:52:00,166.01,debit,card,fuel,posted
T00003712,A000173,2025-10-12 20:04:00,19.67,debit,card,healthcare,posted
T00003713,A000173,2025-12-04 07:53:00,4.86,debit,card,utilities,posted
T00003714,A000173,2025-11-15 21:30:00,4.5,debit,ach,fuel,posted
T00003715,A000174,2025-11-20 10:31:00,24.67,debit,atm,travel,posted
T00003716,A000174,2025-12-02 00:30:00,41.46,debit,p2p,travel,posted
T00003717,A000174,2025-12-15 03:20:00,1482.59,credit,ach,,posted
T00003718,A000174,2025-12-19 01:15:00,257.71,debit,card,online_retail,posted
T00003719,A000174,2025-12-27 13:39:00,16.31,debit,p2p,healthcare,posted
T00003720,A000174,2025-11-16 21:29:00,4.61,debit,card,dining,posted
T00003721,A000175,2025-02-04 02:32:00,18.85,debit,ach,utilities,posted
T00003722,A000175,2025-06-01 03:33:00,3247.69,credit,ach,,posted
T00003723,A000175,2025-07-01 18:18:00,1721.64,credit,ach,,posted
T00003724,A000175,2025-11-26 07:20:00,19.52,debit,card,travel,posted
T00003725,A000175,2025-08-26 23:37:00,244.26,debit,ach,online_retail,posted
T00003726,A000175,2025-06-20 14:57:00,3564.19,credit,ach,,posted
T00003727,A000175,2025-07-05 23:58:00,23.31,debit,card,utilities,posted
T00003728,A000175,2025-11-05 20:03:00,2221.21,credit,ach,,posted
T00003729,A000175,2025-04-02 05:54:00,53.26,debit,ach,online_retail,posted
T00003730,A000175,2025-04-23 19:25:00,69.28,debit,p2p,grocery,posted
T00003731,A000176,2025-07-22 16:21:00,29.56,debit,card,dining,posted
T00003732,A000176,2025-08-16 02:08:00,18.89,debit,ach,online_retail,posted
T00003733,A000176,2025-08-06 17:21:00,3976.17,credit,ach,,posted
T00003734,A000176,2025-06-23 15:24:00,15.78,debit,ach,dining,posted
T00003735,A000176,2025-08-21 13:47:00,1448.92,credit,ach,,posted
T00003736,A000176,2024-10-27 00:25:00,7.12,debit,ach,entertainment,posted
T00003737,A000176,2024-10-28 16:11:00,76.03,debit,card,grocery,posted
T00003738,A000176,2025-08-15 19:04:00,11.86,debit,atm,travel,posted
T00003739,A000176,2025-10-07 11:18:00,35.57,debit,ach,healthcare,posted
T00003740,A000176,2024-11-16 21:01:00,29.65,debit,card,fuel,posted
T00003741,A000176,2024-09-19 01:37:00,1954.26,credit,ach,,posted
T00003742,A000176,2025-08-21 13:31:00,80.73,debit,ach,online_retail,posted
T00003743,A000176,2025-04-06 12:19:00,13.43,debit,card,travel,posted
T00003744,A000176,2025-12-21 16:07:00,185.92,debit,card,online_retail,posted
T00003745,A000176,2025-08-20 03:06:00,6.39,debit,p2p,online_retail,posted
T00003746,A000176,2024-12-14 01:34:00,56.44,debit,card,travel,posted
T00003747,A000176,2025-11-08 02:13:00,52.05,debit,atm,online_retail,posted
T00003748,A000176,2025-09-22 00:29:00,1817.81,credit,ach,,posted
T00003749,A000176,2024-10-25 13:00:00,21.77,debit,atm,dining,posted
T00003750,A000177,2025-07-18 16:30:00,38.17,debit,card,fuel,posted
T00003751,A000177,2025-12-05 14:15:00,2540.96,credit,ach,,posted
T00003752,A000177,2025-11-29 10:52:00,16.73,debit,card,fuel,posted
T00003753,A000177,2025-08-15 16:39:00,2117.34,credit,ach,,posted
T00003754,A000177,2025-08-22 17:11:00,41.5,debit,p2p,dining,posted
T00003755,A000177,2025-12-10 09:53:00,116.53,debit,atm,online_retail,posted
T00003756,A000177,2025-03-18 23:45:00,3.18,debit,ach,utilities,reversed
T00003757,A000177,2025-09-21 08:49:00,11.25,debit,card,utilities,posted
T00003758,A000177,2025-08-20 05:19:00,63.58,debit,p2p,online_retail,posted
T00003759,A000177,2025-10-22 00:50:00,2557.73,credit,ach,,posted
T00003760,A000177,2025-12-15 21:22:00,4.3,debit,ach,entertainment,posted
T00003761,A000177,2025-12-24 21:48:00,2215.32,credit,ach,,posted
T00003762,A000177,2025-08-06 01:47:00,2262.28,credit,ach,,posted
T00003763,A000177,2025-07-20 21:04:00,44.96,debit,atm,healthcare,posted
T00003764,A000177,2025-06-19 03:26:00,2822.68,credit,ach,,posted
T00003765,A000177,2025-10-19 18:39:00,2898.31,credit,ach,,posted
T00003766,A000177,2025-06-29 11:30:00,14.22,debit,atm,fuel,posted
T00003767,A000177,2025-05-26 04:48:00,19.09,debit,p2p,online_retail,posted
T00003768,A000177,2025-08-12 21:03:00,131.28,debit,p2p,dining,posted
T00003769,A000177,2025-10-09 03:44:00,197.49,debit,card,healthcare,posted
T00003770,A000177,2025-12-07 09:02:00,19.36,debit,ach,utilities,posted
T00003771,A000177,2025-02-19 10:36:00,11.58,debit,card,dining,posted
T00003772,A000177,2025-12-09 10:26:00,16.03,debit,card,dining,posted
T00003773,A000177,2025-08-22 12:38:00,39.43,debit,card,healthcare,posted
T00003774,A000178,2025-07-16 17:53:00,154.53,debit,p2p,utilities,posted
T00003775,A000178,2025-11-26 16:40:00,27.22,debit,p2p,healthcare,posted
T00003776,A000178,2025-03-08 11:10:00,7.18,debit,card,fuel,posted
T00003777,A000178,2025-11-22 23:05:00,9.41,debit,ach,grocery,posted
T00003778,A000178,2025-08-25 06:06:00,75.32,debit,atm,grocery,posted
T00003779,A000178,2025-08-11 21:22:00,1859.07,credit,ach,,posted
T00003780,A000178,2025-04-24 05:12:00,1159.97,credit,ach,,posted
T00003781,A000178,2025-05-23 20:47:00,29.15,debit,atm,utilities,posted
T00003782,A000178,2025-12-15 16:19:00,15.9,debit,card,fuel,posted
T00003783,A000178,2025-11-02 05:45:00,2.89,debit,card,travel,posted
T00003784,A000178,2025-09-06 02:07:00,48.67,debit,card,grocery,posted
T00003785,A000178,2025-09-14 21:45:00,13.79,debit,ach,fuel,posted
T00003786,A000178,2025-11-21 10:12:00,49.3,debit,card,dining,posted
T00003787,A000178,2025-12-12 00:51:00,49.88,debit,ach,travel,posted
T00003788,A000178,2025-12-19 09:30:00,757.73,credit,ach,,posted
T00003789,A000178,2025-09-07 10:37:00,23.39,debit,atm,entertainment,posted
T00003790,A000178,2025-05-06 21:42:00,15.82,debit,card,travel,posted
T00003791,A000178,2025-04-03 21:12:00,1378.27,credit,ach,,posted
T00003792,A000178,2025-09-24 22:21:00,128.57,debit,card,grocery,posted
T00003793,A000178,2025-06-14 01:23:00,30.49,debit,card,fuel,posted
T00003794,A000178,2025-08-29 10:09:00,78.15,debit,p2p,dining,posted
T00003795,A000178,2025-04-29 23:38:00,13.41,debit,card,grocery,posted
T00003796,A000178,2025-03-16 10:07:00,29.57,debit,card,dining,posted
T00003797,A000178,2025-03-22 13:54:00,26.42,debit,p2p,fuel,declined
T00003798,A000178,2025-08-24 03:53:00,22.11,debit,p2p,grocery,posted
T00003799,A000178,2025-04-15 18:19:00,5.3,debit,card,utilities,posted
T00003800,A000178,2025-07-20 14:30:00,155.66,debit,ach,online_retail,posted
T00003801,A000178,2025-02-15 23:56:00,77.55,debit,card,online_retail,posted
T00003802,A000178,2025-08-30 23:28:00,15.23,debit,atm,online_retail,declined
T00003803,A000178,2025-12-06 06:24:00,186.26,debit,card,dining,posted
T00003804,A000178,2025-09-30 00:26:00,38.78,debit,card,healthcare,posted
T00003805,A000178,2025-11-05 15:34:00,3776.19,credit,ach,,posted
T00003806,A000178,2025-04-19 00:57:00,9.06,debit,card,dining,posted
T00003807,A000179,2025-02-08 18:39:00,95.4,debit,card,entertainment,posted
T00003808,A000179,2025-02-11 06:41:00,20.73,debit,card,healthcare,posted
T00003809,A000179,2025-10-08 00:29:00,51.85,debit,card,healthcare,posted
T00003810,A000179,2025-07-19 15:51:00,71.54,debit,ach,entertainment,posted
T00003811,A000179,2025-07-15 08:25:00,16.81,debit,ach,utilities,posted
T00003812,A000179,2025-02-05 18:47:00,16.69,debit,p2p,entertainment,posted
T00003813,A000179,2025-06-06 22:42:00,1738.25,credit,ach,,declined
T00003814,A000179,2025-09-10 17:07:00,1062.9,credit,ach,,posted
T00003815,A000179,2025-03-23 04:37:00,10.7,debit,card,online_retail,posted
T00003816,A000179,2025-10-14 16:57:00,614.33,credit,ach,,posted
T00003817,A000179,2025-03-01 09:00:00,72.33,debit,card,entertainment,posted
T00003818,A000179,2025-02-09 01:01:00,2529.67,credit,ach,,posted
T00003819,A000179,2025-02-20 14:13:00,91.16,debit,ach,travel,posted
T00003820,A000179,2025-10-15 09:15:00,58.3,debit,p2p,grocery,posted
T00003821,A000179,2025-06-24 03:13:00,2358.95,credit,ach,,posted
T00003822,A000180,2025-06-21 02:33:00,882.24,credit,ach,,declined
T00003823,A000180,2025-04-07 09:08:00,36.43,debit,atm,fuel,posted
T00003824,A000180,2024-11-13 03:05:00,38.42,debit,card,utilities,posted
T00003825,A000180,2024-10-17 18:18:00,2520.94,credit,ach,,posted
T00003826,A000180,2025-01-10 10:36:00,109.16,debit,card,travel,posted
T00003827,A000180,2024-12-20 07:35:00,28.38,debit,ach,healthcare,posted
T00003828,A000180,2024-10-28 20:24:00,113.28,debit,card,dining,posted
T00003829,A000180,2025-11-13 09:01:00,60.66,debit,ach,travel,posted
T00003830,A000180,2025-03-05 09:42:00,10.91,debit,p2p,travel,posted
T00003831,A000180,2024-12-31 22:48:00,8.62,debit,atm,entertainment,posted
T00003832,A000180,2025-01-10 12:48:00,37.98,debit,ach,dining,posted
T00003833,A000180,2025-03-17 17:05:00,14.22,debit,card,dining,posted
T00003834,A000180,2025-06-27 13:03:00,85.69,debit,ach,entertainment,posted
T00003835,A000180,2024-12-18 22:50:00,62.33,debit,card,grocery,posted
T00003836,A000180,2024-11-09 04:33:00,114.19,debit,ach,utilities,posted
T00003837,A000180,2025-06-24 19:48:00,26.4,debit,card,fuel,posted
T00003838,A000180,2025-08-11 15:42:00,24.1,debit,ach,dining,posted
T00003839,A000180,2025-05-05 09:36:00,31.37,debit,card,dining,posted
T00003840,A000180,2025-03-17 10:14:00,67.13,debit,atm,utilities,declined
T00003841,A000180,2025-03-11 21:51:00,34.35,debit,card,fuel,posted
T00003842,A000180,2025-09-10 19:36:00,229.46,debit,card,dining,posted
T00003843,A000180,2024-12-01 03:20:00,31.37,debit,card,online_retail,posted
T00003844,A000180,2025-06-02 13:18:00,32.79,debit,card,grocery,posted
T00003845,A000180,2025-10-29 17:00:00,38.64,debit,card,dining,posted
T00003846,A000180,2025-02-01 08:27:00,8.55,debit,card,healthcare,posted
T00003847,A000180,2025-02-10 06:49:00,14.06,debit,card,fuel,posted
T00003848,A000180,2025-03-23 14:03:00,2.38,debit,card,entertainment,posted
T00003849,A000180,2025-09-01 04:25:00,2403.71,credit,ach,,posted
T00003850,A000180,2025-01-21 05:17:00,29.99,debit,atm,healthcare,posted
T00003851,A000181,2025-12-30 12:37:00,94.66,debit,ach,fuel,declined
T00003852,A000181,2025-12-23 20:30:00,2895.85,credit,ach,,posted
T00003853,A000181,2025-12-24 15:35:00,136.77,debit,ach,dining,posted
T00003854,A000181,2025-12-23 03:50:00,9.14,debit,card,dining,posted
T00003855,A000181,2025-12-31 05:59:00,12.54,debit,atm,grocery,posted
T00003856,A000181,2025-12-26 05:22:00,2529.18,credit,ach,,posted
T00003857,A000181,2025-12-21 16:23:00,26.0,debit,p2p,fuel,posted
T00003858,A000181,2025-12-28 07:05:00,23.61,debit,card,fuel,posted
T00003859,A000181,2025-12-26 15:12:00,13.83,debit,card,entertainment,posted
T00003860,A000181,2025-12-28 12:23:00,18.02,debit,p2p,healthcare,posted
T00003861,A000181,2025-12-21 06:09:00,12.9,debit,ach,online_retail,posted
T00003862,A000181,2025-12-30 06:19:00,13.64,debit,ach,fuel,posted
T00003863,A000181,2025-12-30 20:18:00,27.13,debit,card,travel,posted
T00003864,A000181,2025-12-28 09:24:00,2141.81,credit,ach,,posted
T00003865,A000181,2025-12-22 16:49:00,3806.39,credit,ach,,posted
T00003866,A000181,2025-12-26 09:38:00,3388.8,credit,ach,,posted
T00003867,A000181,2025-12-30 15:18:00,49.33,debit,card,utilities,posted
T00003868,A000181,2025-12-31 07:54:00,10.25,debit,ach,healthcare,posted
T00003869,A000181,2025-12-22 16:17:00,23.66,debit,card,online_retail,posted
T00003870,A000181,2025-12-26 04:10:00,11.3,debit,card,grocery,posted
T00003871,A000181,2025-12-28 13:05:00,3058.9,credit,ach,,posted
T00003872,A000181,2025-12-31 01:47:00,85.89,debit,p2p,grocery,posted
T00003873,A000181,2025-12-27 08:39:00,344.78,debit,atm,healthcare,posted
T00003874,A000181,2025-12-22 09:17:00,583.67,credit,ach,,posted
T00003875,A000181,2025-12-27 17:34:00,113.61,debit,card,fuel,posted
T00003876,A000181,2025-12-24 04:57:00,2336.91,credit,ach,,posted
T00003877,A000181,2025-12-24 23:16:00,123.3,debit,p2p,online_retail,posted
T00003878,A000181,2025-12-23 21:42:00,1711.2,credit,ach,,posted
T00003879,A000181,2025-12-20 13:27:00,17.41,debit,card,travel,posted
T00003880,A000181,2025-12-27 02:16:00,66.32,debit,atm,dining,posted
T00003881,A000181,2025-12-28 22:10:00,56.78,debit,card,fuel,posted
T00003882,A000181,2025-12-30 17:04:00,43.67,debit,p2p,online_retail,posted
T00003883,A000181,2025-12-27 12:35:00,3902.66,credit,ach,,posted
T00003884,A000181,2025-12-29 13:10:00,10.38,debit,card,entertainment,posted
T00003885,A000181,2025-12-31 04:17:00,41.41,debit,p2p,utilities,posted
T00003886,A000181,2025-12-23 22:48:00,660.4,credit,ach,,posted
T00003887,A000181,2025-12-27 08:38:00,40.95,debit,card,utilities,posted
T00003888,A000182,2025-08-07 20:25:00,10.03,debit,card,fuel,posted
T00003889,A000182,2025-09-17 11:47:00,36.91,debit,card,utilities,posted
T00003890,A000182,2025-11-04 07:53:00,2770.97,credit,ach,,posted
T00003891,A000182,2024-12-14 10:03:00,10.1,debit,ach,dining,posted
T00003892,A000182,2024-12-18 10:07:00,124.33,debit,card,dining,posted
T00003893,A000182,2024-12-30 15:16:00,28.12,debit,p2p,dining,posted
T00003894,A000182,2025-08-02 03:31:00,16.59,debit,ach,utilities,posted
T00003895,A000182,2025-09-01 12:21:00,32.18,debit,card,utilities,posted
T00003896,A000182,2025-06-29 12:00:00,15.25,debit,card,utilities,posted
T00003897,A000182,2025-08-01 08:06:00,2454.15,credit,ach,,posted
T00003898,A000182,2025-03-12 13:33:00,33.19,debit,card,utilities,posted
T00003899,A000182,2025-03-24 18:15:00,15.02,debit,card,entertainment,declined
T00003900,A000182,2025-06-13 04:44:00,27.21,debit,p2p,grocery,posted
T00003901,A000182,2025-12-18 03:27:00,2144.58,credit,ach,,posted
T00003902,A000182,2025-05-14 04:16:00,37.42,debit,card,entertainment,posted
T00003903,A000182,2025-04-20 05:39:00,89.62,debit,p2p,travel,posted
T00003904,A000182,2025-10-19 11:15:00,4.17,debit,ach,grocery,posted
T00003905,A000182,2025-09-05 11:12:00,3320.28,credit,ach,,posted
T00003906,A000182,2025-04-04 09:45:00,12.99,debit,p2p,entertainment,posted
T00003907,A000183,2025-11-25 10:17:00,28.18,debit,card,grocery,posted
T00003908,A000183,2025-11-05 14:34:00,1585.11,credit,ach,,posted
T00003909,A000183,2025-10-22 10:36:00,26.67,debit,card,grocery,posted
T00003910,A000183,2025-08-12 00:21:00,106.8,debit,atm,dining,posted
T00003911,A000183,2025-12-27 23:01:00,4.23,debit,card,healthcare,posted
T00003912,A000183,2025-08-26 06:02:00,51.25,debit,card,entertainment,posted
T00003913,A000183,2025-05-10 21:46:00,193.06,debit,ach,online_retail,posted
T00003914,A000183,2025-07-07 07:26:00,3171.19,credit,ach,,posted
T00003915,A000183,2025-08-19 17:54:00,4.22,debit,card,fuel,posted
T00003916,A000183,2025-12-06 22:10:00,136.46,debit,card,fuel,posted
T00003917,A000183,2025-12-22 11:58:00,48.28,debit,ach,grocery,posted
T00003918,A000183,2025-09-02 03:46:00,66.16,debit,card,online_retail,posted
T00003919,A000183,2025-07-31 01:45:00,11.22,debit,card,healthcare,declined
T00003920,A000183,2025-04-17 15:52:00,3129.82,credit,ach,,posted
T00003921,A000183,2025-08-14 17:45:00,28.18,debit,card,travel,posted
T00003922,A000183,2025-06-07 01:46:00,107.11,debit,card,healthcare,posted
T00003923,A000183,2025-06-27 05:46:00,50.11,debit,card,fuel,posted
T00003924,A000183,2025-07-20 23:17:00,44.51,debit,atm,fuel,posted
T00003925,A000183,2025-10-14 03:51:00,132.4,debit,card,healthcare,posted
T00003926,A000183,2025-09-17 08:28:00,3.23,debit,ach,travel,declined
T00003927,A000183,2025-12-09 02:58:00,2952.98,credit,ach,,posted
T00003928,A000183,2025-06-18 11:41:00,8.68,debit,ach,entertainment,posted
T00003929,A000183,2025-09-18 06:45:00,55.39,debit,card,travel,posted
T00003930,A000183,2025-08-15 01:59:00,1819.57,credit,ach,,posted
T00003931,A000184,2025-09-10 03:12:00,25.56,debit,ach,entertainment,posted
T00003932,A000184,2025-10-27 00:28:00,1045.12,credit,ach,,posted
T00003933,A000184,2025-12-24 23:44:00,29.0,debit,card,grocery,posted
T00003934,A000184,2025-09-10 05:44:00,44.86,debit,card,utilities,posted
T00003935,A000184,2025-11-14 20:06:00,66.62,debit,card,fuel,posted
T00003936,A000184,2025-10-17 01:09:00,20.24,debit,p2p,utilities,reversed
T00003937,A000184,2025-09-04 15:08:00,11.4,debit,ach,fuel,declined
T00003938,A000185,2025-12-08 06:27:00,4.32,debit,card,online_retail,posted
T00003939,A000185,2025-03-28 12:58:00,1400.78,credit,ach,,posted
T00003940,A000185,2025-08-22 07:05:00,26.89,debit,ach,online_retail,posted
T00003941,A000185,2024-12-26 10:14:00,17.23,debit,atm,dining,posted
T00003942,A000185,2025-07-22 18:17:00,1282.82,credit,ach,,posted
T00003943,A000185,2025-09-06 23:27:00,27.87,debit,card,dining,posted
T00003944,A000185,2025-09-15 01:21:00,16.58,debit,ach,healthcare,posted
T00003945,A000186,2025-10-03 04:26:00,917.0,credit,ach,,posted
T00003946,A000186,2025-09-27 21:23:00,8.82,debit,ach,utilities,posted
T00003947,A000186,2025-08-01 06:21:00,82.63,debit,atm,healthcare,posted
T00003948,A000186,2025-09-19 17:25:00,77.64,debit,ach,grocery,posted
T00003949,A000186,2025-12-12 05:21:00,105.13,debit,card,dining,posted
T00003950,A000186,2025-08-20 15:56:00,40.16,debit,card,entertainment,posted
T00003951,A000186,2025-09-06 08:51:00,34.9,debit,card,entertainment,posted
T00003952,A000186,2025-08-09 03:12:00,28.32,debit,card,healthcare,posted
T00003953,A000186,2025-08-07 22:51:00,61.33,debit,card,fuel,posted
T00003954,A000186,2025-09-04 14:02:00,79.25,debit,card,dining,posted
T00003955,A000186,2025-12-23 03:10:00,25.65,debit,p2p,utilities,posted
T00003956,A000186,2025-11-19 19:56:00,15.29,debit,card,dining,posted
T00003957,A000186,2025-10-10 16:07:00,87.7,debit,atm,grocery,posted
T00003958,A000186,2025-07-04 10:32:00,115.52,debit,card,grocery,posted
T00003959,A000186,2025-09-06 00:12:00,2993.39,credit,ach,,posted
T00003960,A000186,2025-07-08 17:53:00,57.25,debit,atm,healthcare,posted
T00003961,A000186,2025-11-28 18:02:00,73.81,debit,ach,grocery,posted
T00003962,A000186,2025-12-09 02:10:00,57.56,debit,card,fuel,posted
T00003963,A000186,2025-09-26 18:33:00,26.82,debit,ach,utilities,posted
T00003964,A000186,2025-11-20 08:37:00,86.44,debit,card,healthcare,posted
T00003965,A000186,2025-11-25 04:00:00,776.62,credit,ach,,posted
T00003966,A000186,2025-10-18 11:26:00,13.73,debit,card,healthcare,posted
T00003967,A000186,2025-11-02 16:40:00,579.45,credit,ach,,declined
T00003968,A000186,2025-12-06 11:54:00,1322.92,credit,ach,,posted
T00003969,A000186,2025-12-19 12:18:00,25.28,debit,p2p,healthcare,posted
T00003970,A000186,2025-12-27 18:56:00,59.17,debit,card,travel,posted
T00003971,A000187,2025-08-26 23:35:00,26.66,debit,card,healthcare,posted
T00003972,A000187,2025-08-12 21:55:00,24.2,debit,p2p,healthcare,posted
T00003973,A000187,2025-12-25 00:44:00,33.66,debit,card,grocery,posted
T00003974,A000187,2025-09-20 08:40:00,21.31,debit,atm,entertainment,posted
T00003975,A000187,2025-09-16 18:34:00,15.23,debit,ach,healthcare,posted
T00003976,A000187,2025-11-21 06:11:00,111.9,debit,card,entertainment,posted
T00003977,A000187,2025-07-29 04:15:00,3.2,debit,ach,online_retail,posted
T00003978,A000187,2025-08-22 03:34:00,3088.35,credit,ach,,posted
T00003979,A000187,2025-09-14 10:40:00,113.43,debit,atm,grocery,posted
T00003980,A000187,2025-11-09 09:23:00,62.96,debit,card,entertainment,posted
T00003981,A000187,2025-09-19 21:13:00,20.15,debit,card,grocery,posted
T00003982,A000187,2025-08-04 07:47:00,88.78,debit,atm,healthcare,declined
T00003983,A000187,2025-11-11 20:03:00,25.52,debit,atm,utilities,posted
T00003984,A000187,2025-11-30 20:08:00,49.59,debit,atm,grocery,posted
T00003985,A000188,2025-10-08 16:16:00,2138.96,credit,ach,,posted
T00003986,A000188,2025-11-19 00:50:00,2411.9,credit,ach,,posted
T00003987,A000188,2025-12-10 19:48:00,59.77,debit,card,online_retail,posted
T00003988,A000188,2025-10-07 19:08:00,948.52,credit,ach,,posted
T00003989,A000188,2025-12-15 15:28:00,29.93,debit,ach,online_retail,posted
T00003990,A000188,2025-09-07 21:51:00,73.39,debit,card,utilities,posted
T00003991,A000188,2025-11-29 01:14:00,16.58,debit,ach,entertainment,posted
T00003992,A000188,2025-12-18 09:11:00,56.44,debit,atm,travel,posted
T00003993,A000188,2025-12-17 19:19:00,23.07,debit,p2p,travel,posted
T00003994,A000188,2025-09-25 16:21:00,2758.25,credit,ach,,posted
T00003995,A000188,2025-10-31 09:26:00,1968.9,credit,ach,,posted
T00003996,A000188,2025-12-10 18:18:00,40.86,debit,p2p,healthcare,posted
T00003997,A000188,2025-11-25 23:58:00,1286.89,credit,ach,,posted
T00003998,A000188,2025-10-24 20:20:00,54.47,debit,card,dining,posted
T00003999,A000188,2025-11-04 23:28:00,3834.99,credit,ach,,posted
T00004000,A000188,2025-08-24 02:39:00,12.71,debit,ach,fuel,posted
T00004001,A000188,2025-09-30 16:58:00,9.73,debit,card,entertainment,posted
T00004002,A000188,2025-09-01 22:30:00,108.78,debit,card,grocery,posted
T00004003,A000188,2025-09-11 00:50:00,3098.24,credit,ach,,posted
T00004004,A000188,2025-11-23 21:26:00,25.42,debit,card,entertainment,posted
T00004005,A000188,2025-11-06 03:16:00,225.72,debit,p2p,healthcare,posted
T00004006,A000188,2025-08-14 21:32:00,2996.1,credit,ach,,posted
T00004007,A000188,2025-11-09 16:44:00,17.39,debit,card,entertainment,posted
T00004008,A000188,2025-10-25 23:44:00,25.04,debit,atm,fuel,posted
T00004009,A000188,2025-12-21 06:54:00,3979.38,credit,ach,,posted
T00004010,A000188,2025-09-11 18:29:00,1661.61,credit,ach,,posted
T00004011,A000188,2025-10-05 08:13:00,18.32,debit,ach,entertainment,posted
T00004012,A000188,2025-12-03 21:30:00,58.32,debit,card,entertainment,posted
T00004013,A000188,2025-10-02 21:04:00,2981.01,credit,ach,,posted
T00004014,A000188,2025-09-03 08:00:00,29.82,debit,atm,fuel,posted
T00004015,A000188,2025-08-18 13:05:00,31.71,debit,ach,healthcare,posted
T00004016,A000188,2025-11-24 19:48:00,57.41,debit,atm,dining,posted
T00004017,A000188,2025-09-23 09:49:00,1865.17,credit,ach,,posted
T00004018,A000188,2025-10-12 23:03:00,1718.93,credit,ach,,posted
T00004019,A000188,2025-11-14 22:09:00,19.33,debit,atm,healthcare,posted
T00004020,A000188,2025-10-31 23:00:00,37.11,debit,card,entertainment,posted
T00004021,A000188,2025-10-07 20:38:00,29.72,debit,atm,healthcare,posted
T00004022,A000188,2025-08-29 05:43:00,8.5,debit,p2p,travel,posted
T00004023,A000188,2025-10-10 03:49:00,28.05,debit,card,utilities,posted
T00004024,A000188,2025-08-20 18:20:00,2618.04,credit,ach,,posted
T00004025,A000189,2025-12-26 00:03:00,18.17,debit,card,grocery,posted
T00004026,A000189,2025-12-24 12:16:00,2286.46,credit,ach,,posted
T00004027,A000189,2025-12-23 09:53:00,14.22,debit,atm,online_retail,posted
T00004028,A000189,2025-12-26 22:46:00,65.82,debit,card,healthcare,posted
T00004029,A000189,2025-12-25 15:59:00,9.46,debit,ach,entertainment,posted
T00004030,A000189,2025-12-23 10:23:00,57.78,debit,card,entertainment,posted
T00004031,A000189,2025-12-25 22:37:00,14.19,debit,card,online_retail,posted
T00004032,A000189,2025-12-31 05:52:00,38.93,debit,atm,dining,posted
T00004033,A000189,2025-12-25 12:32:00,30.95,debit,card,fuel,posted
T00004034,A000189,2025-12-29 17:54:00,7.73,debit,card,fuel,posted
T00004035,A000189,2025-12-24 16:17:00,2688.91,credit,ach,,posted
T00004036,A000189,2025-12-28 13:48:00,2025.07,credit,ach,,declined
T00004037,A000189,2025-12-28 10:35:00,4.83,debit,card,fuel,posted
T00004038,A000189,2025-12-28 17:31:00,2.94,debit,card,fuel,posted
T00004039,A000189,2025-12-25 19:59:00,1324.38,credit,ach,,declined
T00004040,A000189,2025-12-31 14:33:00,44.11,debit,ach,fuel,posted
T00004041,A000189,2025-12-27 23:31:00,18.22,debit,card,entertainment,posted
T00004042,A000189,2025-12-31 07:06:00,37.88,debit,atm,grocery,posted
T00004043,A000189,2025-12-23 17:30:00,321.46,debit,card,grocery,posted
T00004044,A000189,2025-12-28 17:07:00,44.74,debit,ach,entertainment,posted
T00004045,A000189,2025-12-27 08:31:00,43.54,debit,atm,healthcare,posted
T00004046,A000189,2025-12-29 20:18:00,2.73,debit,ach,utilities,posted
T00004047,A000189,2025-12-29 07:12:00,85.6,debit,card,healthcare,posted
T00004048,A000189,2025-12-25 16:07:00,16.77,debit,p2p,entertainment,posted
T00004049,A000189,2025-12-28 01:20:00,13.08,debit,card,grocery,posted
T00004050,A000189,2025-12-25 13:01:00,189.38,debit,ach,fuel,posted
T00004051,A000189,2025-12-27 11:37:00,20.28,debit,atm,online_retail,posted
T00004052,A000189,2025-12-31 02:28:00,30.14,debit,ach,healthcare,posted
T00004053,A000189,2025-12-30 20:33:00,40.95,debit,p2p,online_retail,posted
T00004054,A000189,2025-12-28 14:07:00,3299.26,credit,ach,,posted
T00004055,A000190,2025-10-25 08:50:00,16.21,debit,card,fuel,posted
T00004056,A000190,2025-10-22 15:30:00,9.45,debit,card,fuel,posted
T00004057,A000190,2025-10-28 16:29:00,11.25,debit,p2p,dining,posted
T00004058,A000190,2025-12-29 15:21:00,53.51,debit,card,fuel,posted
T00004059,A000190,2025-08-29 20:49:00,709.08,credit,ach,,posted
T00004060,A000190,2025-11-08 09:22:00,27.91,debit,p2p,online_retail,posted
T00004061,A000190,2025-11-09 23:36:00,1284.41,credit,ach,,posted
T00004062,A000190,2025-10-05 09:26:00,2801.98,credit,ach,,posted
T00004063,A000190,2025-09-14 04:12:00,26.83,debit,card,travel,posted
T00004064,A000190,2025-11-21 19:30:00,178.24,debit,p2p,grocery,posted
T00004065,A000190,2025-09-28 16:11:00,11.11,debit,card,entertainment,posted
T00004066,A000190,2025-11-10 20:30:00,68.21,debit,atm,entertainment,declined
T00004067,A000190,2025-12-16 13:15:00,3761.89,credit,ach,,posted
T00004068,A000190,2025-12-28 23:15:00,90.74,debit,p2p,entertainment,posted
T00004069,A000190,2025-12-24 16:51:00,46.46,debit,card,grocery,posted
T00004070,A000190,2025-09-23 19:25:00,2634.29,credit,ach,,declined
T00004071,A000190,2025-08-25 21:05:00,2045.05,credit,ach,,posted
T00004072,A000190,2025-10-04 22:09:00,9.48,debit,card,utilities,posted
T00004073,A000190,2025-08-23 10:39:00,10.86,debit,ach,dining,posted
T00004074,A000190,2025-12-10 10:13:00,130.41,debit,card,online_retail,posted
T00004075,A000190,2025-12-14 21:02:00,50.51,debit,ach,online_retail,posted
T00004076,A000191,2025-12-23 00:23:00,1871.59,credit,ach,,posted
T00004077,A000191,2025-12-05 04:27:00,7.65,debit,atm,grocery,posted
T00004078,A000191,2025-09-22 01:26:00,30.13,debit,card,dining,posted
T00004079,A000191,2025-12-23 07:35:00,19.92,debit,card,travel,posted
T00004080,A000191,2025-12-25 04:07:00,21.78,debit,card,entertainment,posted
T00004081,A000191,2025-11-22 22:12:00,109.76,debit,p2p,travel,posted
T00004082,A000191,2025-12-26 08:43:00,248.29,debit,card,healthcare,posted
T00004083,A000191,2025-09-24 17:25:00,44.69,debit,ach,entertainment,posted
T00004084,A000191,2025-11-02 18:22:00,66.9,debit,card,online_retail,posted
T00004085,A000191,2025-11-26 15:57:00,10.21,debit,atm,dining,posted
T00004086,A000191,2025-12-21 10:51:00,29.55,debit,ach,utilities,posted
T00004087,A000191,2025-12-03 20:09:00,574.48,credit,ach,,posted
T00004088,A000191,2025-09-03 00:50:00,11.48,debit,atm,utilities,posted
T00004089,A000191,2025-09-03 12:24:00,2848.91,credit,ach,,posted
T00004090,A000191,2025-09-03 02:21:00,4.48,debit,card,utilities,posted
T00004091,A000191,2025-11-04 01:02:00,3402.41,credit,ach,,posted
T00004092,A000191,2025-10-21 01:41:00,6.28,debit,card,healthcare,posted
T00004093,A000192,2025-11-18 09:38:00,45.51,debit,atm,online_retail,posted
T00004094,A000192,2025-12-19 01:58:00,74.92,debit,p2p,travel,posted
T00004095,A000192,2025-12-14 04:55:00,1769.87,credit,ach,,posted
T00004096,A000192,2025-09-05 15:02:00,15.86,debit,card,fuel,posted
T00004097,A000192,2025-11-24 12:44:00,2626.14,credit,ach,,posted
T00004098,A000192,2025-08-20 08:22:00,3675.14,credit,ach,,posted
T00004099,A000192,2025-08-16 08:44:00,153.51,debit,p2p,healthcare,posted
T00004100,A000193,2025-12-30 10:06:00,55.46,debit,atm,entertainment,posted
T00004101,A000193,2025-08-17 16:28:00,2242.36,credit,ach,,posted
T00004102,A000193,2025-08-23 16:07:00,79.53,debit,atm,utilities,posted
T00004103,A000193,2024-12-19 21:11:00,25.59,debit,card,online_retail,posted
T00004104,A000193,2025-05-22 12:09:00,19.21,debit,card,travel,posted
T00004105,A000193,2024-12-29 14:25:00,30.01,debit,card,online_retail,posted
T00004106,A000193,2025-12-04 23:40:00,21.01,debit,card,grocery,posted
T00004107,A000193,2025-09-21 16:39:00,44.1,debit,card,entertainment,posted
T00004108,A000193,2025-05-30 01:57:00,76.62,debit,ach,online_retail,posted
T00004109,A000193,2025-03-09 08:49:00,1148.74,credit,ach,,posted
T00004110,A000193,2025-04-19 21:42:00,58.52,debit,ach,utilities,posted
T00004111,A000193,2025-05-01 08:05:00,14.2,debit,atm,entertainment,posted
T00004112,A000193,2025-03-04 19:32:00,29.22,debit,card,travel,posted
T00004113,A000193,2025-08-25 12:59:00,171.96,debit,card,entertainment,posted
T00004114,A000193,2025-10-06 03:19:00,49.93,debit,card,utilities,posted
T00004115,A000194,2025-09-14 12:05:00,309.06,debit,card,utilities,posted
T00004116,A000194,2025-12-12 11:22:00,531.13,credit,ach,,posted
T00004117,A000194,2025-08-27 04:55:00,25.14,debit,ach,online_retail,posted
T00004118,A000194,2025-09-29 17:32:00,33.95,debit,p2p,fuel,posted
T00004119,A000194,2025-10-09 05:30:00,1869.52,credit,ach,,posted
T00004120,A000194,2025-06-27 22:42:00,2664.06,credit,ach,,posted
T00004121,A000194,2025-07-15 23:50:00,1923.48,credit,ach,,posted
T00004122,A000194,2025-08-21 07:09:00,10.36,debit,atm,healthcare,posted
T00004123,A000194,2025-10-08 19:21:00,80.62,debit,ach,entertainment,posted
T00004124,A000194,2025-10-14 09:37:00,104.43,debit,p2p,travel,posted
T00004125,A000194,2025-08-09 13:31:00,72.47,debit,atm,healthcare,posted
T00004126,A000194,2025-08-24 22:52:00,20.31,debit,ach,entertainment,posted
T00004127,A000194,2025-08-11 05:02:00,1888.91,credit,ach,,posted
T00004128,A000194,2025-12-18 06:55:00,2075.65,credit,ach,,posted
T00004129,A000194,2025-08-20 09:02:00,40.48,debit,card,travel,posted
T00004130,A000194,2025-09-08 21:56:00,33.89,debit,ach,utilities,posted
T00004131,A000194,2025-06-21 05:15:00,54.23,debit,p2p,travel,posted
T00004132,A000194,2025-12-13 23:58:00,10.63,debit,atm,travel,posted
T00004133,A000194,2025-11-05 03:23:00,21.1,debit,card,dining,posted
T00004134,A000194,2025-09-23 13:00:00,72.0,debit,ach,online_retail,posted
T00004135,A000194,2025-09-28 01:09:00,32.25,debit,card,fuel,posted
T00004136,A000194,2025-09-13 03:40:00,130.36,debit,atm,dining,posted
T00004137,A000194,2025-08-20 10:02:00,22.37,debit,ach,entertainment,posted
T00004138,A000194,2025-06-23 12:08:00,44.0,debit,atm,online_retail,posted
T00004139,A000194,2025-10-05 16:25:00,11.09,debit,ach,fuel,posted
T00004140,A000194,2025-06-29 14:14:00,11.03,debit,ach,dining,posted
T00004141,A000194,2025-12-29 06:37:00,2666.92,credit,ach,,posted
T00004142,A000195,2025-04-15 01:21:00,64.92,debit,ach,grocery,posted
T00004143,A000195,2025-07-01 20:59:00,4.02,debit,atm,entertainment,posted
T00004144,A000195,2025-12-31 16:39:00,1308.63,credit,ach,,posted
T00004145,A000195,2025-12-30 03:56:00,8.3,debit,card,fuel,posted
T00004146,A000195,2025-11-20 21:43:00,3197.99,credit,ach,,posted
T00004147,A000195,2025-05-29 09:37:00,64.84,debit,card,entertainment,posted
T00004148,A000195,2025-10-07 09:15:00,33.68,debit,card,online_retail,posted
T00004149,A000195,2025-11-20 17:03:00,3348.97,credit,ach,,posted
T00004150,A000195,2025-06-29 23:17:00,14.51,debit,p2p,travel,posted
T00004151,A000195,2025-09-28 11:40:00,47.16,debit,card,travel,posted
T00004152,A000195,2025-10-03 01:00:00,33.09,debit,card,grocery,posted
T00004153,A000195,2025-05-31 14:50:00,2705.52,credit,ach,,posted
T00004154,A000195,2025-07-27 11:37:00,3.21,debit,card,healthcare,posted
T00004155,A000195,2025-08-15 00:07:00,1593.34,credit,ach,,posted
T00004156,A000196,2025-09-10 10:11:00,3775.81,credit,ach,,posted
T00004157,A000196,2025-09-01 12:03:00,53.51,debit,ach,healthcare,posted
T00004158,A000196,2025-09-15 07:07:00,48.09,debit,p2p,utilities,posted
T00004159,A000196,2025-09-21 01:21:00,54.05,debit,card,grocery,posted
T00004160,A000196,2025-12-19 22:00:00,3405.16,credit,ach,,posted
T00004161,A000196,2025-11-01 14:51:00,43.83,debit,ach,travel,posted
T00004162,A000196,2025-10-21 02:30:00,19.14,debit,card,travel,posted
T00004163,A000196,2025-07-26 04:45:00,3749.59,credit,ach,,posted
T00004164,A000196,2025-10-23 15:06:00,1949.75,credit,ach,,posted
T00004165,A000196,2025-07-24 05:18:00,117.21,debit,ach,entertainment,posted
T00004166,A000196,2025-08-08 21:19:00,25.81,debit,card,travel,posted
T00004167,A000196,2025-11-22 21:39:00,107.2,debit,atm,online_retail,posted
T00004168,A000196,2025-08-19 10:33:00,218.14,debit,p2p,dining,posted
T00004169,A000196,2025-12-07 07:06:00,15.09,debit,card,utilities,posted
T00004170,A000196,2025-11-24 09:23:00,137.97,debit,card,travel,posted
T00004171,A000196,2025-11-16 22:16:00,3619.74,credit,ach,,posted
T00004172,A000196,2025-10-31 12:38:00,91.58,debit,card,online_retail,posted
T00004173,A000197,2025-07-30 08:00:00,115.77,debit,ach,healthcare,posted
T00004174,A000197,2025-07-03 14:01:00,4.38,debit,ach,travel,posted
T00004175,A000197,2025-07-04 21:33:00,53.1,debit,card,travel,declined
T00004176,A000197,2025-10-09 18:24:00,72.56,debit,card,dining,posted
T00004177,A000197,2025-11-28 20:59:00,3.76,debit,ach,grocery,posted
T00004178,A000198,2025-12-05 04:54:00,3.96,debit,card,utilities,declined
T00004179,A000198,2025-12-25 02:53:00,3574.87,credit,ach,,posted
T00004180,A000198,2025-11-02 21:25:00,35.0,debit,card,healthcare,posted
T00004181,A000198,2025-11-02 04:47:00,777.32,credit,ach,,posted
T00004182,A000198,2025-10-29 12:03:00,3323.43,credit,ach,,posted
T00004183,A000198,2025-11-09 03:40:00,42.75,debit,atm,healthcare,posted
T00004184,A000198,2025-10-14 02:54:00,20.23,debit,card,travel,posted
T00004185,A000198,2025-11-20 08:37:00,6.08,debit,card,dining,posted
T00004186,A000198,2025-10-23 15:59:00,17.72,debit,card,dining,posted
T00004187,A000198,2025-09-27 15:34:00,79.36,debit,p2p,healthcare,posted
T00004188,A000198,2025-12-22 23:20:00,26.05,debit,p2p,travel,declined
T00004189,A000198,2025-10-31 03:44:00,52.73,debit,ach,travel,posted
T00004190,A000198,2025-12-24 07:23:00,30.14,debit,p2p,entertainment,posted
T00004191,A000198,2025-12-20 13:32:00,196.2,debit,card,grocery,posted
T00004192,A000198,2025-09-26 18:13:00,35.98,debit,p2p,entertainment,posted
T00004193,A000198,2025-09-28 23:39:00,39.05,debit,atm,online_retail,posted
T00004194,A000198,2025-11-09 15:58:00,33.38,debit,ach,fuel,posted
T00004195,A000198,2025-11-29 01:25:00,94.66,debit,atm,fuel,posted
T00004196,A000198,2025-11-19 20:06:00,1712.15,credit,ach,,posted
T00004197,A000198,2025-12-23 23:46:00,15.14,debit,p2p,grocery,posted
T00004198,A000198,2025-12-03 23:47:00,13.37,debit,card,dining,posted
T00004199,A000198,2025-12-20 03:29:00,23.7,debit,p2p,fuel,posted
T00004200,A000198,2025-10-16 06:15:00,13.67,debit,ach,fuel,posted
T00004201,A000198,2025-12-23 22:53:00,3479.59,credit,ach,,posted
T00004202,A000198,2025-11-19 03:27:00,2111.73,credit,ach,,posted
T00004203,A000198,2025-10-29 02:12:00,6.63,debit,ach,travel,posted
T00004204,A000198,2025-11-05 20:31:00,2215.26,credit,ach,,posted
T00004205,A000198,2025-10-08 21:57:00,7.16,debit,card,grocery,posted
T00004206,A000198,2025-10-26 15:16:00,2773.19,credit,ach,,posted
T00004207,A000198,2025-12-14 22:39:00,63.49,debit,atm,grocery,posted
T00004208,A000198,2025-12-08 11:22:00,81.99,debit,ach,travel,posted
T00004209,A000198,2025-12-20 05:31:00,2547.4,credit,ach,,posted
T00004210,A000198,2025-10-24 16:46:00,21.8,debit,card,fuel,posted
T00004211,A000200,2025-09-18 10:06:00,3608.51,credit,ach,,posted
T00004212,A000200,2025-09-10 01:06:00,1648.61,credit,ach,,posted
T00004213,A000200,2025-07-30 05:55:00,102.36,debit,p2p,utilities,posted
T00004214,A000200,2025-08-14 05:13:00,3052.5,credit,ach,,posted
T00004215,A000200,2025-08-31 01:35:00,5.82,debit,atm,entertainment,posted
T00004216,A000200,2025-12-13 09:13:00,70.95,debit,card,online_retail,posted
T00004217,A000200,2025-11-08 16:13:00,15.93,debit,card,healthcare,posted
T00004218,A000200,2025-12-07 05:08:00,28.6,debit,p2p,travel,posted
T00004219,A000200,2025-11-10 17:19:00,48.6,debit,card,grocery,posted
T00004220,A000200,2025-12-29 08:41:00,56.63,debit,card,dining,posted
T00004221,A000201,2025-12-30 01:42:00,20.45,debit,card,online_retail,posted
T00004222,A000201,2025-12-30 15:56:00,95.4,debit,p2p,fuel,posted
T00004223,A000201,2025-12-30 17:46:00,935.12,credit,ach,,posted
T00004224,A000201,2025-12-31 17:51:00,2781.68,credit,ach,,posted
T00004225,A000201,2025-12-30 01:51:00,77.12,debit,ach,entertainment,posted
T00004226,A000201,2025-12-31 05:21:00,55.66,debit,card,online_retail,posted
T00004227,A000201,2025-12-30 03:20:00,65.89,debit,atm,grocery,posted
T00004228,A000201,2025-12-29 12:26:00,6.39,debit,card,healthcare,posted
T00004229,A000201,2025-12-29 18:21:00,10.12,debit,ach,travel,posted
T00004230,A000201,2025-12-29 08:43:00,2206.83,credit,ach,,posted
T00004231,A000201,2025-12-30 00:49:00,30.98,debit,card,grocery,posted
T00004232,A000201,2025-12-31 18:08:00,85.88,debit,card,fuel,posted
T00004233,A000201,2025-12-29 03:25:00,1446.05,credit,ach,,declined
T00004234,A000201,2025-12-30 04:19:00,15.55,debit,card,online_retail,posted
T00004235,A000201,2025-12-30 01:49:00,23.57,debit,atm,grocery,posted
T00004236,A000201,2025-12-29 12:51:00,25.1,debit,card,grocery,posted
T00004237,A000201,2025-12-29 23:46:00,1709.54,credit,ach,,posted
T00004238,A000201,2025-12-31 19:01:00,38.38,debit,ach,utilities,posted
T00004239,A000202,2025-07-22 22:28:00,147.2,debit,card,entertainment,posted
T00004240,A000202,2025-06-16 01:20:00,247.01,debit,card,online_retail,posted
T00004241,A000202,2025-10-17 10:26:00,100.62,debit,card,travel,posted
T00004242,A000202,2025-05-06 02:14:00,88.54,debit,atm,grocery,posted
T00004243,A000202,2025-08-30 00:36:00,1391.95,credit,ach,,posted
T00004244,A000202,2025-12-30 13:22:00,10.78,debit,ach,utilities,posted
T00004245,A000202,2025-07-03 19:29:00,67.43,debit,p2p,entertainment,posted
T00004246,A000202,2025-07-31 13:01:00,166.98,debit,card,utilities,posted
T00004247,A000202,2025-06-03 10:28:00,13.66,debit,card,entertainment,posted
T00004248,A000202,2025-11-05 02:05:00,4.47,debit,card,healthcare,posted
T00004249,A000202,2025-10-21 21:23:00,2862.63,credit,ach,,posted
T00004250,A000202,2025-07-23 19:01:00,17.38,debit,card,entertainment,posted
T00004251,A000202,2025-10-08 13:43:00,147.63,debit,atm,healthcare,posted
T00004252,A000202,2025-11-25 03:40:00,3868.47,credit,ach,,posted
T00004253,A000202,2025-11-26 05:44:00,2543.78,credit,ach,,posted
T00004254,A000202,2025-05-14 05:23:00,23.03,debit,card,utilities,posted
T00004255,A000202,2025-09-28 13:18:00,156.66,debit,card,utilities,posted
T00004256,A000202,2025-05-21 21:34:00,2279.71,credit,ach,,posted
T00004257,A000202,2025-12-07 02:54:00,14.94,debit,card,utilities,posted
T00004258,A000202,2025-10-21 21:17:00,208.42,debit,atm,fuel,posted
T00004259,A000202,2025-08-25 23:45:00,52.13,debit,card,utilities,declined
T00004260,A000202,2025-12-18 18:19:00,517.38,credit,ach,,posted
T00004261,A000202,2025-08-06 10:54:00,69.41,debit,card,fuel,posted
T00004262,A000202,2025-07-13 17:47:00,33.52,debit,atm,entertainment,posted
T00004263,A000202,2025-08-30 12:42:00,81.51,debit,card,entertainment,posted
T00004264,A000202,2025-08-23 16:02:00,21.02,debit,card,dining,posted
T00004265,A000202,2025-08-24 03:27:00,2383.8,credit,ach,,posted
T00004266,A000202,2025-08-21 13:51:00,2.48,debit,card,dining,posted
T00004267,A000202,2025-09-30 06:57:00,25.17,debit,card,travel,posted
T00004268,A000202,2025-08-19 18:31:00,117.74,debit,card,healthcare,posted
T00004269,A000202,2025-08-22 10:36:00,2699.23,credit,ach,,posted
T00004270,A000202,2025-08-19 23:50:00,3618.66,credit,ach,,posted
T00004271,A000203,2025-12-29 01:42:00,16.64,debit,ach,dining,posted
T00004272,A000203,2025-12-28 14:54:00,136.41,debit,card,online_retail,declined
T00004273,A000203,2025-12-28 19:18:00,3407.53,credit,ach,,posted
T00004274,A000203,2025-12-30 17:20:00,20.49,debit,atm,travel,posted
T00004275,A000203,2025-12-28 23:35:00,21.7,debit,atm,entertainment,posted
T00004276,A000203,2025-12-31 13:13:00,1683.92,credit,ach,,posted
T00004277,A000203,2025-12-27 00:45:00,153.06,debit,card,entertainment,posted
T00004278,A000203,2025-12-29 04:33:00,48.98,debit,ach,online_retail,posted
T00004279,A000203,2025-12-30 15:03:00,103.32,debit,ach,healthcare,posted
T00004280,A000203,2025-12-29 13:51:00,77.01,debit,card,utilities,posted
T00004281,A000203,2025-12-31 19:52:00,10.03,debit,card,grocery,declined
T00004282,A000203,2025-12-30 12:51:00,1742.1,credit,ach,,posted
T00004283,A000203,2025-12-29 21:33:00,21.63,debit,card,dining,posted
T00004284,A000203,2025-12-29 06:43:00,4.66,debit,atm,entertainment,posted
T00004285,A000203,2025-12-28 19:11:00,5.77,debit,card,healthcare,posted
T00004286,A000203,2025-12-30 01:30:00,12.74,debit,atm,utilities,posted
T00004287,A000203,2025-12-30 00:09:00,3197.76,credit,ach,,posted
T00004288,A000203,2025-12-27 13:36:00,41.88,debit,card,dining,posted
T00004289,A000203,2025-12-31 18:40:00,41.08,debit,atm,fuel,posted
T00004290,A000203,2025-12-28 13:57:00,38.97,debit,p2p,dining,posted
T00004291,A000203,2025-12-28 18:22:00,787.38,credit,ach,,posted
T00004292,A000203,2025-12-27 07:36:00,52.19,debit,card,healthcare,declined
T00004293,A000203,2025-12-31 13:41:00,8.23,debit,card,travel,posted
T00004294,A000203,2025-12-27 23:30:00,35.63,debit,card,entertainment,posted
T00004295,A000203,2025-12-27 09:40:00,3.02,debit,atm,fuel,posted
T00004296,A000203,2025-12-29 04:43:00,81.4,debit,card,grocery,posted
T00004297,A000203,2025-12-28 11:12:00,2052.3,credit,ach,,posted
T00004298,A000203,2025-12-28 20:40:00,86.61,debit,atm,entertainment,posted
T00004299,A000203,2025-12-30 22:29:00,27.45,debit,atm,utilities,posted
T00004300,A000203,2025-12-26 05:54:00,29.04,debit,ach,entertainment,posted
T00004301,A000203,2025-12-30 12:58:00,6.58,debit,card,healthcare,posted
T00004302,A000204,2025-10-14 05:53:00,12.14,debit,card,dining,posted
T00004303,A000204,2025-09-10 04:01:00,8.41,debit,card,entertainment,posted
T00004304,A000204,2025-11-15 02:08:00,66.41,debit,atm,travel,posted
T00004305,A000204,2025-12-31 05:27:00,35.0,debit,p2p,healthcare,posted
T00004306,A000204,2025-10-19 10:01:00,1233.3,credit,ach,,posted
T00004307,A000204,2025-09-12 21:05:00,898.31,credit,ach,,posted
T00004308,A000204,2025-10-12 11:25:00,92.36,debit,atm,grocery,posted
T00004309,A000204,2025-12-04 02:42:00,20.57,debit,ach,online_retail,posted
T00004310,A000204,2025-09-07 15:14:00,3803.02,credit,ach,,posted
T00004311,A000204,2025-12-02 14:13:00,10.81,debit,atm,grocery,posted
T00004312,A000204,2025-12-26 00:06:00,191.35,debit,ach,fuel,posted
T00004313,A000204,2025-12-15 17:39:00,7.21,debit,card,utilities,posted
T00004314,A000204,2025-11-18 13:59:00,6.59,debit,card,utilities,posted
T00004315,A000204,2025-11-12 23:02:00,235.26,debit,card,grocery,declined
T00004316,A000204,2025-10-17 01:05:00,76.17,debit,card,healthcare,posted
T00004317,A000204,2025-09-23 15:25:00,169.46,debit,ach,healthcare,posted
T00004318,A000204,2025-12-21 10:16:00,79.87,debit,card,online_retail,posted
T00004319,A000204,2025-09-05 08:10:00,1902.49,credit,ach,,posted
T00004320,A000204,2025-09-11 12:37:00,82.12,debit,ach,dining,posted
T00004321,A000204,2025-12-10 15:21:00,61.17,debit,card,healthcare,posted
T00004322,A000204,2025-11-14 00:04:00,281.56,debit,card,entertainment,posted
T00004323,A000204,2025-09-25 12:31:00,81.59,debit,atm,utilities,posted
T00004324,A000204,2025-10-12 08:47:00,3905.23,credit,ach,,posted
T00004325,A000204,2025-09-22 23:25:00,53.06,debit,card,online_retail,posted
T00004326,A000204,2025-09-12 10:52:00,2033.89,credit,ach,,posted
T00004327,A000204,2025-10-27 05:26:00,28.92,debit,card,dining,posted
T00004328,A000204,2025-11-15 21:32:00,1024.54,credit,ach,,posted
T00004329,A000204,2025-09-04 14:24:00,6.16,debit,card,travel,posted
T00004330,A000204,2025-11-16 15:09:00,5.11,debit,ach,healthcare,posted
T00004331,A000205,2025-11-19 01:20:00,24.2,debit,ach,healthcare,posted
T00004332,A000205,2025-11-21 14:22:00,28.03,debit,card,fuel,posted
T00004333,A000205,2025-08-31 11:29:00,36.18,debit,ach,entertainment,posted
T00004334,A000205,2025-09-16 13:31:00,823.19,credit,ach,,posted
T00004335,A000205,2025-12-19 05:35:00,2.63,debit,card,travel,posted
T00004336,A000205,2025-11-07 18:50:00,1768.33,credit,ach,,posted
T00004337,A000205,2025-07-13 23:23:00,35.66,debit,ach,utilities,posted
T00004338,A000205,2025-06-11 16:43:00,17.5,debit,card,utilities,posted
T00004339,A000205,2025-11-05 12:37:00,49.95,debit,card,dining,posted
T00004340,A000205,2025-12-13 05:21:00,19.32,debit,card,grocery,posted
T00004341,A000205,2025-10-01 21:02:00,84.47,debit,ach,grocery,posted
T00004342,A000206,2025-03-07 19:22:00,45.1,debit,ach,entertainment,posted
T00004343,A000206,2025-10-06 02:27:00,8.18,debit,card,healthcare,posted
T00004344,A000206,2025-10-03 06:24:00,34.07,debit,card,grocery,posted
T00004345,A000206,2024-12-16 10:55:00,5.88,debit,card,healthcare,posted
T00004346,A000206,2024-09-25 19:28:00,114.14,debit,card,travel,posted
T00004347,A000206,2025-02-10 03:48:00,678.13,credit,ach,,posted
T00004348,A000206,2025-04-03 10:34:00,266.62,debit,card,grocery,posted
T00004349,A000206,2025-02-04 13:03:00,3341.75,credit,ach,,posted
T00004350,A000206,2025-09-16 13:00:00,118.05,debit,atm,entertainment,posted
T00004351,A000206,2025-03-31 08:36:00,59.95,debit,p2p,grocery,posted
T00004352,A000206,2025-05-13 19:03:00,31.21,debit,atm,grocery,posted
T00004353,A000206,2025-05-07 13:16:00,613.56,debit,card,entertainment,posted
T00004354,A000206,2025-05-20 06:57:00,92.68,debit,card,entertainment,posted
T00004355,A000206,2025-03-30 05:32:00,1639.26,credit,ach,,posted
T00004356,A000206,2024-12-08 11:20:00,546.02,credit,ach,,posted
T00004357,A000206,2025-06-17 11:04:00,26.14,debit,card,online_retail,posted
T00004358,A000206,2025-05-13 02:05:00,39.35,debit,card,grocery,posted
T00004359,A000206,2024-11-17 06:55:00,482.0,debit,atm,utilities,posted
T00004360,A000206,2024-09-28 11:47:00,1513.23,credit,ach,,posted
T00004361,A000206,2025-09-16 00:31:00,63.03,debit,card,healthcare,posted
T00004362,A000206,2025-12-28 06:13:00,12.17,debit,p2p,fuel,posted
T00004363,A000206,2025-03-30 17:36:00,42.98,debit,p2p,entertainment,posted
T00004364,A000206,2024-12-28 01:36:00,47.66,debit,card,grocery,posted
T00004365,A000206,2024-10-12 11:26:00,3339.19,credit,ach,,posted
T00004366,A000206,2024-12-01 09:53:00,9.61,debit,p2p,utilities,posted
T00004367,A000206,2024-11-25 20:20:00,115.11,debit,ach,healthcare,posted
T00004368,A000206,2025-12-05 06:27:00,113.85,debit,atm,travel,posted
T00004369,A000206,2025-02-19 23:20:00,73.26,debit,card,healthcare,posted
T00004370,A000207,2025-05-17 01:48:00,23.4,debit,card,healthcare,posted
T00004371,A000207,2025-12-19 20:59:00,38.59,debit,p2p,entertainment,posted
T00004372,A000207,2025-12-14 07:15:00,55.22,debit,card,utilities,posted
T00004373,A000207,2025-02-25 07:52:00,2313.51,credit,ach,,posted
T00004374,A000207,2025-03-12 03:42:00,56.87,debit,card,grocery,posted
T00004375,A000207,2025-04-17 07:49:00,27.79,debit,card,entertainment,posted
T00004376,A000207,2025-05-28 01:47:00,1600.67,credit,ach,,posted
T00004377,A000207,2025-09-16 13:27:00,2262.13,credit,ach,,posted
T00004378,A000207,2025-07-16 06:33:00,2441.64,credit,ach,,posted
T00004379,A000207,2025-01-24 06:12:00,7.75,debit,card,fuel,posted
T00004380,A000207,2025-07-23 01:40:00,20.14,debit,ach,fuel,posted
T00004381,A000207,2025-08-25 16:42:00,27.61,debit,ach,fuel,posted
T00004382,A000208,2025-12-05 17:36:00,35.81,debit,card,fuel,posted
T00004383,A000208,2025-11-11 09:46:00,20.26,debit,card,healthcare,posted
T00004384,A000208,2025-11-09 13:34:00,70.5,debit,card,utilities,posted
T00004385,A000208,2025-12-17 19:50:00,39.68,debit,card,grocery,posted
T00004386,A000208,2025-12-11 06:16:00,35.59,debit,ach,online_retail,posted
T00004387,A000208,2025-12-22 14:58:00,26.29,debit,atm,healthcare,posted
T00004388,A000208,2025-11-28 20:38:00,29.16,debit,card,grocery,posted
T00004389,A000208,2025-12-24 17:00:00,11.71,debit,atm,online_retail,posted
T00004390,A000208,2025-12-31 07:28:00,1963.94,credit,ach,,posted
T00004391,A000209,2025-11-25 15:01:00,91.63,debit,card,entertainment,posted
T00004392,A000209,2025-12-09 03:15:00,23.04,debit,card,fuel,declined
T00004393,A000209,2025-10-04 15:42:00,41.39,debit,atm,utilities,posted
T00004394,A000209,2025-10-03 15:34:00,1291.11,credit,ach,,posted
T00004395,A000209,2025-11-03 20:55:00,27.62,debit,p2p,utilities,posted
T00004396,A000209,2025-11-14 16:17:00,6.38,debit,card,online_retail,posted
T00004397,A000209,2025-10-26 13:24:00,2599.65,credit,ach,,posted
T00004398,A000209,2025-11-23 21:20:00,24.34,debit,card,utilities,posted
T00004399,A000209,2025-10-31 17:50:00,27.1,debit,p2p,grocery,reversed
T00004400,A000209,2025-10-09 04:45:00,40.77,debit,atm,grocery,posted
T00004401,A000209,2025-12-27 08:06:00,1072.74,credit,ach,,posted
T00004402,A000209,2025-10-18 17:26:00,1813.09,debit,p2p,fuel,posted
T00004403,A000209,2025-11-26 21:48:00,26.5,debit,atm,utilities,posted
T00004404,A000209,2025-11-22 23:26:00,1942.98,credit,ach,,posted
T00004405,A000209,2025-09-30 01:14:00,24.58,debit,p2p,grocery,posted
T00004406,A000209,2025-10-28 06:31:00,11.71,debit,p2p,fuel,posted
T00004407,A000209,2025-11-19 07:40:00,43.0,debit,atm,dining,posted
T00004408,A000209,2025-11-12 13:55:00,11.1,debit,p2p,healthcare,posted
T00004409,A000209,2025-12-05 01:36:00,10.9,debit,atm,online_retail,posted
T00004410,A000209,2025-10-28 23:15:00,836.3,credit,ach,,posted
T00004411,A000209,2025-10-23 12:08:00,196.26,debit,card,grocery,posted
T00004412,A000209,2025-10-29 05:52:00,14.23,debit,p2p,entertainment,posted
T00004413,A000209,2025-10-14 01:31:00,18.52,debit,ach,online_retail,posted
T00004414,A000209,2025-11-09 18:56:00,3123.19,credit,ach,,posted
T00004415,A000209,2025-11-26 21:42:00,59.96,debit,atm,utilities,posted
T00004416,A000209,2025-10-07 11:02:00,27.29,debit,ach,healthcare,posted
T00004417,A000209,2025-10-21 07:19:00,95.44,debit,ach,online_retail,posted
T00004418,A000209,2025-11-13 21:43:00,10.94,debit,card,utilities,posted
T00004419,A000209,2025-11-20 21:54:00,9.79,debit,card,online_retail,posted
T00004420,A000209,2025-11-03 06:45:00,153.74,debit,atm,entertainment,posted
T00004421,A000209,2025-12-04 20:57:00,174.81,debit,atm,fuel,posted
T00004422,A000209,2025-12-20 02:43:00,66.64,debit,card,grocery,posted
T00004423,A000209,2025-10-01 12:59:00,68.79,debit,card,entertainment,posted
T00004424,A000209,2025-10-24 09:41:00,4.11,debit,card,utilities,posted
T00004425,A000209,2025-11-16 16:27:00,5.77,debit,ach,utilities,posted
T00004426,A000209,2025-11-19 04:50:00,76.38,debit,atm,utilities,posted
T00004427,A000209,2025-12-29 00:26:00,245.27,debit,card,grocery,posted
T00004428,A000209,2025-12-01 14:35:00,8.71,debit,card,healthcare,posted
T00004429,A000210,2025-09-18 04:32:00,1744.24,credit,ach,,posted
T00004430,A000210,2025-11-19 15:49:00,3719.23,credit,ach,,posted
T00004431,A000210,2025-10-09 16:37:00,1698.36,credit,ach,,posted
T00004432,A000210,2025-11-14 18:36:00,3184.57,credit,ach,,posted
T00004433,A000210,2025-12-07 08:14:00,24.76,debit,card,travel,posted
T00004434,A000210,2025-12-29 08:17:00,3542.08,credit,ach,,posted
T00004435,A000210,2025-11-07 00:26:00,17.01,debit,atm,utilities,posted
T00004436,A000210,2025-12-31 14:34:00,47.75,debit,card,grocery,posted
T00004437,A000210,2025-09-29 22:46:00,16.36,debit,atm,dining,posted
T00004438,A000210,2025-09-26 12:19:00,4.28,debit,card,online_retail,posted
T00004439,A000210,2025-12-10 15:35:00,13.39,debit,ach,grocery,posted
T00004440,A000210,2025-10-20 00:28:00,1798.59,credit,ach,,posted
T00004441,A000210,2025-09-05 20:25:00,25.73,debit,ach,healthcare,posted
T00004442,A000211,2025-12-28 06:08:00,30.54,debit,ach,grocery,posted
T00004443,A000211,2025-11-15 01:30:00,51.01,debit,p2p,entertainment,posted
T00004444,A000211,2025-10-05 05:44:00,9.11,debit,ach,travel,posted
T00004445,A000211,2025-08-09 16:19:00,105.27,debit,card,online_retail,posted
T00004446,A000211,2025-12-05 04:33:00,3330.01,credit,ach,,posted
T00004447,A000211,2025-07-17 03:26:00,22.85,debit,atm,online_retail,posted
T00004448,A000211,2025-09-23 14:54:00,113.2,debit,card,travel,posted
T00004449,A000211,2025-09-03 02:41:00,88.16,debit,atm,travel,posted
T00004450,A000211,2025-11-16 10:57:00,18.92,debit,card,dining,posted
T00004451,A000211,2025-07-18 01:10:00,22.51,debit,p2p,online_retail,posted
T00004452,A000211,2025-11-23 21:58:00,12.76,debit,p2p,grocery,posted
T00004453,A000211,2025-10-28 06:06:00,20.1,debit,card,entertainment,posted
T00004454,A000211,2025-08-24 22:55:00,32.76,debit,ach,fuel,posted
T00004455,A000211,2025-11-21 21:39:00,72.46,debit,card,travel,posted
T00004456,A000211,2025-08-16 21:01:00,29.53,debit,card,utilities,posted
T00004457,A000211,2025-09-27 08:41:00,47.9,debit,atm,utilities,posted
T00004458,A000211,2025-12-07 20:24:00,1419.45,credit,ach,,posted
T00004459,A000211,2025-09-22 00:36:00,51.04,debit,ach,entertainment,posted
T00004460,A000211,2025-08-01 11:28:00,9.21,debit,p2p,online_retail,posted
T00004461,A000211,2025-11-03 01:20:00,74.02,debit,card,dining,posted
T00004462,A000211,2025-08-31 02:41:00,30.14,debit,card,utilities,posted
T00004463,A000212,2025-12-28 13:58:00,1928.64,credit,ach,,posted
T00004464,A000212,2025-12-28 21:24:00,11.62,debit,card,grocery,posted
T00004465,A000212,2025-12-25 05:25:00,21.42,debit,card,entertainment,posted
T00004466,A000212,2025-12-31 20:54:00,104.85,debit,ach,travel,posted
T00004467,A000212,2025-12-29 20:30:00,7.76,debit,card,grocery,posted
T00004468,A000212,2025-12-27 19:01:00,60.97,debit,card,grocery,posted
T00004469,A000212,2025-12-27 13:48:00,184.76,debit,card,healthcare,declined
T00004470,A000212,2025-12-27 07:54:00,22.43,debit,card,online_retail,posted
T00004471,A000212,2025-12-31 09:10:00,37.81,debit,ach,fuel,posted
T00004472,A000212,2025-12-25 18:51:00,25.67,debit,card,healthcare,posted
T00004473,A000212,2025-12-28 19:03:00,3465.77,credit,ach,,posted
T00004474,A000212,2025-12-27 18:03:00,4.94,debit,p2p,entertainment,posted
T00004475,A000212,2025-12-28 21:12:00,2513.4,credit,ach,,posted
T00004476,A000212,2025-12-28 01:36:00,27.02,debit,ach,utilities,posted
T00004477,A000212,2025-12-31 02:55:00,2617.8,credit,ach,,posted
T00004478,A000212,2025-12-26 00:32:00,31.97,debit,atm,entertainment,posted
T00004479,A000212,2025-12-29 17:32:00,27.04,debit,p2p,healthcare,posted
T00004480,A000212,2025-12-28 05:28:00,80.47,debit,atm,travel,posted
T00004481,A000212,2025-12-31 01:36:00,10.97,debit,ach,online_retail,posted
T00004482,A000212,2025-12-27 00:07:00,3.69,debit,card,healthcare,posted
T00004483,A000212,2025-12-26 23:42:00,3423.51,credit,ach,,posted
T00004484,A000212,2025-12-31 23:33:00,14.53,debit,p2p,fuel,posted
T00004485,A000212,2025-12-31 12:19:00,142.63,debit,card,travel,posted
T00004486,A000212,2025-12-28 10:03:00,47.02,debit,card,dining,posted
T00004487,A000212,2025-12-29 13:40:00,3941.87,credit,ach,,posted
T00004488,A000212,2025-12-26 03:56:00,44.72,debit,p2p,dining,posted
T00004489,A000212,2025-12-28 18:51:00,1465.19,credit,ach,,posted
T00004490,A000212,2025-12-25 09:27:00,19.93,debit,card,dining,posted
T00004491,A000213,2025-07-27 04:31:00,64.54,debit,ach,grocery,posted
T00004492,A000213,2025-11-30 13:43:00,1979.61,credit,ach,,posted
T00004493,A000213,2025-04-25 09:19:00,23.63,debit,atm,healthcare,posted
T00004494,A000213,2025-11-18 14:43:00,2632.62,credit,ach,,posted
T00004495,A000213,2025-03-20 13:56:00,18.87,debit,card,fuel,posted
T00004496,A000213,2025-03-24 08:39:00,30.45,debit,atm,online_retail,posted
T00004497,A000213,2025-06-17 09:00:00,705.52,credit,ach,,posted
T00004498,A000213,2025-04-21 23:50:00,25.33,debit,p2p,healthcare,posted
T00004499,A000213,2025-06-04 21:19:00,50.97,debit,card,dining,posted
T00004500,A000213,2025-09-12 16:59:00,3983.91,credit,ach,,posted
T00004501,A000213,2025-04-07 02:00:00,3514.21,credit,ach,,posted
T00004502,A000213,2025-07-05 08:59:00,15.89,debit,ach,entertainment,posted
T00004503,A000213,2025-09-02 18:19:00,10.36,debit,card,online_retail,posted
T00004504,A000213,2025-08-01 06:44:00,35.88,debit,card,grocery,posted
T00004505,A000213,2025-08-26 20:54:00,26.46,debit,card,online_retail,posted
T00004506,A000213,2025-05-10 06:39:00,66.58,debit,card,entertainment,posted
T00004507,A000213,2025-12-02 06:39:00,12.62,debit,card,online_retail,posted
T00004508,A000213,2025-07-09 04:17:00,2945.34,credit,ach,,posted
T00004509,A000213,2025-07-01 18:22:00,30.86,debit,ach,online_retail,posted
T00004510,A000214,2025-12-25 00:31:00,1279.42,credit,ach,,posted
T00004511,A000214,2025-12-23 22:16:00,21.25,debit,p2p,grocery,reversed
T00004512,A000214,2025-12-21 16:10:00,16.8,debit,atm,fuel,posted
T00004513,A000214,2025-12-19 11:47:00,29.25,debit,card,entertainment,posted
T00004514,A000214,2025-12-23 05:40:00,61.57,debit,p2p,grocery,posted
T00004515,A000214,2025-12-25 04:52:00,18.63,debit,atm,dining,declined
T00004516,A000214,2025-12-24 11:54:00,795.25,credit,ach,,posted
T00004517,A000214,2025-12-19 20:28:00,22.69,debit,card,entertainment,posted
T00004518,A000214,2025-12-22 12:54:00,34.79,debit,card,entertainment,posted
T00004519,A000214,2025-12-24 18:37:00,18.53,debit,p2p,dining,posted
T00004520,A000214,2025-12-28 04:41:00,8.22,debit,p2p,healthcare,posted
T00004521,A000214,2025-12-22 14:44:00,30.12,debit,card,utilities,posted
T00004522,A000214,2025-12-19 20:20:00,16.23,debit,card,travel,posted
T00004523,A000214,2025-12-29 13:53:00,53.68,debit,ach,dining,posted
T00004524,A000214,2025-12-17 14:04:00,94.77,debit,atm,healthcare,posted
T00004525,A000215,2025-06-21 19:16:00,9.11,debit,p2p,travel,posted
T00004526,A000215,2024-11-01 19:09:00,1009.96,credit,ach,,posted
T00004527,A000215,2025-08-25 12:00:00,11.09,debit,atm,entertainment,posted
T00004528,A000215,2024-10-09 01:15:00,24.11,debit,atm,healthcare,posted
T00004529,A000215,2025-01-24 20:02:00,24.88,debit,card,travel,posted
T00004530,A000215,2025-05-23 16:34:00,180.67,debit,atm,healthcare,posted
T00004531,A000215,2025-05-11 02:05:00,40.41,debit,card,healthcare,posted
T00004532,A000215,2025-09-19 13:32:00,2775.54,credit,ach,,declined
T00004533,A000215,2025-07-21 16:18:00,59.48,debit,ach,fuel,posted
T00004534,A000215,2025-10-20 06:11:00,185.34,debit,ach,healthcare,posted
T00004535,A000215,2025-05-29 07:49:00,49.37,debit,p2p,grocery,posted
T00004536,A000215,2024-12-13 16:57:00,4.74,debit,ach,entertainment,posted
T00004537,A000215,2025-09-14 12:32:00,20.83,debit,card,grocery,posted
T00004538,A000215,2025-05-12 23:30:00,14.78,debit,ach,online_retail,posted
T00004539,A000215,2025-03-29 09:24:00,700.42,credit,ach,,posted
T00004540,A000215,2024-10-09 04:04:00,19.89,debit,card,dining,posted
T00004541,A000215,2025-05-15 10:39:00,66.23,debit,card,fuel,posted
T00004542,A000216,2025-08-07 02:35:00,6.67,debit,card,dining,posted
T00004543,A000216,2024-07-17 02:29:00,9.59,debit,atm,fuel,posted
T00004544,A000216,2024-07-16 02:13:00,187.08,debit,p2p,dining,posted
T00004545,A000216,2025-05-13 00:04:00,67.8,debit,ach,dining,posted
T00004546,A000216,2025-02-24 12:02:00,30.69,debit,card,grocery,posted
T00004547,A000216,2025-04-13 11:03:00,43.51,debit,ach,travel,posted
T00004548,A000216,2025-06-22 07:15:00,25.39,debit,ach,fuel,posted
T00004549,A000216,2025-05-27 02:02:00,72.68,debit,card,entertainment,posted
T00004550,A000216,2025-07-04 21:04:00,19.17,debit,p2p,healthcare,posted
T00004551,A000216,2024-08-23 18:53:00,67.43,debit,card,entertainment,posted
T00004552,A000216,2025-01-20 10:36:00,26.89,debit,card,grocery,posted
T00004553,A000216,2025-07-26 07:42:00,112.82,debit,card,travel,posted
T00004554,A000216,2024-10-09 18:20:00,68.19,debit,ach,fuel,posted
T00004555,A000216,2025-11-09 11:02:00,1585.28,credit,ach,,posted
T00004556,A000216,2024-10-30 08:25:00,17.58,debit,atm,online_retail,posted
T00004557,A000217,2025-11-11 22:43:00,117.23,debit,atm,utilities,posted
T00004558,A000217,2024-08-05 03:32:00,2759.62,credit,ach,,posted
T00004559,A000217,2024-10-27 06:10:00,1813.56,credit,ach,,posted
T00004560,A000217,2025-11-22 17:59:00,28.11,debit,p2p,dining,posted
T00004561,A000217,2025-05-29 01:29:00,38.87,debit,ach,entertainment,posted
T00004562,A000217,2024-06-27 08:25:00,1870.08,credit,ach,,posted
T00004563,A000217,2024-11-01 21:40:00,44.92,debit,card,healthcare,posted
T00004564,A000217,2025-12-08 23:55:00,160.11,debit,card,grocery,posted
T00004565,A000217,2024-06-09 08:54:00,39.88,debit,card,travel,posted
T00004566,A000217,2025-05-19 07:18:00,53.22,debit,card,fuel,posted
T00004567,A000217,2025-09-29 03:43:00,24.57,debit,card,online_retail,posted
T00004568,A000217,2025-06-04 00:35:00,59.02,debit,ach,travel,declined
T00004569,A000217,2025-08-14 08:08:00,73.19,debit,card,healthcare,posted
T00004570,A000217,2024-07-14 19:01:00,92.06,debit,card,dining,posted
T00004571,A000217,2025-08-20 21:19:00,15.69,debit,card,entertainment,posted
T00004572,A000217,2025-10-22 01:50:00,13.52,debit,card,online_retail,posted
T00004573,A000217,2024-12-30 21:42:00,1391.12,credit,ach,,posted
T00004574,A000217,2025-08-11 05:11:00,96.5,debit,card,entertainment,posted
T00004575,A000217,2024-07-08 03:24:00,3922.33,credit,ach,,posted
T00004576,A000217,2025-05-31 17:17:00,39.1,debit,p2p,travel,posted
T00004577,A000217,2025-07-26 19:40:00,8.24,debit,atm,online_retail,posted
T00004578,A000217,2024-09-25 04:51:00,3442.58,credit,ach,,posted
T00004579,A000217,2025-07-06 08:46:00,142.35,debit,card,entertainment,posted
T00004580,A000217,2025-06-05 12:10:00,11.58,debit,card,grocery,posted
T00004581,A000217,2024-08-24 20:55:00,90.88,debit,p2p,fuel,posted
T00004582,A000217,2024-06-21 18:37:00,34.07,debit,card,online_retail,posted
T00004583,A000217,2024-09-23 08:15:00,82.03,debit,card,fuel,posted
T00004584,A000217,2024-12-13 21:55:00,65.12,debit,p2p,dining,posted
T00004585,A000218,2025-12-07 16:02:00,337.31,debit,card,online_retail,posted
T00004586,A000218,2025-11-03 15:14:00,79.43,debit,card,travel,posted
T00004587,A000218,2025-11-27 09:01:00,2007.68,credit,ach,,posted
T00004588,A000218,2025-10-26 18:09:00,151.62,debit,atm,dining,posted
T00004589,A000218,2025-10-08 00:54:00,9.38,debit,p2p,online_retail,declined
T00004590,A000218,2025-09-29 09:22:00,2.61,debit,p2p,dining,posted
T00004591,A000218,2025-09-17 16:29:00,29.61,debit,card,travel,posted
T00004592,A000218,2025-12-25 10:47:00,25.56,debit,card,entertainment,posted
T00004593,A000218,2025-12-07 12:11:00,6.35,debit,card,fuel,declined
T00004594,A000218,2025-09-12 15:48:00,2867.36,credit,ach,,posted
T00004595,A000218,2025-08-05 18:42:00,20.07,debit,card,dining,posted
T00004596,A000218,2025-09-21 02:43:00,1169.18,credit,ach,,posted
T00004597,A000219,2025-11-06 20:54:00,3822.64,credit,ach,,posted
T00004598,A000219,2025-10-27 12:51:00,4.78,debit,ach,grocery,posted
T00004599,A000219,2025-12-13 23:40:00,861.46,credit,ach,,posted
T00004600,A000219,2025-09-21 21:17:00,1332.1,credit,ach,,posted
T00004601,A000219,2025-10-27 08:46:00,28.84,debit,card,travel,declined
T00004602,A000219,2025-11-07 08:12:00,31.95,debit,ach,fuel,posted
T00004603,A000219,2025-09-09 03:47:00,13.62,debit,card,grocery,posted
T00004604,A000219,2025-10-03 14:34:00,63.29,debit,card,utilities,posted
T00004605,A000219,2025-12-15 10:59:00,8.93,debit,card,dining,posted
T00004606,A000219,2025-12-09 12:32:00,43.22,debit,card,entertainment,posted
T00004607,A000219,2025-09-03 00:34:00,36.54,debit,card,travel,posted
T00004608,A000219,2025-10-09 17:42:00,468.91,debit,card,healthcare,posted
T00004609,A000219,2025-10-26 00:33:00,34.38,debit,atm,fuel,posted
T00004610,A000219,2025-12-31 12:51:00,51.33,debit,ach,dining,posted
T00004611,A000219,2025-10-04 22:24:00,3787.71,credit,ach,,posted
T00004612,A000219,2025-09-28 13:53:00,1416.68,credit,ach,,posted
T00004613,A000219,2025-09-12 16:05:00,3688.15,credit,ach,,posted
T00004614,A000219,2025-11-15 23:12:00,124.51,debit,atm,travel,posted
T00004615,A000219,2025-09-15 20:05:00,32.37,debit,card,entertainment,posted
T00004616,A000219,2025-11-28 13:35:00,17.05,debit,atm,entertainment,posted
T00004617,A000219,2025-12-23 22:10:00,374.83,debit,card,dining,posted
T00004618,A000219,2025-12-24 06:42:00,20.77,debit,card,grocery,posted
T00004619,A000219,2025-09-12 06:25:00,21.06,debit,card,utilities,posted
T00004620,A000219,2025-12-02 15:48:00,27.24,debit,ach,utilities,posted
T00004621,A000219,2025-09-02 15:10:00,51.28,debit,p2p,dining,posted
T00004622,A000219,2025-11-28 00:15:00,24.39,debit,card,travel,posted
T00004623,A000219,2025-11-21 07:38:00,14.85,debit,card,grocery,posted
T00004624,A000219,2025-12-24 04:50:00,2068.13,credit,ach,,declined
T00004625,A000219,2025-09-13 08:27:00,17.68,debit,ach,fuel,posted
T00004626,A000219,2025-12-09 05:02:00,112.4,debit,ach,dining,posted
T00004627,A000220,2025-12-10 13:51:00,80.76,debit,p2p,grocery,posted
T00004628,A000220,2025-12-25 08:24:00,15.7,debit,card,grocery,declined
T00004629,A000220,2025-12-01 13:08:00,27.52,debit,ach,fuel,posted
T00004630,A000220,2025-12-17 17:41:00,28.87,debit,card,fuel,posted
T00004631,A000220,2025-12-18 13:01:00,259.33,debit,atm,dining,posted
T00004632,A000220,2025-12-15 17:36:00,9.9,debit,ach,utilities,posted
T00004633,A000220,2025-12-15 18:35:00,18.9,debit,atm,travel,posted
T00004634,A000220,2025-12-12 13:49:00,3512.22,credit,ach,,posted
T00004635,A000220,2025-12-03 10:30:00,25.17,debit,p2p,utilities,declined
T00004636,A000220,2025-12-21 07:26:00,3905.36,credit,ach,,posted
T00004637,A000221,2025-12-25 14:18:00,8.19,debit,ach,grocery,posted
T00004638,A000221,2025-12-26 08:20:00,1729.93,credit,ach,,posted
T00004639,A000221,2025-12-29 20:03:00,3951.33,credit,ach,,posted
T00004640,A000221,2025-12-24 19:21:00,46.15,debit,card,healthcare,posted
T00004641,A000221,2025-12-22 07:28:00,18.23,debit,card,grocery,posted
T00004642,A000221,2025-12-30 23:01:00,32.55,debit,card,healthcare,posted
T00004643,A000221,2025-12-30 00:32:00,3.68,debit,card,healthcare,posted
T00004644,A000221,2025-12-23 19:52:00,32.3,debit,p2p,travel,posted
T00004645,A000221,2025-12-25 21:05:00,2678.69,credit,ach,,posted
T00004646,A000221,2025-12-29 11:37:00,25.72,debit,ach,online_retail,posted
T00004647,A000221,2025-12-27 10:30:00,18.68,debit,p2p,dining,declined
T00004648,A000221,2025-12-29 21:47:00,74.07,debit,card,online_retail,posted
T00004649,A000221,2025-12-30 22:40:00,63.82,debit,p2p,healthcare,posted
T00004650,A000221,2025-12-22 23:27:00,85.68,debit,atm,dining,posted
T00004651,A000221,2025-12-25 02:28:00,10.41,debit,ach,entertainment,posted
T00004652,A000221,2025-12-23 16:05:00,7.42,debit,ach,entertainment,posted
T00004653,A000221,2025-12-27 11:16:00,26.46,debit,card,fuel,posted
T00004654,A000221,2025-12-26 19:45:00,27.52,debit,atm,grocery,posted
T00004655,A000221,2025-12-23 16:29:00,34.16,debit,card,utilities,posted
T00004656,A000221,2025-12-25 13:14:00,35.21,debit,card,fuel,posted
T00004657,A000221,2025-12-28 03:58:00,14.77,debit,card,fuel,posted
T00004658,A000221,2025-12-31 06:56:00,2762.98,credit,ach,,posted
T00004659,A000221,2025-12-25 02:43:00,3268.78,credit,ach,,posted
T00004660,A000221,2025-12-27 10:53:00,40.29,debit,card,entertainment,posted
T00004661,A000221,2025-12-28 12:50:00,77.65,debit,card,grocery,posted
T00004662,A000221,2025-12-25 13:22:00,35.08,debit,atm,dining,posted
T00004663,A000221,2025-12-27 03:50:00,846.65,credit,ach,,posted
T00004664,A000221,2025-12-29 15:24:00,84.11,debit,atm,travel,posted
T00004665,A000221,2025-12-24 08:55:00,30.99,debit,p2p,healthcare,posted
T00004666,A000221,2025-12-27 14:37:00,43.39,debit,atm,grocery,posted
T00004667,A000221,2025-12-30 22:39:00,19.24,debit,p2p,fuel,posted
T00004668,A000221,2025-12-31 14:25:00,92.13,debit,ach,healthcare,posted
T00004669,A000221,2025-12-30 16:27:00,50.87,debit,p2p,grocery,posted
T00004670,A000221,2025-12-29 16:27:00,3695.19,credit,ach,,declined
T00004671,A000221,2025-12-26 03:34:00,24.17,debit,atm,utilities,posted
T00004672,A000221,2025-12-26 09:16:00,13.63,debit,card,fuel,posted
T00004673,A000221,2025-12-28 02:03:00,2.84,debit,card,entertainment,posted
T00004674,A000222,2025-11-19 10:05:00,20.13,debit,card,healthcare,posted
T00004675,A000222,2025-07-31 14:34:00,2455.98,credit,ach,,posted
T00004676,A000222,2025-07-25 10:26:00,56.99,debit,atm,grocery,posted
T00004677,A000222,2025-10-07 17:31:00,25.23,debit,p2p,travel,posted
T00004678,A000222,2025-06-27 10:25:00,26.77,debit,ach,utilities,posted
T00004679,A000222,2025-10-18 07:05:00,30.91,debit,p2p,healthcare,posted
T00004680,A000222,2025-10-25 23:28:00,92.03,debit,ach,travel,posted
T00004681,A000222,2025-10-17 06:50:00,4.42,debit,p2p,healthcare,posted
T00004682,A000223,2025-06-27 12:23:00,15.71,debit,card,online_retail,posted
T00004683,A000223,2025-05-04 08:51:00,1398.48,credit,ach,,posted
T00004684,A000223,2025-05-24 09:06:00,2784.65,credit,ach,,posted
T00004685,A000223,2024-12-27 17:41:00,766.9,credit,ach,,posted
T00004686,A000223,2025-08-31 19:15:00,47.31,debit,card,online_retail,posted
T00004687,A000223,2025-06-18 10:01:00,19.62,debit,p2p,healthcare,posted
T00004688,A000223,2024-12-22 02:38:00,1264.67,credit,ach,,posted
T00004689,A000223,2025-05-13 04:51:00,12.91,debit,ach,online_retail,posted
T00004690,A000223,2025-04-18 22:51:00,1981.04,credit,ach,,posted
T00004691,A000223,2025-01-19 20:51:00,2071.73,credit,ach,,posted
T00004692,A000223,2025-09-21 23:54:00,1345.28,credit,ach,,posted
T00004693,A000223,2025-05-20 13:53:00,37.29,debit,card,entertainment,posted
T00004694,A000223,2025-06-14 02:26:00,8.94,debit,card,grocery,posted
T00004695,A000223,2025-09-02 09:04:00,246.11,debit,atm,healthcare,posted
T00004696,A000223,2025-02-12 06:16:00,21.91,debit,card,utilities,posted
T00004697,A000223,2025-01-04 04:52:00,43.47,debit,ach,entertainment,posted
T00004698,A000223,2025-07-14 08:19:00,5.33,debit,p2p,fuel,posted
T00004699,A000223,2025-08-21 19:07:00,197.38,debit,card,online_retail,posted
T00004700,A000223,2025-10-26 08:52:00,2703.57,credit,ach,,declined
T00004701,A000223,2025-07-11 04:53:00,54.62,debit,atm,grocery,posted
T00004702,A000223,2025-08-21 02:53:00,9.15,debit,card,dining,posted
T00004703,A000224,2025-10-19 01:29:00,49.84,debit,atm,online_retail,posted
T00004704,A000224,2025-09-10 17:56:00,45.03,debit,card,online_retail,posted
T00004705,A000224,2025-04-19 22:22:00,708.1,credit,ach,,posted
T00004706,A000224,2025-08-22 20:41:00,175.11,debit,ach,travel,posted
T00004707,A000224,2024-12-06 10:15:00,16.92,debit,card,healthcare,posted
T00004708,A000224,2025-10-14 19:50:00,42.89,debit,card,grocery,posted
T00004709,A000224,2024-12-11 23:48:00,2512.47,credit,ach,,posted
T00004710,A000224,2024-10-12 15:35:00,70.6,debit,card,travel,posted
T00004711,A000224,2025-08-08 23:48:00,12.73,debit,card,online_retail,posted
T00004712,A000224,2025-10-16 22:23:00,26.14,debit,p2p,utilities,posted
T00004713,A000224,2025-03-27 12:50:00,164.66,debit,card,travel,posted
T00004714,A000224,2025-07-23 18:49:00,5.8,debit,card,dining,declined
T00004715,A000224,2025-06-03 16:22:00,39.32,debit,card,grocery,posted
T00004716,A000224,2025-07-04 10:30:00,3541.73,credit,ach,,posted
T00004717,A000224,2025-07-24 14:33:00,2887.42,credit,ach,,posted
T00004718,A000224,2025-07-23 17:27:00,57.22,debit,atm,utilities,posted
T00004719,A000224,2025-10-29 20:44:00,335.74,debit,card,healthcare,posted
T00004720,A000224,2025-02-28 21:47:00,19.46,debit,card,entertainment,posted
T00004721,A000224,2025-06-18 20:32:00,40.34,debit,card,grocery,posted
T00004722,A000224,2024-10-05 15:21:00,45.62,debit,card,healthcare,posted
T00004723,A000224,2025-07-14 01:56:00,13.87,debit,atm,healthcare,posted
T00004724,A000225,2025-04-11 15:31:00,1087.11,credit,ach,,posted
T00004725,A000225,2025-04-15 08:00:00,19.99,debit,ach,dining,posted
T00004726,A000225,2024-07-28 03:04:00,3150.52,credit,ach,,posted
T00004727,A000225,2025-12-10 05:39:00,86.85,debit,p2p,utilities,posted
T00004728,A000225,2025-10-14 02:40:00,19.16,debit,card,entertainment,posted
T00004729,A000225,2024-08-26 15:44:00,20.64,debit,ach,online_retail,posted
T00004730,A000225,2024-08-22 17:15:00,2896.42,credit,ach,,posted
T00004731,A000225,2025-02-10 00:41:00,3077.79,credit,ach,,posted
T00004732,A000225,2025-03-11 05:05:00,5.35,debit,ach,healthcare,posted
T00004733,A000225,2025-04-28 06:02:00,10.37,debit,p2p,travel,posted
T00004734,A000225,2025-12-12 04:13:00,3969.42,credit,ach,,posted
T00004735,A000225,2025-04-12 08:30:00,1832.73,credit,ach,,posted
T00004736,A000225,2024-09-28 13:29:00,50.66,debit,card,dining,posted
T00004737,A000225,2024-11-25 01:03:00,55.76,debit,p2p,grocery,posted
T00004738,A000225,2024-11-02 14:03:00,62.15,debit,atm,healthcare,posted
T00004739,A000225,2025-08-11 14:48:00,134.01,debit,atm,travel,posted
T00004740,A000225,2025-11-12 23:20:00,56.32,debit,atm,travel,posted
T00004741,A000225,2025-12-04 16:18:00,80.13,debit,card,grocery,posted
T00004742,A000225,2025-05-19 10:53:00,1425.97,credit,ach,,posted
T00004743,A000225,2025-04-24 19:52:00,7.29,debit,card,grocery,posted
T00004744,A000225,2025-09-03 14:22:00,29.53,debit,atm,healthcare,posted
T00004745,A000225,2024-10-27 13:13:00,24.45,debit,card,travel,posted
T00004746,A000225,2025-07-20 16:10:00,3305.28,credit,ach,,posted
T00004747,A000225,2025-08-29 07:43:00,602.15,credit,ach,,posted
T00004748,A000225,2024-09-20 23:58:00,63.44,debit,p2p,healthcare,posted
T00004749,A000225,2024-10-16 03:10:00,33.29,debit,atm,travel,posted
T00004750,A000225,2025-06-19 21:53:00,9.61,debit,atm,healthcare,posted
T00004751,A000225,2024-07-28 18:33:00,28.23,debit,ach,dining,posted
T00004752,A000225,2025-11-02 00:59:00,21.48,debit,card,healthcare,reversed
T00004753,A000225,2025-06-07 03:18:00,91.74,debit,p2p,online_retail,posted
T00004754,A000225,2025-11-17 09:11:00,18.85,debit,ach,entertainment,posted
T00004755,A000225,2025-03-11 21:53:00,5.0,debit,ach,grocery,posted
T00004756,A000225,2025-01-08 21:41:00,2181.47,credit,ach,,posted
T00004757,A000225,2024-11-07 08:43:00,91.14,debit,atm,grocery,posted
T00004758,A000225,2024-10-14 11:41:00,5.64,debit,ach,travel,posted
T00004759,A000225,2024-09-25 20:19:00,32.38,debit,p2p,healthcare,posted
T00004760,A000225,2024-10-29 11:40:00,62.31,debit,atm,travel,posted
T00004761,A000225,2025-12-27 09:05:00,183.91,debit,card,healthcare,posted
T00004762,A000225,2025-12-31 02:20:00,63.6,debit,atm,travel,posted
T00004763,A000226,2025-05-26 11:05:00,13.52,debit,ach,travel,posted
T00004764,A000226,2025-09-24 01:44:00,35.47,debit,atm,travel,posted
T00004765,A000226,2025-06-18 09:57:00,9.88,debit,ach,fuel,posted
T00004766,A000226,2025-09-26 15:47:00,8.27,debit,ach,utilities,posted
T00004767,A000226,2025-10-22 06:08:00,17.32,debit,ach,grocery,posted
T00004768,A000226,2025-10-22 05:37:00,4.18,debit,p2p,grocery,posted
T00004769,A000226,2025-08-09 08:33:00,22.79,debit,card,travel,posted
T00004770,A000226,2025-06-28 10:33:00,2846.41,credit,ach,,declined
T00004771,A000226,2025-10-02 14:25:00,128.14,debit,atm,utilities,posted
T00004772,A000226,2025-09-08 13:21:00,65.96,debit,ach,healthcare,posted
T00004773,A000226,2025-08-04 03:26:00,10.16,debit,ach,dining,posted
T00004774,A000226,2025-11-04 21:09:00,20.68,debit,ach,grocery,posted
T00004775,A000226,2025-12-11 10:00:00,3.8,debit,card,online_retail,posted
T00004776,A000226,2025-05-23 15:26:00,37.46,debit,card,travel,posted
T00004777,A000226,2025-07-14 03:11:00,6.2,debit,card,travel,posted
T00004778,A000226,2025-07-24 17:11:00,69.05,debit,card,online_retail,posted
T00004779,A000226,2025-12-09 17:34:00,3554.28,credit,ach,,posted
T00004780,A000226,2025-12-23 11:51:00,877.59,credit,ach,,posted
T00004781,A000226,2025-12-10 11:19:00,59.45,debit,atm,dining,posted
T00004782,A000226,2025-06-06 09:43:00,140.83,debit,atm,dining,posted
T00004783,A000226,2025-12-10 18:32:00,3.23,debit,p2p,utilities,posted
T00004784,A000226,2025-12-27 22:00:00,10.04,debit,card,entertainment,declined
T00004785,A000226,2025-11-06 03:58:00,51.04,debit,ach,utilities,posted
T00004786,A000226,2025-09-23 00:42:00,3276.66,credit,ach,,declined
T00004787,A000226,2025-11-21 17:38:00,6.9,debit,ach,utilities,posted
T00004788,A000226,2025-10-13 19:48:00,37.94,debit,card,travel,posted
T00004789,A000226,2025-07-15 10:08:00,56.81,debit,card,grocery,posted
T00004790,A000226,2025-07-11 17:56:00,33.78,debit,card,grocery,posted
T00004791,A000226,2025-06-30 14:34:00,3902.27,credit,ach,,posted
T00004792,A000226,2025-11-16 15:40:00,3035.96,credit,ach,,posted
T00004793,A000226,2025-06-20 01:58:00,12.52,debit,card,dining,posted
T00004794,A000226,2025-08-28 18:47:00,1082.06,credit,ach,,posted
T00004795,A000226,2025-10-10 14:24:00,26.85,debit,card,dining,posted
T00004796,A000226,2025-11-06 02:37:00,30.25,debit,atm,fuel,posted
T00004797,A000226,2025-11-05 19:19:00,26.21,debit,card,utilities,posted
T00004798,A000226,2025-11-08 12:12:00,119.31,debit,p2p,entertainment,posted
T00004799,A000226,2025-07-19 19:20:00,5.43,debit,atm,travel,posted
T00004800,A000226,2025-08-12 11:54:00,6.17,debit,card,travel,posted
T00004801,A000226,2025-10-26 06:41:00,174.45,debit,card,grocery,posted
T00004802,A000227,2025-11-09 11:13:00,2726.86,credit,ach,,posted
T00004803,A000227,2025-07-30 08:46:00,45.06,debit,atm,utilities,posted
T00004804,A000227,2025-11-04 18:20:00,25.03,debit,p2p,dining,posted
T00004805,A000227,2025-09-13 17:05:00,43.77,debit,card,entertainment,posted
T00004806,A000227,2025-11-16 08:21:00,8.96,debit,card,utilities,posted
T00004807,A000227,2025-07-19 18:55:00,1143.47,credit,ach,,posted
T00004808,A000227,2025-11-17 12:22:00,32.65,debit,card,grocery,posted
T00004809,A000227,2025-12-24 00:22:00,32.18,debit,atm,online_retail,posted
T00004810,A000227,2025-12-30 04:42:00,12.55,debit,atm,online_retail,posted
T00004811,A000227,2025-10-23 16:01:00,38.12,debit,p2p,grocery,posted
T00004812,A000227,2025-10-02 22:41:00,14.74,debit,card,utilities,posted
T00004813,A000227,2025-09-21 19:41:00,16.24,debit,card,grocery,posted
T00004814,A000227,2025-10-04 03:36:00,19.59,debit,card,utilities,posted
T00004815,A000227,2025-10-24 01:39:00,90.5,debit,ach,fuel,posted
T00004816,A000227,2025-11-21 15:31:00,35.9,debit,card,grocery,posted
T00004817,A000227,2025-08-01 21:03:00,2917.78,credit,ach,,posted
T00004818,A000227,2025-09-14 20:29:00,54.84,debit,card,utilities,posted
T00004819,A000227,2025-08-11 01:43:00,1181.65,credit,ach,,posted
T00004820,A000227,2025-11-29 15:56:00,219.52,debit,p2p,entertainment,posted
T00004821,A000227,2025-10-31 11:46:00,9.38,debit,p2p,online_retail,posted
T00004822,A000227,2025-11-23 11:01:00,26.96,debit,p2p,entertainment,posted
T00004823,A000227,2025-12-23 12:19:00,33.77,debit,card,grocery,posted
T00004824,A000227,2025-10-03 11:16:00,2.31,debit,card,utilities,posted
T00004825,A000227,2025-11-15 11:08:00,16.89,debit,card,dining,posted
T00004826,A000227,2025-09-25 11:02:00,56.48,debit,card,entertainment,posted
T00004827,A000227,2025-12-09 10:41:00,729.85,credit,ach,,posted
T00004828,A000227,2025-10-16 20:07:00,2757.28,credit,ach,,posted
T00004829,A000227,2025-10-09 20:39:00,37.75,debit,p2p,dining,posted
T00004830,A000227,2025-09-09 20:09:00,55.49,debit,ach,dining,posted
T00004831,A000227,2025-07-09 03:45:00,20.82,debit,card,travel,posted
T00004832,A000227,2025-09-13 17:39:00,122.45,debit,p2p,fuel,posted
T00004833,A000227,2025-09-12 07:43:00,79.31,debit,p2p,travel,declined
T00004834,A000227,2025-09-24 15:24:00,35.48,debit,atm,healthcare,posted
T00004835,A000227,2025-12-16 23:05:00,36.14,debit,ach,healthcare,posted
T00004836,A000227,2025-09-26 16:43:00,1525.2,credit,ach,,posted
T00004837,A000227,2025-12-13 13:40:00,26.88,debit,card,grocery,posted
T00004838,A000227,2025-08-26 21:04:00,1969.72,credit,ach,,posted
T00004839,A000227,2025-11-10 09:03:00,2698.76,credit,ach,,posted
T00004840,A000227,2025-09-23 10:39:00,27.29,debit,p2p,dining,posted
T00004841,A000227,2025-10-22 16:05:00,2235.99,credit,ach,,posted
T00004842,A000228,2025-10-02 16:44:00,11.67,debit,card,fuel,posted
T00004843,A000228,2025-12-16 16:03:00,14.32,debit,ach,dining,posted
T00004844,A000228,2025-12-26 12:11:00,25.51,debit,card,dining,posted
T00004845,A000228,2025-10-25 19:08:00,27.8,debit,atm,grocery,posted
T00004846,A000228,2025-10-01 14:16:00,12.96,debit,ach,healthcare,posted
T00004847,A000228,2025-10-26 08:13:00,2879.03,credit,ach,,posted
T00004848,A000228,2025-12-11 23:24:00,5.37,debit,ach,utilities,posted
T00004849,A000228,2025-11-09 20:11:00,136.09,debit,card,fuel,posted
T00004850,A000228,2025-10-01 11:46:00,91.31,debit,card,dining,posted
T00004851,A000228,2025-12-11 06:42:00,33.55,debit,atm,utilities,posted
T00004852,A000228,2025-10-10 12:03:00,372.39,debit,card,online_retail,posted
T00004853,A000228,2025-11-18 04:56:00,624.36,credit,ach,,posted
T00004854,A000228,2025-12-20 11:51:00,4.91,debit,card,dining,reversed
T00004855,A000228,2025-12-06 00:00:00,711.54,debit,card,entertainment,posted
T00004856,A000228,2025-12-09 05:12:00,33.51,debit,card,healthcare,posted
T00004857,A000228,2025-12-13 07:14:00,120.38,debit,p2p,online_retail,posted
T00004858,A000228,2025-09-27 16:49:00,1412.22,credit,ach,,posted
T00004859,A000228,2025-11-30 14:19:00,21.52,debit,card,online_retail,posted
T00004860,A000229,2025-09-13 06:52:00,11.32,debit,ach,fuel,posted
T00004861,A000229,2025-03-31 00:36:00,94.39,debit,card,entertainment,posted
T00004862,A000229,2024-09-21 10:26:00,14.13,debit,p2p,grocery,posted
T00004863,A000229,2025-02-26 17:59:00,105.23,debit,atm,fuel,posted
T00004864,A000229,2024-12-09 09:11:00,1340.81,credit,ach,,posted
T00004865,A000229,2025-01-14 22:04:00,103.52,debit,card,travel,posted
T00004866,A000229,2025-01-15 10:37:00,2850.79,credit,ach,,posted
T00004867,A000229,2025-11-20 09:45:00,672.94,credit,ach,,posted
T00004868,A000229,2025-06-21 12:06:00,1005.45,credit,ach,,posted
T00004869,A000229,2025-04-12 21:54:00,61.02,debit,atm,fuel,posted
T00004870,A000229,2025-03-01 09:08:00,3083.85,credit,ach,,posted
T00004871,A000229,2025-02-08 07:01:00,2919.71,credit,ach,,posted
T00004872,A000229,2024-10-12 00:01:00,952.94,credit,ach,,posted
T00004873,A000229,2025-07-20 05:34:00,5.92,debit,card,grocery,posted
T00004874,A000229,2025-11-16 15:36:00,3762.08,credit,ach,,posted
T00004875,A000229,2025-10-07 05:38:00,18.86,debit,ach,healthcare,posted
T00004876,A000229,2025-02-04 23:44:00,24.32,debit,ach,utilities,posted
T00004877,A000229,2025-10-12 17:48:00,11.23,debit,card,healthcare,posted
T00004878,A000229,2025-02-01 00:35:00,2746.79,credit,ach,,posted
T00004879,A000229,2024-10-11 12:15:00,32.09,debit,card,online_retail,posted
T00004880,A000229,2025-11-17 23:10:00,25.61,debit,card,healthcare,posted
T00004881,A000229,2024-11-27 09:20:00,65.09,debit,atm,entertainment,posted
T00004882,A000229,2024-12-23 17:46:00,49.75,debit,p2p,fuel,posted
T00004883,A000229,2025-04-23 05:38:00,1151.26,credit,ach,,posted
T00004884,A000229,2025-06-12 07:12:00,61.05,debit,card,fuel,posted
T00004885,A000229,2025-01-03 10:38:00,22.55,debit,card,utilities,posted
T00004886,A000229,2025-11-06 01:56:00,12.68,debit,card,fuel,posted
T00004887,A000229,2025-12-31 05:11:00,18.31,debit,p2p,travel,posted
T00004888,A000229,2025-01-08 22:41:00,78.41,debit,card,travel,posted
T00004889,A000229,2025-05-07 08:07:00,15.02,debit,atm,travel,posted
T00004890,A000229,2025-06-08 14:32:00,64.52,debit,card,grocery,posted
T00004891,A000229,2025-10-09 01:37:00,13.36,debit,card,online_retail,posted
T00004892,A000229,2025-09-07 05:22:00,31.47,debit,atm,travel,posted
T00004893,A000229,2025-05-18 00:35:00,149.35,debit,p2p,utilities,posted
T00004894,A000229,2025-02-13 12:43:00,28.33,debit,card,fuel,posted
T00004895,A000229,2024-11-03 08:35:00,1783.57,credit,ach,,posted
T00004896,A000230,2025-11-15 17:40:00,47.71,debit,card,entertainment,posted
T00004897,A000230,2025-12-25 00:47:00,3365.67,credit,ach,,posted
T00004898,A000230,2025-12-06 20:42:00,4.43,debit,card,online_retail,posted
T00004899,A000230,2025-11-24 20:19:00,5.47,debit,ach,healthcare,posted
T00004900,A000230,2025-12-15 00:50:00,38.96,debit,card,online_retail,posted
T00004901,A000230,2025-12-02 15:02:00,1985.04,credit,ach,,posted
T00004902,A000230,2025-12-01 10:48:00,3003.02,credit,ach,,posted
T00004903,A000230,2025-12-03 08:54:00,45.87,debit,card,utilities,posted
T00004904,A000230,2025-12-27 21:57:00,31.3,debit,atm,utilities,posted
T00004905,A000230,2025-11-20 01:38:00,2865.38,credit,ach,,posted
T00004906,A000230,2025-12-17 07:41:00,224.53,debit,card,travel,posted
T00004907,A000230,2025-11-17 23:11:00,1772.08,credit,ach,,posted
T00004908,A000230,2025-12-08 08:37:00,27.16,debit,ach,entertainment,posted
T00004909,A000230,2025-12-25 12:18:00,34.08,debit,card,grocery,posted
T00004910,A000230,2025-12-25 23:01:00,179.94,debit,card,online_retail,posted
T00004911,A000230,2025-12-23 09:08:00,3086.12,credit,ach,,posted
T00004912,A000230,2025-12-28 18:41:00,1478.13,credit,ach,,posted
T00004913,A000230,2025-11-16 21:49:00,23.44,debit,atm,dining,posted
T00004914,A000230,2025-12-01 18:11:00,13.04,debit,card,healthcare,posted
T00004915,A000230,2025-11-29 02:08:00,2104.47,credit,ach,,posted
T00004916,A000230,2025-11-30 21:13:00,3302.5,credit,ach,,posted
T00004917,A000230,2025-11-13 06:05:00,35.51,debit,card,grocery,posted
T00004918,A000230,2025-11-13 13:28:00,25.13,debit,card,utilities,posted
T00004919,A000230,2025-12-05 02:21:00,37.72,debit,atm,fuel,posted
T00004920,A000230,2025-12-13 01:43:00,1699.66,credit,ach,,posted
T00004921,A000230,2025-12-07 03:06:00,51.16,debit,atm,entertainment,posted
T00004922,A000230,2025-11-29 06:48:00,18.29,debit,ach,dining,posted
T00004923,A000230,2025-12-09 10:00:00,15.07,debit,card,dining,posted
T00004924,A000231,2025-12-03 06:31:00,3.37,debit,p2p,utilities,posted
T00004925,A000231,2025-12-18 23:11:00,6.01,debit,atm,grocery,posted
T00004926,A000231,2025-11-29 21:37:00,3180.13,credit,ach,,posted
T00004927,A000231,2025-11-17 13:02:00,552.27,credit,ach,,posted
T00004928,A000231,2025-12-19 20:39:00,39.36,debit,atm,utilities,posted
T00004929,A000231,2025-11-03 19:39:00,102.6,debit,atm,dining,reversed
T00004930,A000231,2025-12-09 04:42:00,61.28,debit,p2p,entertainment,posted
T00004931,A000232,2025-10-10 10:45:00,207.66,debit,card,utilities,posted
T00004932,A000232,2025-11-08 22:21:00,11.58,debit,atm,fuel,posted
T00004933,A000232,2025-12-08 22:27:00,148.21,debit,card,grocery,posted
T00004934,A000232,2025-10-22 18:40:00,62.9,debit,card,travel,posted
T00004935,A000232,2025-11-24 15:30:00,36.05,debit,ach,entertainment,posted
T00004936,A000232,2025-10-02 15:00:00,81.09,debit,card,travel,posted
T00004937,A000232,2025-10-11 22:44:00,5.1,debit,card,online_retail,posted
T00004938,A000232,2025-10-23 01:35:00,1371.32,credit,ach,,posted
T00004939,A000232,2025-10-11 22:24:00,7.4,debit,card,online_retail,posted
T00004940,A000232,2025-12-26 04:24:00,23.61,debit,card,dining,posted
T00004941,A000232,2025-10-03 17:17:00,1337.79,credit,ach,,posted
T00004942,A000232,2025-12-12 05:42:00,143.28,debit,ach,travel,posted
T00004943,A000232,2025-10-03 16:26:00,3315.05,credit,ach,,posted
T00004944,A000232,2025-12-14 19:41:00,9.17,debit,ach,entertainment,posted
T00004945,A000232,2025-12-31 10:22:00,2759.57,credit,ach,,posted
T00004946,A000232,2025-11-13 01:43:00,36.12,debit,atm,fuel,posted
T00004947,A000232,2025-12-28 22:37:00,79.16,debit,card,healthcare,posted
T00004948,A000232,2025-11-09 02:37:00,22.42,debit,card,utilities,posted
T00004949,A000232,2025-10-09 12:03:00,77.18,debit,p2p,grocery,posted
T00004950,A000232,2025-10-12 18:07:00,34.18,debit,card,travel,posted
T00004951,A000232,2025-12-06 08:39:00,968.76,credit,ach,,posted
T00004952,A000232,2025-11-27 14:17:00,9.46,debit,ach,online_retail,posted
T00004953,A000232,2025-12-28 21:50:00,1158.96,credit,ach,,posted
T00004954,A000232,2025-12-22 06:47:00,19.71,debit,atm,fuel,posted
T00004955,A000233,2025-09-08 22:34:00,2456.32,credit,ach,,posted
T00004956,A000233,2025-09-27 18:03:00,2234.96,credit,ach,,posted
T00004957,A000233,2025-10-28 11:56:00,66.11,debit,card,online_retail,posted
T00004958,A000233,2025-11-25 22:31:00,40.27,debit,card,dining,posted
T00004959,A000233,2025-10-30 17:02:00,52.77,debit,p2p,dining,posted
T00004960,A000233,2025-09-16 00:15:00,15.11,debit,card,healthcare,posted
T00004961,A000233,2025-11-28 19:01:00,13.67,debit,p2p,online_retail,posted
T00004962,A000233,2025-10-23 12:05:00,32.99,debit,card,utilities,posted
T00004963,A000233,2025-09-08 08:14:00,11.0,debit,ach,dining,posted
T00004964,A000233,2025-11-23 04:08:00,11.84,debit,atm,grocery,posted
T00004965,A000233,2025-10-20 00:47:00,35.06,debit,ach,online_retail,posted
T00004966,A000233,2025-11-15 04:57:00,2356.4,credit,ach,,posted
T00004967,A000233,2025-11-10 16:51:00,39.13,debit,card,entertainment,declined
T00004968,A000233,2025-10-17 06:56:00,17.32,debit,ach,healthcare,posted
T00004969,A000233,2025-11-22 09:19:00,447.75,debit,atm,entertainment,posted
T00004970,A000233,2025-10-20 20:41:00,3892.06,credit,ach,,posted
T00004971,A000233,2025-10-14 14:21:00,3083.56,credit,ach,,posted
T00004972,A000233,2025-10-28 12:48:00,2350.2,credit,ach,,posted
T00004973,A000233,2025-10-04 05:45:00,51.89,debit,p2p,online_retail,posted
T00004974,A000233,2025-09-27 09:25:00,49.32,debit,card,dining,posted
T00004975,A000233,2025-10-26 15:25:00,27.9,debit,ach,healthcare,posted
T00004976,A000233,2025-11-05 19:28:00,14.22,debit,atm,online_retail,posted
T00004977,A000233,2025-10-18 17:08:00,10.13,debit,card,utilities,posted
T00004978,A000233,2025-11-21 10:01:00,141.92,debit,card,travel,posted
T00004979,A000233,2025-10-20 12:38:00,15.6,debit,card,fuel,posted
T00004980,A000234,2025-11-23 10:14:00,2445.63,credit,ach,,posted
T00004981,A000234,2025-12-11 02:22:00,12.38,debit,ach,dining,posted
T00004982,A000234,2025-11-23 09:45:00,32.74,debit,card,dining,posted
T00004983,A000234,2025-09-12 22:48:00,91.86,debit,card,dining,posted
T00004984,A000234,2025-09-16 04:38:00,62.85,debit,card,travel,posted
T00004985,A000234,2025-09-08 17:33:00,2777.12,credit,ach,,posted
T00004986,A000234,2025-11-01 09:09:00,16.55,debit,card,grocery,posted
T00004987,A000234,2025-10-03 11:52:00,122.28,debit,ach,healthcare,posted
T00004988,A000234,2025-12-11 10:21:00,3220.55,credit,ach,,posted
T00004989,A000234,2025-11-11 10:30:00,169.74,debit,ach,grocery,posted
T00004990,A000234,2025-08-12 14:13:00,1861.68,credit,ach,,posted
T00004991,A000234,2025-07-07 15:17:00,1747.01,credit,ach,,posted
T00004992,A000234,2025-12-02 13:47:00,2655.37,credit,ach,,posted
T00004993,A000234,2025-11-01 02:41:00,19.43,debit,card,online_retail,posted
T00004994,A000234,2025-09-16 05:44:00,20.69,debit,card,grocery,posted
T00004995,A000234,2025-05-21 08:55:00,6.75,debit,card,dining,posted
T00004996,A000234,2025-07-21 00:57:00,12.1,debit,p2p,travel,posted
T00004997,A000234,2025-10-24 10:59:00,29.28,debit,p2p,entertainment,posted
T00004998,A000234,2025-08-09 10:16:00,1285.44,credit,ach,,posted
T00004999,A000234,2025-09-01 03:18:00,110.78,debit,atm,grocery,posted
T00005000,A000234,2025-09-17 20:50:00,3364.57,credit,ach,,posted
T00005001,A000234,2025-10-16 13:21:00,1279.63,credit,ach,,posted
T00005002,A000234,2025-09-03 11:24:00,1794.42,credit,ach,,posted
T00005003,A000234,2025-10-23 08:00:00,1567.33,credit,ach,,posted
T00005004,A000234,2025-09-11 18:15:00,22.86,debit,card,healthcare,posted
T00005005,A000234,2025-10-11 05:11:00,75.77,debit,card,online_retail,posted
T00005006,A000234,2025-07-09 15:55:00,33.97,debit,card,grocery,posted
T00005007,A000234,2025-09-24 23:41:00,11.71,debit,card,travel,posted
T00005008,A000234,2025-07-27 23:09:00,34.32,debit,card,travel,posted
T00005009,A000234,2025-10-17 08:14:00,3380.39,credit,ach,,posted
T00005010,A000236,2025-11-08 07:35:00,2.51,debit,card,grocery,posted
T00005011,A000236,2025-12-04 08:52:00,63.44,debit,ach,healthcare,posted
T00005012,A000236,2025-09-23 19:45:00,42.32,debit,atm,entertainment,posted
T00005013,A000236,2025-03-16 21:11:00,6.07,debit,card,dining,posted
T00005014,A000236,2025-08-14 14:12:00,72.22,debit,atm,entertainment,posted
T00005015,A000236,2025-07-06 02:15:00,53.28,debit,card,grocery,posted
T00005016,A000236,2025-02-24 02:36:00,10.57,debit,atm,dining,posted
T00005017,A000236,2025-04-14 23:43:00,51.57,debit,atm,healthcare,posted
T00005018,A000236,2025-05-26 05:59:00,33.27,debit,ach,fuel,posted
T00005019,A000236,2025-07-16 12:41:00,118.51,debit,card,entertainment,posted
T00005020,A000236,2025-06-20 02:40:00,51.59,debit,p2p,fuel,posted
T00005021,A000236,2025-08-07 11:44:00,3848.12,credit,ach,,reversed
T00005022,A000236,2025-09-07 16:03:00,22.57,debit,ach,travel,posted
T00005023,A000236,2025-03-23 04:18:00,111.84,debit,card,fuel,posted
T00005024,A000236,2024-12-09 17:07:00,19.78,debit,p2p,grocery,posted
T00005025,A000236,2024-11-19 13:29:00,22.77,debit,card,dining,posted
T00005026,A000236,2025-12-17 12:57:00,16.12,debit,card,healthcare,posted
T00005027,A000236,2025-01-27 11:20:00,7.91,debit,atm,fuel,posted
T00005028,A000236,2024-12-21 01:06:00,3817.8,credit,ach,,posted
T00005029,A000236,2025-06-24 10:49:00,5.71,debit,atm,online_retail,posted
T00005030,A000236,2025-12-01 14:30:00,833.52,credit,ach,,posted
T00005031,A000236,2024-11-06 11:27:00,61.18,debit,card,fuel,posted
T00005032,A000236,2025-03-22 06:21:00,3.53,debit,card,healthcare,posted
T00005033,A000236,2025-09-17 16:32:00,33.16,debit,atm,utilities,declined
T00005034,A000236,2025-04-14 23:19:00,33.62,debit,atm,healthcare,posted
T00005035,A000236,2025-02-13 04:50:00,29.68,debit,card,grocery,posted
T00005036,A000236,2025-11-04 00:17:00,3972.87,credit,ach,,posted
T00005037,A000236,2025-09-17 19:55:00,767.29,credit,ach,,posted
T00005038,A000236,2025-02-03 08:28:00,4.2,debit,atm,online_retail,posted
T00005039,A000236,2025-09-10 21:30:00,8.7,debit,atm,travel,posted
T00005040,A000236,2025-01-13 03:06:00,564.82,credit,ach,,posted
T00005041,A000236,2025-11-11 18:39:00,76.49,debit,p2p,grocery,posted
T00005042,A000236,2024-11-07 21:49:00,23.35,debit,card,entertainment,declined
T00005043,A000236,2024-12-16 13:35:00,27.15,debit,card,grocery,posted
T00005044,A000237,2025-09-14 10:43:00,16.78,debit,card,dining,posted
T00005045,A000237,2025-12-21 06:07:00,79.51,debit,card,healthcare,posted
T00005046,A000237,2025-10-29 15:16:00,858.25,credit,ach,,posted
T00005047,A000237,2025-09-29 11:17:00,72.64,debit,atm,fuel,posted
T00005048,A000237,2025-12-20 21:30:00,60.93,debit,p2p,dining,posted
T00005049,A000237,2025-10-21 02:31:00,11.65,debit,card,grocery,posted
T00005050,A000238,2025-07-04 09:34:00,37.47,debit,card,healthcare,posted
T00005051,A000238,2024-09-20 03:48:00,3628.46,credit,ach,,posted
T00005052,A000238,2025-01-02 23:26:00,1847.5,credit,ach,,posted
T00005053,A000238,2025-02-14 11:40:00,16.25,debit,p2p,entertainment,posted
T00005054,A000238,2024-10-14 00:54:00,17.25,debit,atm,grocery,posted
T00005055,A000238,2024-12-14 11:27:00,188.93,debit,atm,grocery,posted
T00005056,A000238,2025-02-14 19:31:00,1941.3,credit,ach,,posted
T00005057,A000238,2025-09-07 10:20:00,38.57,debit,atm,utilities,posted
T00005058,A000238,2025-03-03 20:57:00,22.35,debit,atm,travel,posted
T00005059,A000238,2025-07-01 03:40:00,2295.83,credit,ach,,posted
T00005060,A000238,2024-10-21 22:25:00,24.4,debit,card,online_retail,posted
T00005061,A000238,2025-05-31 10:43:00,54.7,debit,card,utilities,posted
T00005062,A000238,2024-09-21 01:50:00,64.45,debit,card,online_retail,posted
T00005063,A000238,2025-10-22 17:53:00,29.06,debit,p2p,grocery,posted
T00005064,A000238,2024-09-26 06:28:00,55.13,debit,card,healthcare,posted
T00005065,A000238,2025-09-01 09:33:00,60.72,debit,p2p,entertainment,posted
T00005066,A000238,2024-10-23 06:16:00,59.57,debit,atm,dining,posted
T00005067,A000238,2024-09-21 10:03:00,37.39,debit,atm,healthcare,posted
T00005068,A000238,2025-12-07 01:00:00,1466.52,credit,ach,,posted
T00005069,A000238,2025-02-16 23:42:00,3476.16,credit,ach,,declined
T00005070,A000238,2024-11-22 21:12:00,33.52,debit,atm,utilities,posted
T00005071,A000238,2024-12-07 10:20:00,57.82,debit,card,online_retail,posted
T00005072,A000238,2025-01-31 08:06:00,88.89,debit,atm,entertainment,posted
T00005073,A000238,2025-12-24 01:39:00,952.21,credit,ach,,posted
T00005074,A000238,2025-07-12 08:06:00,29.01,debit,card,travel,posted
T00005075,A000238,2025-10-03 22:02:00,4.79,debit,card,fuel,posted
T00005076,A000238,2025-11-06 13:45:00,46.32,debit,atm,grocery,posted
T00005077,A000238,2024-10-16 05:45:00,3919.94,credit,ach,,posted
T00005078,A000239,2025-10-16 18:52:00,23.29,debit,card,fuel,posted
T00005079,A000239,2025-01-20 12:32:00,19.85,debit,ach,fuel,posted
T00005080,A000239,2025-12-07 00:47:00,72.31,debit,card,travel,posted
T00005081,A000239,2024-07-21 10:46:00,6.58,debit,ach,travel,posted
T00005082,A000239,2025-06-12 14:31:00,591.98,credit,ach,,posted
T00005083,A000239,2025-01-13 14:18:00,200.67,debit,card,entertainment,posted
T00005084,A000239,2025-12-11 23:53:00,11.24,debit,card,utilities,posted
T00005085,A000239,2025-07-19 05:39:00,17.53,debit,card,dining,posted
T00005086,A000239,2024-11-16 17:19:00,3219.1,credit,ach,,posted
T00005087,A000239,2024-12-30 18:34:00,1067.36,credit,ach,,posted
T00005088,A000239,2024-09-23 20:59:00,14.59,debit,card,travel,posted
T00005089,A000239,2024-12-04 01:19:00,110.82,debit,card,travel,posted
T00005090,A000239,2025-07-14 12:08:00,18.19,debit,card,utilities,posted
T00005091,A000239,2025-02-17 00:00:00,1238.27,credit,ach,,posted
T00005092,A000239,2025-05-13 09:11:00,1369.17,credit,ach,,posted
T00005093,A000239,2025-12-04 21:55:00,117.63,debit,atm,fuel,posted
T00005094,A000239,2025-11-09 15:01:00,17.74,debit,p2p,entertainment,posted
T00005095,A000239,2025-12-20 14:44:00,1909.96,credit,ach,,posted
T00005096,A000239,2025-05-17 02:04:00,553.96,credit,ach,,posted
T00005097,A000239,2025-09-25 09:39:00,25.11,debit,atm,healthcare,posted
T00005098,A000239,2025-09-01 16:01:00,11.05,debit,p2p,utilities,posted
T00005099,A000239,2024-08-25 21:49:00,86.28,debit,card,utilities,posted
T00005100,A000239,2025-07-21 18:46:00,2771.31,credit,ach,,posted
T00005101,A000239,2025-02-08 17:05:00,19.75,debit,card,healthcare,declined
T00005102,A000239,2025-11-02 09:43:00,156.13,debit,card,entertainment,posted
T00005103,A000239,2025-12-29 22:37:00,20.29,debit,ach,fuel,posted
T00005104,A000239,2024-09-07 06:31:00,2765.14,credit,ach,,posted
T00005105,A000239,2025-12-18 12:00:00,1554.99,credit,ach,,posted
T00005106,A000239,2025-01-06 23:53:00,99.7,debit,card,healthcare,posted
T00005107,A000239,2025-02-04 14:04:00,28.6,debit,card,grocery,posted
T00005108,A000239,2024-07-31 11:41:00,41.84,debit,ach,utilities,posted
T00005109,A000240,2025-04-10 01:09:00,40.92,debit,card,travel,posted
T00005110,A000240,2025-06-28 12:24:00,10.88,debit,ach,entertainment,posted
T00005111,A000240,2025-12-16 16:04:00,39.33,debit,atm,entertainment,posted
T00005112,A000240,2025-08-14 14:29:00,64.14,debit,card,entertainment,posted
T00005113,A000240,2025-07-18 20:40:00,136.29,debit,p2p,dining,posted
T00005114,A000240,2025-11-24 10:54:00,6.4,debit,atm,online_retail,posted
T00005115,A000240,2025-10-26 19:29:00,7.43,debit,atm,grocery,posted
T00005116,A000240,2025-10-28 20:03:00,47.39,debit,card,grocery,reversed
T00005117,A000240,2025-04-21 15:12:00,3748.37,credit,ach,,posted
T00005118,A000240,2025-11-12 05:22:00,14.55,debit,atm,online_retail,posted
T00005119,A000240,2025-05-20 08:03:00,15.4,debit,atm,fuel,posted
T00005120,A000240,2025-05-08 15:30:00,36.45,debit,card,healthcare,posted
T00005121,A000240,2025-06-03 23:17:00,1577.31,credit,ach,,posted
T00005122,A000240,2025-05-24 04:01:00,679.51,credit,ach,,posted
T00005123,A000240,2025-10-16 09:57:00,12.71,debit,atm,dining,posted
T00005124,A000240,2025-12-03 14:26:00,1939.19,credit,ach,,declined
T00005125,A000240,2025-10-26 05:23:00,2507.52,credit,ach,,reversed
T00005126,A000240,2025-05-15 23:36:00,17.51,debit,card,grocery,posted
T00005127,A000240,2025-09-09 01:25:00,19.77,debit,atm,online_retail,posted
T00005128,A000240,2025-12-07 08:17:00,11.45,debit,p2p,utilities,posted
T00005129,A000240,2025-03-29 01:50:00,9.75,debit,ach,entertainment,posted
T00005130,A000240,2025-04-02 09:03:00,27.11,debit,card,dining,posted
T00005131,A000241,2025-12-18 10:07:00,26.44,debit,p2p,healthcare,posted
T00005132,A000241,2025-12-09 11:14:00,1447.14,credit,ach,,posted
T00005133,A000241,2025-10-29 05:11:00,3393.83,credit,ach,,posted
T00005134,A000241,2025-10-15 02:50:00,129.69,debit,card,fuel,posted
T00005135,A000241,2025-10-24 19:59:00,50.81,debit,ach,utilities,posted
T00005136,A000241,2025-11-30 01:05:00,6.44,debit,atm,entertainment,posted
T00005137,A000241,2025-12-14 06:57:00,9.66,debit,atm,fuel,posted
T00005138,A000241,2025-10-16 11:59:00,10.7,debit,card,grocery,posted
T00005139,A000241,2025-08-28 12:41:00,1154.9,credit,ach,,posted
T00005140,A000241,2025-12-01 17:16:00,21.62,debit,atm,fuel,posted
T00005141,A000241,2025-11-30 23:47:00,42.87,debit,p2p,travel,posted
T00005142,A000241,2025-12-19 01:08:00,3593.48,credit,ach,,posted
T00005143,A000242,2025-11-29 12:39:00,62.98,debit,atm,healthcare,posted
T00005144,A000242,2025-07-01 19:54:00,116.85,debit,card,utilities,posted
T00005145,A000242,2025-10-21 23:02:00,15.05,debit,card,fuel,posted
T00005146,A000242,2025-09-07 14:59:00,22.95,debit,ach,fuel,posted
T00005147,A000242,2025-09-16 05:48:00,116.58,debit,ach,grocery,posted
T00005148,A000242,2025-12-04 11:55:00,2548.02,credit,ach,,posted
T00005149,A000242,2025-09-04 10:48:00,59.0,debit,card,dining,posted
T00005150,A000242,2025-09-26 16:21:00,1716.74,credit,ach,,posted
T00005151,A000242,2025-11-14 14:11:00,41.92,debit,card,fuel,posted
T00005152,A000243,2025-12-31 04:59:00,36.07,debit,ach,online_retail,posted
T00005153,A000243,2025-10-26 12:05:00,21.8,debit,card,utilities,posted
T00005154,A000243,2025-08-29 16:57:00,29.63,debit,p2p,travel,posted
T00005155,A000243,2025-07-18 01:32:00,3347.75,credit,ach,,posted
T00005156,A000243,2025-11-12 06:25:00,80.15,debit,ach,healthcare,posted
T00005157,A000243,2025-11-16 00:34:00,31.48,debit,card,travel,posted
T00005158,A000243,2025-03-21 05:51:00,3995.69,credit,ach,,posted
T00005159,A000243,2025-06-07 22:26:00,6.9,debit,card,fuel,posted
T00005160,A000243,2025-06-24 07:28:00,9.31,debit,card,entertainment,posted
T00005161,A000243,2025-05-25 15:52:00,47.76,debit,atm,healthcare,declined
T00005162,A000243,2025-11-08 19:17:00,23.31,debit,ach,fuel,posted
T00005163,A000243,2025-06-30 12:46:00,25.95,debit,p2p,dining,posted
T00005164,A000243,2025-08-19 19:32:00,3684.92,credit,ach,,posted
T00005165,A000244,2025-12-21 16:01:00,34.55,debit,p2p,grocery,posted
T00005166,A000244,2025-12-18 06:14:00,17.3,debit,card,utilities,posted
T00005167,A000244,2025-11-17 05:30:00,16.82,debit,card,fuel,posted
T00005168,A000244,2025-12-24 22:30:00,3634.78,credit,ach,,posted
T00005169,A000244,2025-11-29 11:15:00,675.65,credit,ach,,posted
T00005170,A000244,2025-12-18 18:12:00,28.38,debit,card,healthcare,posted
T00005171,A000244,2025-12-23 02:27:00,1896.43,credit,ach,,posted
T00005172,A000244,2025-11-27 18:50:00,14.24,debit,ach,healthcare,posted
T00005173,A000244,2025-11-09 23:21:00,23.21,debit,p2p,healthcare,posted
T00005174,A000246,2025-10-12 02:43:00,800.01,credit,ach,,posted
T00005175,A000246,2025-04-18 21:00:00,9.65,debit,p2p,dining,posted
T00005176,A000246,2025-09-01 10:59:00,9.04,debit,card,healthcare,posted
T00005177,A000246,2025-10-27 10:57:00,146.61,debit,atm,healthcare,posted
T00005178,A000246,2025-08-12 11:39:00,52.87,debit,p2p,healthcare,reversed
T00005179,A000246,2025-09-08 18:28:00,53.46,debit,ach,utilities,declined
T00005180,A000246,2025-11-28 22:36:00,24.73,debit,card,travel,posted
T00005181,A000246,2025-02-11 23:17:00,2879.54,credit,ach,,declined
T00005182,A000246,2025-07-10 19:06:00,15.85,debit,ach,entertainment,posted
T00005183,A000246,2025-06-28 22:57:00,18.05,debit,card,utilities,posted
T00005184,A000246,2025-04-05 22:50:00,8.92,debit,card,grocery,posted
T00005185,A000246,2025-06-20 14:13:00,1643.32,credit,ach,,posted
T00005186,A000246,2025-05-10 18:59:00,11.86,debit,card,travel,posted
T00005187,A000246,2025-10-09 03:01:00,13.41,debit,atm,healthcare,posted
T00005188,A000246,2025-07-09 07:04:00,98.59,debit,card,online_retail,posted
T00005189,A000246,2025-12-27 02:44:00,9.77,debit,p2p,fuel,posted
T00005190,A000246,2025-04-05 15:51:00,38.19,debit,atm,fuel,posted
T00005191,A000246,2025-11-12 04:36:00,58.84,debit,card,grocery,posted
T00005192,A000246,2025-10-29 09:22:00,55.33,debit,atm,dining,posted
T00005193,A000246,2025-10-30 02:27:00,24.1,debit,p2p,travel,posted
T00005194,A000246,2025-07-13 10:15:00,23.43,debit,p2p,healthcare,posted
T00005195,A000246,2025-06-03 13:29:00,21.98,debit,ach,grocery,posted
T00005196,A000246,2025-06-10 12:30:00,2243.55,credit,ach,,posted
T00005197,A000246,2025-02-11 13:38:00,62.34,debit,ach,utilities,posted
T00005198,A000247,2025-12-19 04:38:00,13.81,debit,card,travel,posted
T00005199,A000247,2025-09-22 20:24:00,72.04,debit,ach,online_retail,posted
T00005200,A000247,2025-12-02 22:16:00,177.04,debit,card,online_retail,posted
T00005201,A000247,2025-09-25 14:21:00,8.12,debit,card,healthcare,posted
T00005202,A000247,2025-10-24 17:54:00,46.11,debit,ach,entertainment,posted
T00005203,A000247,2025-11-22 14:26:00,56.98,debit,card,utilities,posted
T00005204,A000247,2025-09-10 19:22:00,18.49,debit,card,online_retail,posted
T00005205,A000247,2025-10-06 16:48:00,6.79,debit,ach,entertainment,posted
T00005206,A000247,2025-11-13 06:59:00,93.65,debit,p2p,dining,posted
T00005207,A000247,2025-12-22 14:26:00,1766.9,credit,ach,,posted
T00005208,A000247,2025-10-02 04:21:00,52.68,debit,ach,healthcare,posted
T00005209,A000247,2025-12-07 05:32:00,136.68,debit,card,online_retail,posted
T00005210,A000247,2025-11-19 11:12:00,24.58,debit,p2p,online_retail,posted
T00005211,A000247,2025-09-27 19:16:00,3.34,debit,p2p,entertainment,posted
T00005212,A000247,2025-11-19 10:44:00,7.04,debit,atm,utilities,posted
T00005213,A000247,2025-09-16 09:57:00,15.22,debit,card,online_retail,posted
T00005214,A000247,2025-09-03 18:25:00,25.14,debit,card,online_retail,posted
T00005215,A000247,2025-09-03 09:01:00,13.83,debit,atm,entertainment,posted
T00005216,A000247,2025-12-23 00:12:00,117.81,debit,card,grocery,declined
T00005217,A000247,2025-12-17 18:51:00,13.13,debit,card,grocery,posted
T00005218,A000247,2025-11-24 03:39:00,64.53,debit,ach,dining,posted
T00005219,A000247,2025-09-05 08:07:00,16.42,debit,card,fuel,posted
T00005220,A000247,2025-09-17 22:13:00,25.43,debit,atm,dining,posted
T00005221,A000247,2025-10-30 21:53:00,9.05,debit,atm,online_retail,reversed
T00005222,A000247,2025-11-16 04:15:00,8.15,debit,card,entertainment,posted
T00005223,A000247,2025-11-08 10:24:00,21.53,debit,ach,travel,posted
T00005224,A000247,2025-10-27 20:35:00,9.74,debit,ach,online_retail,posted
T00005225,A000247,2025-09-05 06:45:00,8.48,debit,card,healthcare,posted
T00005226,A000247,2025-10-30 21:54:00,13.49,debit,card,utilities,posted
T00005227,A000248,2025-08-05 21:30:00,43.24,debit,card,travel,posted
T00005228,A000248,2025-11-27 20:02:00,27.81,debit,card,dining,posted
T00005229,A000248,2025-08-29 05:05:00,417.6,debit,atm,travel,posted
T00005230,A000248,2025-03-22 02:33:00,27.61,debit,p2p,dining,posted
T00005231,A000248,2025-11-03 00:34:00,79.0,debit,p2p,entertainment,posted
T00005232,A000248,2025-12-29 21:08:00,52.1,debit,p2p,online_retail,posted
T00005233,A000248,2025-06-01 13:19:00,46.02,debit,card,entertainment,posted
T00005234,A000248,2025-08-24 12:15:00,39.85,debit,card,grocery,posted
T00005235,A000248,2025-03-28 16:44:00,41.43,debit,card,entertainment,posted
T00005236,A000248,2025-10-14 02:16:00,52.54,debit,card,travel,posted
T00005237,A000248,2025-06-04 15:08:00,25.03,debit,card,travel,posted
T00005238,A000248,2025-10-23 02:01:00,53.69,debit,card,fuel,posted
T00005239,A000249,2025-12-24 09:34:00,245.13,debit,p2p,healthcare,posted
T00005240,A000249,2025-12-30 18:45:00,3869.96,credit,ach,,posted
T00005241,A000249,2025-12-26 23:21:00,51.38,debit,card,utilities,posted
T00005242,A000249,2025-12-23 00:28:00,10.62,debit,atm,entertainment,posted
T00005243,A000249,2025-12-24 21:08:00,3029.01,credit,ach,,posted
T00005244,A000249,2025-12-26 19:39:00,1705.39,credit,ach,,posted
T00005245,A000249,2025-12-31 19:33:00,760.54,credit,ach,,declined
T00005246,A000249,2025-12-24 05:00:00,43.65,debit,card,grocery,declined
T00005247,A000249,2025-12-30 14:11:00,88.85,debit,card,dining,posted
T00005248,A000249,2025-12-24 14:03:00,32.24,debit,atm,travel,posted
T00005249,A000249,2025-12-21 05:10:00,29.98,debit,p2p,fuel,posted
T00005250,A000249,2025-12-23 15:18:00,13.88,debit,card,online_retail,posted
T00005251,A000249,2025-12-26 17:11:00,114.9,debit,card,fuel,posted
T00005252,A000249,2025-12-26 19:02:00,58.95,debit,card,dining,posted
T00005253,A000249,2025-12-28 11:58:00,2036.47,credit,ach,,posted
T00005254,A000249,2025-12-28 17:58:00,77.54,debit,ach,utilities,posted
T00005255,A000249,2025-12-26 17:27:00,149.71,debit,p2p,online_retail,posted
T00005256,A000249,2025-12-26 21:31:00,25.74,debit,card,healthcare,posted
T00005257,A000249,2025-12-30 13:59:00,24.28,debit,p2p,grocery,posted
T00005258,A000249,2025-12-23 10:26:00,26.91,debit,p2p,entertainment,posted
T00005259,A000249,2025-12-21 23:34:00,3218.29,credit,ach,,posted
T00005260,A000249,2025-12-27 00:44:00,22.56,debit,card,online_retail,posted
T00005261,A000249,2025-12-25 03:26:00,2126.4,credit,ach,,posted
T00005262,A000249,2025-12-31 20:10:00,2650.9,credit,ach,,posted
T00005263,A000249,2025-12-23 03:11:00,112.75,debit,card,utilities,posted
T00005264,A000250,2025-12-29 04:57:00,34.01,debit,ach,dining,posted
T00005265,A000250,2025-11-09 04:43:00,20.78,debit,p2p,travel,posted
T00005266,A000250,2025-12-07 10:14:00,33.15,debit,p2p,dining,posted
T00005267,A000250,2025-11-25 07:22:00,61.71,debit,card,fuel,posted
T00005268,A000250,2025-12-18 15:41:00,37.64,debit,p2p,dining,posted
T00005269,A000250,2025-11-22 18:29:00,721.45,credit,ach,,posted
T00005270,A000250,2025-12-30 19:27:00,1982.71,credit,ach,,posted
T00005271,A000250,2025-12-07 19:45:00,3546.3,credit,ach,,posted
T00005272,A000250,2025-11-03 09:43:00,9.69,debit,atm,dining,posted
T00005273,A000250,2025-12-01 20:17:00,3464.14,credit,ach,,posted
T00005274,A000250,2025-12-04 11:49:00,9.51,debit,card,online_retail,posted
T00005275,A000250,2025-11-20 05:05:00,1548.91,credit,ach,,posted
T00005276,A000250,2025-12-05 09:52:00,2297.86,credit,ach,,posted
T00005277,A000250,2025-11-29 10:17:00,117.0,debit,card,online_retail,posted
T00005278,A000250,2025-12-18 11:19:00,3974.25,credit,ach,,posted
T00005279,A000250,2025-11-06 18:13:00,359.72,debit,card,entertainment,posted
T00005280,A000250,2025-12-10 12:42:00,39.18,debit,card,dining,posted
T00005281,A000250,2025-12-07 08:50:00,7.9,debit,card,online_retail,posted
T00005282,A000250,2025-11-13 15:29:00,73.32,debit,card,fuel,posted
T00005283,A000250,2025-12-26 21:07:00,18.47,debit,card,grocery,posted
T00005284,A000250,2025-11-04 16:41:00,1986.51,credit,ach,,posted
T00005285,A000250,2025-11-13 22:14:00,59.17,debit,card,online_retail,declined
T00005286,A000250,2025-12-03 06:45:00,19.92,debit,card,healthcare,posted
T00005287,A000250,2025-12-03 11:36:00,52.32,debit,atm,dining,posted
T00005288,A000250,2025-12-07 23:30:00,48.49,debit,card,dining,posted
T00005289,A000250,2025-12-15 22:54:00,13.91,debit,card,fuel,posted
T00005290,A000250,2025-11-09 08:15:00,785.38,credit,ach,,posted
T00005291,A000250,2025-11-03 21:29:00,56.01,debit,p2p,entertainment,posted
T00005292,A000250,2025-11-29 07:15:00,28.94,debit,atm,grocery,posted
T00005293,A000251,2025-06-12 21:11:00,676.79,credit,ach,,posted
T00005294,A000251,2025-05-30 05:56:00,1486.74,credit,ach,,posted
T00005295,A000251,2025-11-18 22:15:00,8.97,debit,p2p,dining,posted
T00005296,A000251,2025-06-28 18:22:00,21.81,debit,card,grocery,posted
T00005297,A000251,2025-11-10 20:11:00,14.96,debit,card,entertainment,posted
T00005298,A000251,2025-05-25 17:51:00,13.69,debit,card,travel,posted
T00005299,A000251,2025-06-20 01:53:00,65.02,debit,card,dining,posted
T00005300,A000251,2025-06-20 07:58:00,10.85,debit,card,fuel,posted
T00005301,A000251,2025-10-01 10:54:00,3845.92,credit,ach,,posted
T00005302,A000253,2025-10-24 09:25:00,823.45,credit,ach,,declined
T00005303,A000253,2025-04-23 20:03:00,53.15,debit,atm,online_retail,posted
T00005304,A000253,2025-08-06 12:09:00,6.81,debit,card,dining,posted
T00005305,A000253,2025-09-04 08:59:00,41.69,debit,p2p,online_retail,posted
T00005306,A000253,2025-06-25 18:05:00,36.34,debit,p2p,utilities,posted
T00005307,A000253,2025-09-08 23:38:00,20.57,debit,card,grocery,posted
T00005308,A000253,2025-08-25 09:08:00,28.78,debit,card,utilities,posted
T00005309,A000253,2025-08-31 12:20:00,1492.26,credit,ach,,posted
T00005310,A000253,2025-11-20 22:51:00,23.32,debit,card,online_retail,posted
T00005311,A000253,2025-06-26 22:56:00,35.01,debit,ach,utilities,posted
T00005312,A000253,2025-04-27 17:39:00,587.11,credit,ach,,posted
T00005313,A000253,2025-05-31 15:59:00,15.25,debit,p2p,dining,posted
T00005314,A000253,2025-11-28 22:38:00,33.06,debit,card,travel,posted
T00005315,A000253,2025-12-22 04:47:00,29.53,debit,card,utilities,posted
T00005316,A000253,2025-07-11 08:07:00,1610.68,credit,ach,,posted
T00005317,A000253,2025-04-19 22:13:00,50.39,debit,card,fuel,posted
T00005318,A000253,2025-06-28 05:14:00,10.86,debit,card,entertainment,posted
T00005319,A000253,2025-12-19 01:43:00,2003.59,credit,ach,,posted
T00005320,A000253,2025-12-25 14:13:00,1804.89,credit,ach,,posted
T00005321,A000253,2025-04-19 16:21:00,7.52,debit,card,online_retail,posted
T00005322,A000253,2025-07-19 13:14:00,806.63,credit,ach,,posted
T00005323,A000253,2025-10-25 03:46:00,2331.62,credit,ach,,posted
T00005324,A000253,2025-06-05 16:07:00,120.02,debit,card,fuel,posted
T00005325,A000253,2025-12-29 22:35:00,972.16,credit,ach,,posted
T00005326,A000253,2025-11-15 08:12:00,3713.83,credit,ach,,posted
T00005327,A000253,2025-09-29 10:12:00,15.97,debit,atm,entertainment,posted
T00005328,A000253,2025-12-02 04:40:00,676.7,credit,ach,,posted
T00005329,A000253,2025-08-07 05:18:00,3213.11,credit,ach,,posted
T00005330,A000253,2025-05-05 00:39:00,30.63,debit,card,travel,posted
T00005331,A000253,2025-08-13 00:42:00,91.16,debit,card,utilities,posted
T00005332,A000253,2025-08-19 18:47:00,2200.79,credit,ach,,posted
T00005333,A000254,2025-12-23 05:23:00,24.7,debit,card,grocery,posted
T00005334,A000254,2025-11-22 03:36:00,179.63,debit,ach,fuel,reversed
T00005335,A000254,2025-02-08 20:39:00,45.87,debit,card,online_retail,posted
T00005336,A000254,2025-12-20 17:13:00,3768.95,credit,ach,,posted
T00005337,A000254,2025-05-23 16:36:00,27.19,debit,card,dining,posted
T00005338,A000254,2024-10-07 01:23:00,30.16,debit,card,fuel,posted
T00005339,A000254,2025-03-31 04:21:00,26.25,debit,card,grocery,posted
T00005340,A000254,2025-11-27 13:48:00,30.84,debit,p2p,entertainment,reversed
T00005341,A000254,2025-01-12 17:17:00,26.24,debit,card,utilities,posted
T00005342,A000254,2025-03-19 16:04:00,16.91,debit,card,fuel,posted
T00005343,A000255,2025-11-28 04:21:00,5.9,debit,p2p,grocery,posted
T00005344,A000255,2025-09-20 23:05:00,1832.27,credit,ach,,posted
T00005345,A000255,2025-08-05 11:02:00,29.64,debit,atm,fuel,posted
T00005346,A000255,2025-09-08 04:36:00,1484.73,credit,ach,,posted
T00005347,A000255,2025-11-07 10:52:00,59.43,debit,card,dining,posted
T00005348,A000255,2025-08-22 09:23:00,93.29,debit,card,healthcare,posted
T00005349,A000255,2025-10-28 23:59:00,3.53,debit,card,entertainment,posted
T00005350,A000255,2025-10-03 13:27:00,9.17,debit,card,healthcare,posted
T00005351,A000255,2025-11-30 12:04:00,60.32,debit,card,online_retail,reversed
T00005352,A000255,2025-10-23 05:48:00,3034.21,credit,ach,,posted
T00005353,A000255,2025-08-10 11:38:00,18.54,debit,p2p,grocery,posted
T00005354,A000255,2025-09-26 15:05:00,18.69,debit,card,utilities,posted
T00005355,A000255,2025-12-07 19:31:00,19.4,debit,card,dining,posted
T00005356,A000255,2025-10-25 07:56:00,41.13,debit,card,dining,posted
T00005357,A000255,2025-10-19 08:51:00,516.91,credit,ach,,posted
T00005358,A000255,2025-10-04 06:53:00,81.68,debit,atm,healthcare,posted
T00005359,A000255,2025-08-05 16:51:00,12.38,debit,card,online_retail,declined
T00005360,A000256,2025-11-21 08:20:00,39.22,debit,p2p,entertainment,posted
T00005361,A000256,2025-12-28 15:16:00,3067.78,credit,ach,,posted
T00005362,A000256,2025-12-17 18:41:00,451.28,debit,card,healthcare,posted
T00005363,A000256,2025-11-28 10:25:00,44.22,debit,atm,online_retail,posted
T00005364,A000256,2025-12-25 14:33:00,31.84,debit,card,travel,posted
T00005365,A000256,2025-12-02 03:21:00,37.52,debit,ach,utilities,posted
T00005366,A000256,2025-10-11 19:57:00,3669.61,credit,ach,,posted
T00005367,A000256,2025-11-03 13:30:00,2998.62,credit,ach,,posted
T00005368,A000256,2025-12-12 04:29:00,115.88,debit,p2p,healthcare,posted
T00005369,A000256,2025-10-07 17:54:00,29.11,debit,card,grocery,posted
T00005370,A000256,2025-10-29 12:04:00,2709.23,credit,ach,,posted
T00005371,A000256,2025-11-06 13:17:00,8.6,debit,atm,utilities,posted
T00005372,A000256,2025-10-05 06:27:00,34.93,debit,p2p,travel,posted
T00005373,A000256,2025-12-30 23:33:00,21.5,debit,card,entertainment,posted
T00005374,A000256,2025-10-22 01:48:00,2974.16,credit,ach,,posted
T00005375,A000256,2025-11-25 03:33:00,134.16,debit,p2p,entertainment,posted
T00005376,A000256,2025-12-26 07:30:00,2729.4,credit,ach,,declined
T00005377,A000256,2025-12-10 04:28:00,14.56,debit,card,dining,posted
T00005378,A000256,2025-11-18 20:38:00,91.88,debit,card,grocery,posted
T00005379,A000257,2025-05-17 02:32:00,1796.38,credit,ach,,posted
T00005380,A000257,2025-11-08 12:47:00,37.41,debit,card,online_retail,posted
T00005381,A000257,2025-12-07 01:00:00,62.05,debit,card,fuel,posted
T00005382,A000257,2025-06-17 05:44:00,36.05,debit,ach,travel,posted
T00005383,A000257,2025-06-15 00:50:00,28.1,debit,ach,dining,posted
T00005384,A000257,2025-06-14 09:39:00,75.72,debit,card,fuel,posted
T00005385,A000257,2025-10-21 03:36:00,33.76,debit,ach,entertainment,posted
T00005386,A000257,2025-05-21 15:01:00,13.78,debit,card,healthcare,posted
T00005387,A000257,2025-05-07 05:45:00,7.52,debit,card,online_retail,posted
T00005388,A000257,2025-08-31 20:33:00,2933.61,credit,ach,,posted
T00005389,A000257,2025-10-04 00:56:00,995.78,credit,ach,,posted
T00005390,A000257,2025-06-28 13:13:00,1811.8,credit,ach,,posted
T00005391,A000257,2025-12-12 20:20:00,5.89,debit,atm,travel,posted
T00005392,A000257,2025-07-07 00:25:00,1222.25,credit,ach,,posted
T00005393,A000257,2025-06-24 00:15:00,2334.04,credit,ach,,posted
T00005394,A000257,2025-12-11 08:19:00,10.32,debit,ach,grocery,posted
T00005395,A000257,2025-07-27 19:03:00,3419.26,credit,ach,,posted
T00005396,A000257,2025-11-26 07:02:00,112.23,debit,ach,healthcare,posted
T00005397,A000257,2025-10-29 01:40:00,3272.13,credit,ach,,posted
T00005398,A000257,2025-11-27 20:19:00,202.42,debit,atm,grocery,posted
T00005399,A000257,2025-12-27 03:26:00,2.83,debit,card,utilities,posted
T00005400,A000257,2025-11-13 11:29:00,91.37,debit,atm,entertainment,posted
T00005401,A000257,2025-07-29 08:10:00,56.62,debit,card,entertainment,posted
T00005402,A000257,2025-07-02 05:51:00,6.93,debit,atm,utilities,posted
T00005403,A000257,2025-09-22 19:49:00,22.83,debit,card,travel,posted
T00005404,A000257,2025-05-04 23:01:00,850.44,credit,ach,,posted
T00005405,A000257,2025-11-01 13:20:00,154.84,debit,card,travel,posted
T00005406,A000257,2025-07-16 06:08:00,54.05,debit,ach,healthcare,posted
T00005407,A000257,2025-07-10 04:49:00,62.62,debit,ach,online_retail,posted
T00005408,A000257,2025-10-24 09:38:00,62.34,debit,atm,grocery,posted
T00005409,A000257,2025-08-16 20:29:00,5.03,debit,card,entertainment,posted
T00005410,A000257,2025-04-23 03:58:00,11.22,debit,card,healthcare,posted
T00005411,A000257,2025-08-05 02:22:00,1456.64,credit,ach,,posted
T00005412,A000257,2025-06-15 11:34:00,62.88,debit,card,dining,posted
T00005413,A000258,2025-10-21 11:01:00,22.09,debit,card,dining,posted
T00005414,A000258,2025-06-06 02:02:00,93.89,debit,card,grocery,posted
T00005415,A000258,2025-04-13 09:14:00,986.99,credit,ach,,posted
T00005416,A000258,2025-02-07 00:43:00,25.83,debit,ach,healthcare,posted
T00005417,A000258,2025-09-08 00:53:00,82.44,debit,card,dining,posted
T00005418,A000258,2025-04-04 02:47:00,1688.97,credit,ach,,posted
T00005419,A000258,2025-08-13 15:05:00,4.79,debit,card,fuel,posted
T00005420,A000258,2024-12-14 12:42:00,16.89,debit,card,utilities,posted
T00005421,A000258,2025-08-15 23:12:00,7.46,debit,atm,fuel,posted
T00005422,A000258,2025-12-05 19:53:00,23.52,debit,p2p,utilities,posted
T00005423,A000258,2025-04-10 07:35:00,1.84,debit,card,entertainment,posted
T00005424,A000258,2025-02-19 20:19:00,270.45,debit,p2p,fuel,posted
T00005425,A000258,2025-04-25 10:22:00,21.53,debit,card,dining,posted
T00005426,A000258,2025-09-27 19:25:00,3163.74,credit,ach,,posted
T00005427,A000258,2025-07-15 16:20:00,19.95,debit,atm,grocery,posted
T00005428,A000258,2025-07-12 22:39:00,26.38,debit,atm,healthcare,posted
T00005429,A000258,2025-03-19 07:36:00,544.01,debit,atm,online_retail,posted
T00005430,A000258,2025-03-09 19:21:00,7.33,debit,ach,travel,posted
T00005431,A000258,2025-08-05 21:47:00,1114.99,credit,ach,,posted
T00005432,A000258,2025-05-07 11:33:00,32.5,debit,card,dining,posted
T00005433,A000258,2025-01-27 02:28:00,31.54,debit,card,travel,posted
T00005434,A000258,2025-04-28 18:40:00,1679.16,credit,ach,,posted
T00005435,A000258,2025-09-21 09:19:00,2234.15,credit,ach,,posted
T00005436,A000258,2025-01-03 14:59:00,1632.8,credit,ach,,posted
T00005437,A000258,2025-10-06 06:22:00,82.16,debit,card,grocery,posted
T00005438,A000258,2025-04-20 17:57:00,117.57,debit,card,entertainment,posted
T00005439,A000258,2025-07-04 08:12:00,18.47,debit,card,fuel,posted
T00005440,A000258,2025-10-01 19:09:00,24.74,debit,atm,entertainment,posted
T00005441,A000258,2025-02-15 21:44:00,21.67,debit,ach,entertainment,posted
T00005442,A000258,2024-12-23 22:37:00,9.1,debit,p2p,dining,posted
T00005443,A000258,2025-10-23 04:46:00,35.55,debit,card,utilities,posted
T00005444,A000258,2025-04-24 18:15:00,3180.5,credit,ach,,posted
T00005445,A000258,2025-05-11 12:48:00,36.77,debit,card,fuel,posted
T00005446,A000259,2025-04-14 16:02:00,154.66,debit,atm,travel,posted
T00005447,A000259,2025-09-20 07:10:00,1792.64,credit,ach,,posted
T00005448,A000259,2025-08-08 05:09:00,26.67,debit,card,entertainment,posted
T00005449,A000259,2025-06-26 19:32:00,35.17,debit,card,utilities,posted
T00005450,A000259,2025-06-04 00:00:00,19.35,debit,atm,entertainment,posted
T00005451,A000259,2025-10-21 09:07:00,17.98,debit,atm,online_retail,posted
T00005452,A000259,2025-11-06 06:06:00,17.77,debit,card,travel,posted
T00005453,A000259,2025-06-27 22:27:00,1663.81,credit,ach,,posted
T00005454,A000259,2025-10-18 22:32:00,27.81,debit,card,fuel,posted
T00005455,A000259,2025-08-14 00:29:00,23.25,debit,ach,online_retail,posted
T00005456,A000259,2025-08-26 22:09:00,125.06,debit,p2p,healthcare,posted
T00005457,A000259,2025-06-10 04:24:00,18.59,debit,card,utilities,posted
T00005458,A000259,2025-07-12 00:43:00,12.74,debit,p2p,utilities,posted
T00005459,A000260,2025-05-12 18:50:00,32.05,debit,card,dining,posted
T00005460,A000260,2024-11-16 15:05:00,33.92,debit,card,dining,declined
T00005461,A000260,2025-12-20 15:56:00,11.73,debit,card,dining,posted
T00005462,A000260,2025-06-26 14:26:00,37.3,debit,atm,online_retail,posted
T00005463,A000260,2024-10-28 13:08:00,68.57,debit,atm,travel,posted
T00005464,A000260,2024-10-08 12:55:00,57.27,debit,ach,travel,posted
T00005465,A000260,2024-09-14 19:49:00,163.52,debit,card,travel,posted
T00005466,A000260,2025-11-03 21:27:00,69.54,debit,p2p,travel,declined
T00005467,A000260,2025-08-28 21:23:00,3514.78,credit,ach,,posted
T00005468,A000260,2025-05-15 13:48:00,45.9,debit,ach,travel,posted
T00005469,A000260,2025-09-30 05:30:00,1654.01,credit,ach,,posted
T00005470,A000260,2025-01-05 13:11:00,18.26,debit,card,grocery,posted
T00005471,A000260,2025-04-07 12:00:00,14.95,debit,atm,entertainment,posted
T00005472,A000260,2025-04-25 20:47:00,54.22,debit,card,fuel,posted
T00005473,A000260,2025-11-03 06:39:00,44.97,debit,card,online_retail,posted
T00005474,A000260,2025-11-25 17:31:00,22.33,debit,card,grocery,posted
T00005475,A000260,2024-08-26 10:04:00,3174.52,credit,ach,,posted
T00005476,A000260,2024-08-15 17:45:00,19.66,debit,p2p,healthcare,posted
T00005477,A000261,2025-12-18 15:50:00,30.88,debit,card,utilities,posted
T00005478,A000261,2025-12-05 23:15:00,36.79,debit,atm,travel,posted
T00005479,A000261,2025-11-19 00:27:00,16.62,debit,p2p,entertainment,posted
T00005480,A000261,2025-12-08 11:26:00,181.24,debit,p2p,travel,posted
T00005481,A000261,2025-12-08 14:54:00,29.54,debit,card,grocery,posted
T00005482,A000261,2025-12-27 17:16:00,2141.92,credit,ach,,posted
T00005483,A000261,2025-11-21 16:11:00,10.44,debit,card,entertainment,posted
T00005484,A000261,2025-11-21 15:12:00,81.7,debit,atm,grocery,posted
T00005485,A000261,2025-12-09 09:57:00,7.18,debit,p2p,utilities,posted
T00005486,A000261,2025-12-16 15:45:00,51.53,debit,p2p,utilities,posted
T00005487,A000261,2025-12-16 20:45:00,180.48,debit,ach,entertainment,posted
T00005488,A000261,2025-12-02 19:05:00,22.09,debit,p2p,grocery,posted
T00005489,A000261,2025-12-21 22:58:00,137.52,debit,p2p,online_retail,posted
T00005490,A000261,2025-12-18 20:54:00,55.07,debit,card,entertainment,posted
T00005491,A000261,2025-12-09 12:33:00,40.94,debit,p2p,utilities,posted
T00005492,A000261,2025-11-15 07:11:00,102.15,debit,atm,travel,reversed
T00005493,A000261,2025-12-04 04:16:00,1454.03,credit,ach,,posted
T00005494,A000261,2025-12-30 14:26:00,18.31,debit,p2p,utilities,posted
T00005495,A000261,2025-12-14 13:03:00,3963.27,credit,ach,,posted
T00005496,A000262,2025-08-02 00:34:00,53.04,debit,p2p,entertainment,posted
T00005497,A000262,2025-10-04 06:33:00,37.41,debit,card,entertainment,posted
T00005498,A000262,2025-10-19 04:07:00,19.98,debit,card,utilities,posted
T00005499,A000262,2025-08-14 11:47:00,2828.0,credit,ach,,posted
T00005500,A000262,2025-09-01 21:56:00,154.93,debit,p2p,online_retail,posted
T00005501,A000262,2025-07-31 05:55:00,6.65,debit,card,grocery,posted
T00005502,A000262,2025-07-22 05:17:00,2870.92,credit,ach,,posted
T00005503,A000262,2025-10-26 22:16:00,1352.77,credit,ach,,posted
T00005504,A000262,2025-09-16 06:04:00,3360.37,credit,ach,,posted
T00005505,A000262,2025-07-31 09:56:00,8.81,debit,ach,healthcare,posted
T00005506,A000262,2025-08-03 15:50:00,396.35,debit,atm,utilities,posted
T00005507,A000262,2025-12-26 19:11:00,3354.76,credit,ach,,posted
T00005508,A000262,2025-11-18 08:34:00,11.13,debit,card,entertainment,posted
T00005509,A000262,2025-07-20 23:59:00,38.53,debit,card,fuel,posted
T00005510,A000262,2025-07-30 21:55:00,17.57,debit,card,healthcare,posted
T00005511,A000262,2025-12-24 10:05:00,23.18,debit,card,online_retail,posted
T00005512,A000262,2025-10-31 10:59:00,111.78,debit,p2p,healthcare,posted
T00005513,A000262,2025-09-07 14:32:00,73.73,debit,atm,entertainment,posted
T00005514,A000262,2025-07-31 18:37:00,5.99,debit,p2p,dining,posted
T00005515,A000262,2025-11-14 00:42:00,15.44,debit,card,utilities,posted
T00005516,A000262,2025-08-30 14:32:00,21.17,debit,atm,grocery,posted
T00005517,A000262,2025-12-01 15:32:00,132.97,debit,card,utilities,posted
T00005518,A000262,2025-08-06 21:48:00,21.91,debit,card,entertainment,posted
T00005519,A000262,2025-12-16 22:12:00,12.31,debit,ach,entertainment,posted
T00005520,A000262,2025-09-05 15:23:00,42.57,debit,card,online_retail,posted
T00005521,A000262,2025-10-21 10:13:00,1001.59,credit,ach,,posted
T00005522,A000262,2025-10-30 09:13:00,2268.44,credit,ach,,posted
T00005523,A000262,2025-08-22 05:22:00,24.55,debit,card,fuel,posted
T00005524,A000262,2025-10-01 07:44:00,14.07,debit,atm,entertainment,posted
T00005525,A000262,2025-09-26 18:09:00,28.26,debit,atm,utilities,posted
T00005526,A000262,2025-11-01 00:12:00,5.12,debit,p2p,grocery,posted
T00005527,A000263,2025-09-08 01:09:00,44.01,debit,p2p,healthcare,posted
T00005528,A000263,2025-11-20 14:41:00,93.27,debit,p2p,entertainment,posted
T00005529,A000263,2025-11-24 20:14:00,42.22,debit,p2p,travel,posted
T00005530,A000263,2025-11-07 14:52:00,34.72,debit,ach,fuel,posted
T00005531,A000263,2025-09-16 14:13:00,12.06,debit,card,online_retail,posted
T00005532,A000263,2025-12-13 20:38:00,44.51,debit,p2p,entertainment,posted
T00005533,A000263,2025-11-20 11:08:00,2612.71,credit,ach,,posted
T00005534,A000263,2025-12-30 16:16:00,39.3,debit,card,travel,posted
T00005535,A000263,2025-09-23 19:58:00,45.09,debit,p2p,healthcare,posted
T00005536,A000264,2025-10-26 21:40:00,59.35,debit,ach,healthcare,posted
T00005537,A000264,2025-12-07 14:51:00,48.41,debit,p2p,entertainment,posted
T00005538,A000264,2025-09-12 19:02:00,39.56,debit,ach,travel,posted
T00005539,A000264,2025-10-20 06:44:00,8.48,debit,card,fuel,posted
T00005540,A000264,2025-09-11 22:15:00,1478.79,credit,ach,,posted
T00005541,A000264,2025-11-03 15:12:00,7.78,debit,p2p,dining,posted
T00005542,A000264,2025-12-18 13:48:00,10.18,debit,card,healthcare,posted
T00005543,A000264,2025-10-20 15:11:00,26.87,debit,p2p,online_retail,posted
T00005544,A000264,2025-09-22 12:42:00,319.9,debit,p2p,online_retail,posted
T00005545,A000264,2025-12-24 00:01:00,9.83,debit,atm,fuel,posted
T00005546,A000264,2025-10-08 20:51:00,3.29,debit,p2p,grocery,posted
T00005547,A000264,2025-12-09 14:47:00,3022.92,credit,ach,,posted
T00005548,A000264,2025-10-08 07:53:00,64.14,debit,ach,utilities,posted
T00005549,A000264,2025-10-24 03:45:00,2248.14,credit,ach,,posted
T00005550,A000265,2025-12-20 04:09:00,2941.72,credit,ach,,posted
T00005551,A000265,2025-12-15 23:43:00,3965.05,credit,ach,,posted
T00005552,A000265,2025-12-06 01:00:00,538.88,credit,ach,,posted
T00005553,A000265,2025-12-14 23:03:00,30.87,debit,p2p,entertainment,posted
T00005554,A000265,2025-12-18 22:36:00,2381.33,credit,ach,,posted
T00005555,A000265,2025-12-11 03:16:00,91.99,debit,p2p,grocery,posted
T00005556,A000265,2025-12-18 16:57:00,9.92,debit,card,grocery,posted
T00005557,A000265,2025-12-30 19:43:00,1717.93,credit,ach,,posted
T00005558,A000265,2025-12-13 18:14:00,73.77,debit,card,utilities,posted
T00005559,A000265,2025-12-13 13:21:00,1135.24,credit,ach,,posted
T00005560,A000265,2025-12-25 19:19:00,5.01,debit,p2p,online_retail,posted
T00005561,A000265,2025-12-19 12:36:00,37.7,debit,p2p,online_retail,posted
T00005562,A000265,2025-11-23 15:00:00,105.36,debit,p2p,online_retail,posted
T00005563,A000265,2025-11-21 13:52:00,27.9,debit,card,fuel,posted
T00005564,A000265,2025-12-22 09:02:00,33.28,debit,ach,travel,declined
T00005565,A000265,2025-12-15 18:50:00,64.59,debit,card,online_retail,posted
T00005566,A000265,2025-12-19 16:37:00,45.47,debit,card,travel,posted
T00005567,A000265,2025-12-02 17:18:00,1005.78,credit,ach,,posted
T00005568,A000265,2025-11-24 10:24:00,37.57,debit,card,dining,posted
T00005569,A000265,2025-12-17 01:16:00,45.18,debit,p2p,healthcare,posted
T00005570,A000265,2025-12-30 17:04:00,40.99,debit,ach,online_retail,reversed
T00005571,A000265,2025-12-20 02:39:00,229.37,debit,card,online_retail,posted
T00005572,A000265,2025-12-20 09:33:00,21.04,debit,card,grocery,posted
T00005573,A000265,2025-11-24 11:25:00,17.43,debit,card,online_retail,posted
T00005574,A000265,2025-11-27 04:53:00,290.16,debit,card,online_retail,posted
T00005575,A000265,2025-12-16 20:23:00,29.31,debit,card,grocery,declined
T00005576,A000265,2025-12-30 00:53:00,22.63,debit,ach,healthcare,posted
T00005577,A000265,2025-12-25 18:13:00,28.92,debit,card,dining,posted
T00005578,A000265,2025-12-10 15:17:00,1031.88,credit,ach,,posted
T00005579,A000265,2025-12-28 01:45:00,3543.55,credit,ach,,posted
T00005580,A000265,2025-12-27 23:59:00,15.69,debit,ach,utilities,posted
T00005581,A000265,2025-12-10 05:16:00,19.93,debit,card,grocery,posted
T00005582,A000265,2025-12-17 21:08:00,2075.06,credit,ach,,reversed
T00005583,A000266,2025-11-10 07:54:00,35.55,debit,card,online_retail,declined
T00005584,A000266,2025-11-28 15:34:00,62.75,debit,ach,travel,posted
T00005585,A000266,2025-11-20 16:28:00,12.99,debit,card,healthcare,declined
T00005586,A000266,2025-12-17 13:48:00,9.9,debit,p2p,online_retail,posted
T00005587,A000266,2025-11-24 17:07:00,21.99,debit,p2p,online_retail,posted
T00005588,A000266,2025-11-10 17:40:00,2183.1,credit,ach,,posted
T00005589,A000266,2025-12-02 19:59:00,12.94,debit,p2p,dining,posted
T00005590,A000266,2025-11-11 09:17:00,5.86,debit,p2p,online_retail,posted
T00005591,A000266,2025-12-25 02:02:00,3424.47,credit,ach,,posted
T00005592,A000266,2025-12-20 04:58:00,25.13,debit,card,online_retail,posted
T00005593,A000266,2025-11-27 20:43:00,32.44,debit,ach,healthcare,posted
T00005594,A000266,2025-12-12 19:38:00,2819.47,credit,ach,,posted
T00005595,A000266,2025-11-13 07:57:00,10.05,debit,card,healthcare,posted
T00005596,A000266,2025-12-01 16:54:00,56.25,debit,ach,dining,posted
T00005597,A000266,2025-11-17 17:33:00,1262.73,credit,ach,,posted
T00005598,A000266,2025-11-04 21:23:00,7.37,debit,card,travel,posted
T00005599,A000266,2025-11-22 11:27:00,882.46,credit,ach,,posted
T00005600,A000266,2025-10-28 05:31:00,31.14,debit,ach,travel,posted
T00005601,A000266,2025-11-19 07:49:00,59.78,debit,ach,dining,posted
T00005602,A000266,2025-12-19 17:10:00,18.52,debit,atm,utilities,posted
T00005603,A000266,2025-11-12 06:40:00,12.17,debit,ach,utilities,posted
T00005604,A000266,2025-12-24 09:28:00,72.15,debit,ach,fuel,posted
T00005605,A000266,2025-12-20 03:47:00,24.94,debit,p2p,grocery,posted
T00005606,A000266,2025-12-31 07:47:00,16.66,debit,p2p,grocery,posted
T00005607,A000266,2025-11-30 10:20:00,3642.66,credit,ach,,posted
T00005608,A000266,2025-12-04 03:23:00,34.53,debit,card,utilities,posted
T00005609,A000266,2025-12-21 02:42:00,224.92,debit,ach,utilities,posted
T00005610,A000266,2025-11-12 09:19:00,26.43,debit,ach,dining,posted
T00005611,A000266,2025-12-05 02:22:00,13.61,debit,p2p,utilities,posted
T00005612,A000266,2025-11-08 06:17:00,2219.89,credit,ach,,posted
T00005613,A000266,2025-10-28 15:07:00,31.99,debit,card,online_retail,posted
T00005614,A000266,2025-12-12 03:17:00,55.16,debit,p2p,travel,posted
T00005615,A000266,2025-11-24 12:35:00,3552.2,credit,ach,,posted
T00005616,A000266,2025-12-17 13:46:00,3541.3,credit,ach,,posted
T00005617,A000266,2025-11-29 07:57:00,96.5,debit,p2p,utilities,posted
T00005618,A000266,2025-12-26 22:10:00,43.26,debit,p2p,grocery,posted
T00005619,A000266,2025-10-30 09:46:00,18.47,debit,card,grocery,posted
T00005620,A000266,2025-12-15 21:00:00,50.29,debit,p2p,grocery,posted
T00005621,A000266,2025-12-28 07:13:00,1120.73,credit,ach,,posted
T00005622,A000266,2025-12-15 07:45:00,87.56,debit,card,travel,posted
T00005623,A000267,2025-10-16 19:54:00,19.77,debit,atm,healthcare,posted
T00005624,A000267,2025-08-28 18:03:00,18.57,debit,card,fuel,posted
T00005625,A000267,2025-09-15 08:37:00,3878.66,credit,ach,,posted
T00005626,A000267,2025-09-04 06:36:00,15.4,debit,card,dining,posted
T00005627,A000267,2025-09-05 19:37:00,26.58,debit,card,entertainment,posted
T00005628,A000267,2025-07-20 00:44:00,8.35,debit,card,healthcare,posted
T00005629,A000267,2025-04-16 19:39:00,60.95,debit,ach,utilities,posted
T00005630,A000267,2025-05-31 22:23:00,73.66,debit,card,grocery,posted
T00005631,A000267,2025-12-13 20:36:00,10.07,debit,card,online_retail,posted
T00005632,A000267,2025-06-16 17:41:00,93.65,debit,p2p,fuel,posted
T00005633,A000267,2025-04-13 20:30:00,32.17,debit,card,entertainment,posted
T00005634,A000267,2025-10-01 11:20:00,2302.2,credit,ach,,posted
T00005635,A000267,2025-11-29 21:56:00,19.94,debit,p2p,travel,posted
T00005636,A000267,2025-10-06 13:22:00,44.24,debit,atm,entertainment,posted
T00005637,A000267,2025-06-27 20:49:00,21.3,debit,card,travel,posted
T00005638,A000267,2025-08-30 09:43:00,8.68,debit,card,travel,posted
T00005639,A000267,2025-12-03 06:35:00,22.72,debit,card,travel,posted
T00005640,A000267,2025-06-18 10:44:00,3144.39,credit,ach,,posted
T00005641,A000267,2025-04-13 11:04:00,51.08,debit,ach,healthcare,posted
T00005642,A000268,2025-12-20 13:34:00,116.93,debit,atm,fuel,declined
T00005643,A000268,2025-06-28 15:06:00,31.15,debit,card,grocery,posted
T00005644,A000268,2025-10-11 02:02:00,63.68,debit,card,fuel,posted
T00005645,A000268,2025-07-19 11:06:00,3510.58,credit,ach,,posted
T00005646,A000268,2025-09-02 07:08:00,2444.2,credit,ach,,posted
T00005647,A000268,2025-05-19 08:08:00,27.05,debit,card,healthcare,posted
T00005648,A000269,2025-06-12 09:16:00,46.6,debit,card,healthcare,posted
T00005649,A000269,2025-12-20 14:31:00,320.26,debit,card,dining,posted
T00005650,A000269,2025-11-24 19:06:00,1979.51,credit,ach,,posted
T00005651,A000269,2025-07-03 05:45:00,14.52,debit,card,healthcare,posted
T00005652,A000269,2025-05-24 06:12:00,117.3,debit,card,dining,posted
T00005653,A000269,2025-12-24 10:28:00,2092.47,credit,ach,,posted
T00005654,A000269,2025-11-10 17:06:00,24.12,debit,p2p,entertainment,posted
T00005655,A000269,2025-11-29 05:40:00,22.02,debit,atm,travel,posted
T00005656,A000269,2025-10-17 19:34:00,40.42,debit,atm,online_retail,posted
T00005657,A000269,2025-11-08 17:27:00,40.23,debit,p2p,travel,posted
T00005658,A000269,2025-06-10 18:41:00,3631.25,credit,ach,,posted
T00005659,A000269,2025-10-04 21:29:00,14.06,debit,atm,dining,posted
T00005660,A000269,2025-10-30 00:02:00,818.66,credit,ach,,posted
T00005661,A000270,2025-12-31 16:48:00,29.35,debit,card,fuel,posted
T00005662,A000270,2025-12-30 04:32:00,43.26,debit,ach,healthcare,posted
T00005663,A000270,2025-12-31 17:53:00,19.27,debit,card,dining,posted
T00005664,A000270,2025-12-31 11:55:00,15.08,debit,p2p,healthcare,posted
T00005665,A000270,2025-12-31 23:12:00,1689.7,credit,ach,,posted
T00005666,A000270,2025-12-30 21:02:00,78.83,debit,p2p,healthcare,posted
T00005667,A000270,2025-12-31 17:24:00,81.47,debit,card,fuel,posted
T00005668,A000270,2025-12-31 18:17:00,17.54,debit,card,healthcare,posted
T00005669,A000270,2025-12-30 20:48:00,2686.0,credit,ach,,posted
T00005670,A000270,2025-12-30 21:17:00,2509.86,credit,ach,,posted
T00005671,A000270,2025-12-30 10:07:00,22.67,debit,card,online_retail,posted
T00005672,A000270,2025-12-31 00:42:00,1347.48,credit,ach,,posted
T00005673,A000270,2025-12-31 22:10:00,63.61,debit,card,fuel,posted
T00005674,A000270,2025-12-31 14:08:00,19.84,debit,p2p,fuel,posted
T00005675,A000270,2025-12-30 19:59:00,13.29,debit,card,entertainment,posted
T00005676,A000270,2025-12-31 04:23:00,20.26,debit,atm,fuel,posted
T00005677,A000270,2025-12-31 16:54:00,2489.37,credit,ach,,posted
T00005678,A000270,2025-12-30 05:09:00,125.92,debit,card,utilities,posted
T00005679,A000270,2025-12-30 19:51:00,7.52,debit,ach,grocery,posted
T00005680,A000270,2025-12-30 11:55:00,202.38,debit,p2p,dining,posted
T00005681,A000270,2025-12-31 20:13:00,2039.52,credit,ach,,posted
T00005682,A000270,2025-12-31 06:15:00,30.1,debit,card,utilities,posted
T00005683,A000270,2025-12-30 14:48:00,20.26,debit,card,travel,posted
T00005684,A000270,2025-12-31 04:02:00,22.22,debit,card,grocery,posted
T00005685,A000270,2025-12-30 10:24:00,68.38,debit,card,dining,posted
T00005686,A000270,2025-12-30 02:59:00,820.04,credit,ach,,posted
T00005687,A000270,2025-12-30 19:18:00,133.92,debit,card,fuel,posted
T00005688,A000270,2025-12-31 06:05:00,180.38,debit,card,utilities,posted
T00005689,A000270,2025-12-30 07:04:00,24.27,debit,atm,healthcare,posted
T00005690,A000270,2025-12-30 06:25:00,10.37,debit,card,online_retail,posted
T00005691,A000270,2025-12-30 06:08:00,220.2,debit,p2p,online_retail,posted
T00005692,A000270,2025-12-31 19:36:00,1394.81,credit,ach,,posted
T00005693,A000270,2025-12-31 14:29:00,9.55,debit,card,fuel,posted
T00005694,A000270,2025-12-31 00:43:00,7.44,debit,card,fuel,posted
T00005695,A000270,2025-12-30 10:17:00,1578.6,credit,ach,,declined
T00005696,A000270,2025-12-30 00:56:00,27.11,debit,atm,grocery,declined
T00005697,A000271,2025-11-12 08:06:00,46.75,debit,p2p,healthcare,posted
T00005698,A000271,2025-12-20 09:10:00,108.64,debit,card,online_retail,posted
T00005699,A000271,2025-11-23 12:31:00,98.74,debit,p2p,healthcare,posted
T00005700,A000271,2025-12-07 12:30:00,109.27,debit,p2p,healthcare,posted
T00005701,A000271,2025-10-29 02:44:00,1272.09,credit,ach,,posted
T00005702,A000271,2025-11-15 03:53:00,57.56,debit,p2p,healthcare,posted
T00005703,A000271,2025-12-04 19:06:00,22.93,debit,ach,online_retail,posted
T00005704,A000271,2025-11-13 13:47:00,1231.02,credit,ach,,posted
T00005705,A000271,2025-12-09 22:09:00,102.5,debit,card,fuel,declined
T00005706,A000271,2025-12-26 18:20:00,90.06,debit,ach,healthcare,posted
T00005707,A000271,2025-12-15 19:10:00,4.56,debit,ach,grocery,posted
T00005708,A000271,2025-12-10 01:27:00,76.33,debit,atm,entertainment,posted
T00005709,A000271,2025-11-07 02:11:00,2140.63,credit,ach,,posted
T00005710,A000271,2025-11-15 07:55:00,77.35,debit,p2p,online_retail,posted
T00005711,A000271,2025-11-10 22:43:00,2691.45,credit,ach,,declined
T00005712,A000271,2025-11-02 14:09:00,659.98,credit,ach,,posted
T00005713,A000271,2025-12-15 23:35:00,1285.08,credit,ach,,posted
T00005714,A000271,2025-12-13 02:06:00,77.55,debit,card,entertainment,posted
T00005715,A000271,2025-12-24 17:29:00,26.33,debit,card,travel,posted
T00005716,A000271,2025-12-05 05:08:00,6.87,debit,ach,online_retail,posted
T00005717,A000271,2025-11-30 21:16:00,22.4,debit,card,grocery,posted
T00005718,A000271,2025-11-17 00:24:00,12.06,debit,p2p,utilities,posted
T00005719,A000272,2025-10-02 16:44:00,33.97,debit,card,grocery,posted
T00005720,A000272,2025-07-04 20:13:00,44.78,debit,card,entertainment,posted
T00005721,A000272,2025-07-07 06:01:00,60.49,debit,card,grocery,posted
T00005722,A000272,2025-07-16 07:54:00,18.53,debit,p2p,fuel,posted
T00005723,A000272,2025-12-18 20:00:00,2320.29,credit,ach,,declined
T00005724,A000272,2025-10-18 08:48:00,78.28,debit,atm,healthcare,posted
T00005725,A000272,2025-10-27 13:51:00,3408.03,credit,ach,,posted
T00005726,A000272,2025-09-16 10:55:00,3618.8,credit,ach,,posted
T00005727,A000272,2025-07-03 04:15:00,90.91,debit,atm,utilities,posted
T00005728,A000272,2025-07-06 15:26:00,22.48,debit,atm,online_retail,posted
T00005729,A000272,2025-12-29 17:13:00,9.42,debit,card,entertainment,posted
T00005730,A000272,2025-11-25 03:26:00,174.32,debit,ach,utilities,posted
T00005731,A000273,2025-12-16 06:10:00,89.06,debit,card,grocery,posted
T00005732,A000273,2025-12-21 19:41:00,1684.52,credit,ach,,posted
T00005733,A000273,2025-10-01 10:43:00,844.55,credit,ach,,posted
T00005734,A000273,2024-12-01 03:52:00,10.68,debit,card,travel,posted
T00005735,A000273,2025-04-28 07:56:00,34.22,debit,card,dining,posted
T00005736,A000273,2024-11-14 17:07:00,54.58,debit,card,dining,posted
T00005737,A000273,2025-12-13 12:25:00,2085.46,credit,ach,,posted
T00005738,A000273,2025-08-15 05:29:00,55.34,debit,ach,entertainment,declined
T00005739,A000273,2025-07-27 02:54:00,116.69,debit,card,entertainment,posted
T00005740,A000273,2025-06-05 23:02:00,4.45,debit,atm,utilities,posted
T00005741,A000273,2024-10-21 20:35:00,3992.51,credit,ach,,posted
T00005742,A000274,2025-07-08 03:45:00,1543.23,credit,ach,,posted
T00005743,A000274,2025-08-01 20:56:00,74.61,debit,card,grocery,posted
T00005744,A000274,2025-07-28 09:24:00,37.93,debit,card,online_retail,posted
T00005745,A000274,2025-07-09 09:37:00,199.76,debit,card,entertainment,posted
T00005746,A000274,2025-11-14 23:38:00,1468.65,credit,ach,,posted
T00005747,A000274,2025-07-19 03:39:00,47.3,debit,card,travel,posted
T00005748,A000274,2025-11-28 12:54:00,31.03,debit,card,healthcare,posted
T00005749,A000274,2025-08-24 17:46:00,16.03,debit,p2p,fuel,posted
T00005750,A000274,2025-05-21 19:33:00,41.64,debit,card,dining,posted
T00005751,A000274,2025-10-07 12:38:00,3232.59,credit,ach,,posted
T00005752,A000274,2025-07-18 01:20:00,32.95,debit,card,travel,posted
T00005753,A000275,2025-09-04 20:25:00,2975.08,credit,ach,,posted
T00005754,A000275,2025-10-28 00:42:00,208.18,debit,card,entertainment,posted
T00005755,A000275,2025-08-25 06:04:00,7.84,debit,atm,healthcare,posted
T00005756,A000275,2025-11-27 12:15:00,4.16,debit,card,travel,posted
T00005757,A000275,2025-11-24 08:46:00,52.1,debit,card,entertainment,posted
T00005758,A000275,2025-10-17 22:29:00,3636.67,credit,ach,,posted
T00005759,A000275,2025-10-30 10:24:00,3.92,debit,card,dining,posted
T00005760,A000275,2025-10-04 12:24:00,9.19,debit,card,dining,posted
T00005761,A000275,2025-08-20 01:59:00,9.5,debit,p2p,travel,posted
T00005762,A000275,2025-12-08 13:31:00,74.15,debit,atm,online_retail,posted
T00005763,A000275,2025-11-10 13:05:00,7.42,debit,atm,utilities,posted
T00005764,A000275,2025-11-25 13:04:00,80.92,debit,atm,travel,posted
T00005765,A000275,2025-09-18 06:17:00,7.66,debit,atm,entertainment,posted
T00005766,A000275,2025-09-09 04:52:00,52.75,debit,p2p,travel,posted
T00005767,A000275,2025-07-19 08:00:00,2214.96,credit,ach,,posted
T00005768,A000275,2025-10-31 11:35:00,66.02,debit,card,utilities,posted
T00005769,A000275,2025-10-10 13:21:00,13.04,debit,p2p,entertainment,posted
T00005770,A000275,2025-12-16 01:39:00,27.99,debit,card,utilities,posted
T00005771,A000275,2025-10-25 19:54:00,2582.08,credit,ach,,posted
T00005772,A000275,2025-08-13 16:48:00,2325.9,credit,ach,,posted
T00005773,A000275,2025-11-28 17:12:00,5.86,debit,ach,dining,posted
T00005774,A000275,2025-09-03 12:28:00,31.63,debit,atm,entertainment,posted
T00005775,A000275,2025-12-16 13:45:00,39.36,debit,atm,fuel,posted
T00005776,A000275,2025-12-22 03:22:00,87.17,debit,ach,dining,posted
T00005777,A000275,2025-09-21 03:44:00,1647.61,credit,ach,,posted
T00005778,A000275,2025-11-06 15:02:00,16.53,debit,card,online_retail,posted
T00005779,A000275,2025-09-21 09:53:00,248.47,debit,atm,healthcare,posted
T00005780,A000275,2025-12-14 22:23:00,6.89,debit,p2p,entertainment,posted
T00005781,A000275,2025-09-25 22:05:00,17.58,debit,card,utilities,posted
T00005782,A000275,2025-08-29 17:42:00,8.5,debit,card,entertainment,posted
T00005783,A000275,2025-09-04 11:53:00,57.54,debit,atm,fuel,posted
T00005784,A000276,2025-09-22 01:32:00,9.9,debit,card,utilities,posted
T00005785,A000276,2025-11-30 09:51:00,41.63,debit,p2p,healthcare,posted
T00005786,A000276,2025-08-20 15:29:00,44.74,debit,ach,grocery,posted
T00005787,A000276,2025-08-13 22:55:00,458.34,debit,atm,utilities,posted
T00005788,A000276,2025-11-09 02:29:00,2509.94,credit,ach,,posted
T00005789,A000276,2025-08-04 06:45:00,12.01,debit,card,dining,posted
T00005790,A000276,2025-12-24 01:09:00,11.15,debit,p2p,online_retail,posted
T00005791,A000276,2025-07-31 01:48:00,18.34,debit,ach,travel,posted
T00005792,A000276,2025-10-28 23:28:00,32.8,debit,card,grocery,posted
T00005793,A000276,2025-11-17 10:34:00,116.84,debit,p2p,grocery,posted
T00005794,A000276,2025-11-19 00:07:00,76.49,debit,atm,grocery,declined
T00005795,A000276,2025-11-18 05:00:00,3.16,debit,card,entertainment,posted
T00005796,A000276,2025-11-25 11:26:00,43.03,debit,ach,healthcare,posted
T00005797,A000276,2025-10-16 06:53:00,908.65,credit,ach,,posted
T00005798,A000276,2025-12-01 09:09:00,108.84,debit,ach,utilities,posted
T00005799,A000276,2025-10-21 16:21:00,28.03,debit,card,online_retail,posted
T00005800,A000276,2025-12-20 05:17:00,2487.37,credit,ach,,posted
T00005801,A000276,2025-12-09 21:08:00,52.21,debit,card,dining,posted
T00005802,A000276,2025-08-30 05:42:00,7.41,debit,ach,healthcare,posted
T00005803,A000277,2025-11-23 09:35:00,54.99,debit,ach,healthcare,posted
T00005804,A000277,2025-12-13 14:42:00,10.97,debit,ach,fuel,posted
T00005805,A000277,2025-12-31 18:26:00,228.93,debit,p2p,healthcare,posted
T00005806,A000277,2025-12-21 09:46:00,105.35,debit,atm,grocery,posted
T00005807,A000277,2025-12-29 10:30:00,21.66,debit,card,healthcare,posted
T00005808,A000277,2025-12-25 13:21:00,3024.31,credit,ach,,posted
T00005809,A000277,2025-12-25 03:22:00,964.24,credit,ach,,posted
T00005810,A000277,2025-11-10 21:54:00,2324.43,credit,ach,,posted
T00005811,A000277,2025-12-08 20:53:00,107.04,debit,ach,online_retail,posted
T00005812,A000278,2025-04-10 13:51:00,3260.37,credit,ach,,posted
T00005813,A000278,2025-10-13 23:22:00,47.68,debit,card,online_retail,posted
T00005814,A000278,2025-11-16 05:11:00,25.65,debit,atm,online_retail,posted
T00005815,A000278,2025-06-13 14:50:00,15.42,debit,ach,travel,posted
T00005816,A000278,2025-12-24 05:10:00,30.81,debit,card,dining,posted
T00005817,A000278,2024-09-29 04:05:00,39.74,debit,atm,utilities,posted
T00005818,A000278,2025-08-16 10:52:00,15.46,debit,card,utilities,posted
T00005819,A000278,2024-12-18 04:35:00,3592.07,credit,ach,,posted
T00005820,A000278,2024-11-03 21:45:00,53.7,debit,card,healthcare,posted
T00005821,A000278,2025-10-19 23:16:00,11.65,debit,atm,grocery,posted
T00005822,A000278,2025-03-17 19:33:00,32.93,debit,ach,online_retail,posted
T00005823,A000278,2025-09-21 10:27:00,874.6,credit,ach,,posted
T00005824,A000278,2025-04-25 01:40:00,3701.68,credit,ach,,posted
T00005825,A000278,2025-07-08 16:17:00,39.89,debit,card,grocery,posted
T00005826,A000278,2025-12-19 00:36:00,162.75,debit,ach,fuel,posted
T00005827,A000278,2025-04-04 09:25:00,2.07,debit,p2p,entertainment,posted
T00005828,A000278,2025-01-14 08:48:00,156.85,debit,atm,grocery,posted
T00005829,A000278,2024-11-26 14:19:00,208.82,debit,p2p,dining,posted
T00005830,A000278,2024-11-11 04:02:00,3131.63,credit,ach,,posted
T00005831,A000278,2024-10-18 04:41:00,24.11,debit,p2p,utilities,posted
T00005832,A000278,2025-01-25 03:45:00,32.47,debit,p2p,entertainment,posted
T00005833,A000279,2025-08-17 19:03:00,18.17,debit,atm,healthcare,posted
T00005834,A000279,2025-09-28 09:48:00,33.88,debit,card,healthcare,posted
T00005835,A000279,2025-10-02 17:19:00,442.35,debit,card,fuel,posted
T00005836,A000279,2025-09-26 17:59:00,23.63,debit,ach,healthcare,declined
T00005837,A000279,2025-11-29 07:03:00,39.57,debit,card,healthcare,posted
T00005838,A000279,2025-10-08 10:38:00,28.16,debit,card,travel,posted
T00005839,A000279,2025-09-01 21:42:00,20.86,debit,p2p,travel,posted
T00005840,A000279,2025-09-10 22:13:00,2402.1,credit,ach,,posted
T00005841,A000279,2025-08-30 10:29:00,1943.97,credit,ach,,posted
T00005842,A000279,2025-11-23 15:53:00,69.37,debit,card,utilities,posted
T00005843,A000279,2025-10-24 09:47:00,28.38,debit,ach,dining,posted
T00005844,A000279,2025-08-26 11:51:00,68.42,debit,atm,grocery,posted
T00005845,A000279,2025-09-07 12:51:00,79.85,debit,card,utilities,declined
T00005846,A000279,2025-12-11 09:23:00,212.7,debit,p2p,grocery,posted
T00005847,A000279,2025-10-25 17:43:00,50.43,debit,card,fuel,posted
T00005848,A000279,2025-11-27 11:02:00,32.56,debit,card,healthcare,posted
T00005849,A000279,2025-08-26 23:00:00,2424.28,credit,ach,,posted
T00005850,A000279,2025-09-08 16:53:00,31.99,debit,ach,utilities,posted
T00005851,A000279,2025-12-02 01:24:00,124.09,debit,p2p,grocery,posted
T00005852,A000279,2025-08-27 18:52:00,44.96,debit,atm,travel,posted
T00005853,A000279,2025-09-03 06:37:00,150.68,debit,card,grocery,declined
T00005854,A000279,2025-08-08 17:55:00,947.4,credit,ach,,posted
T00005855,A000279,2025-09-27 04:47:00,2396.27,credit,ach,,posted
T00005856,A000279,2025-10-28 12:49:00,2499.37,credit,ach,,posted
T00005857,A000279,2025-11-14 12:04:00,79.5,debit,p2p,fuel,posted
T00005858,A000279,2025-11-25 11:57:00,170.89,debit,ach,travel,posted
T00005859,A000279,2025-11-06 13:20:00,1910.12,credit,ach,,posted
T00005860,A000279,2025-12-04 11:29:00,59.46,debit,card,dining,posted
T00005861,A000280,2025-12-14 11:03:00,1568.8,credit,ach,,posted
T00005862,A000280,2025-05-19 12:52:00,4.48,debit,card,online_retail,posted
T00005863,A000280,2025-07-25 02:42:00,16.98,debit,atm,online_retail,posted
T00005864,A000280,2025-07-31 12:34:00,25.76,debit,atm,utilities,posted
T00005865,A000280,2025-12-21 03:17:00,2267.6,credit,ach,,posted
T00005866,A000280,2025-05-17 00:53:00,29.38,debit,p2p,utilities,posted
T00005867,A000280,2025-06-09 00:48:00,33.65,debit,card,fuel,posted
T00005868,A000280,2025-11-17 21:43:00,13.26,debit,card,fuel,posted
T00005869,A000280,2025-07-08 23:15:00,10.09,debit,card,entertainment,posted
T00005870,A000280,2025-08-18 14:34:00,104.04,debit,card,healthcare,posted
T00005871,A000280,2025-11-19 08:31:00,18.71,debit,card,utilities,posted
T00005872,A000280,2025-10-10 02:18:00,1881.66,credit,ach,,posted
T00005873,A000280,2025-11-04 12:58:00,11.66,debit,atm,online_retail,posted
T00005874,A000280,2025-11-05 16:03:00,33.42,debit,card,entertainment,posted
T00005875,A000280,2025-11-08 06:07:00,181.41,debit,p2p,fuel,posted
T00005876,A000280,2025-09-18 01:42:00,19.98,debit,p2p,online_retail,posted
T00005877,A000280,2025-11-02 06:40:00,16.57,debit,atm,utilities,posted
T00005878,A000280,2025-10-03 09:11:00,12.5,debit,card,online_retail,posted
T00005879,A000280,2025-06-01 15:55:00,139.32,debit,card,entertainment,posted
T00005880,A000280,2025-06-02 01:27:00,25.58,debit,atm,entertainment,posted
T00005881,A000281,2025-10-24 07:05:00,53.5,debit,card,entertainment,posted
T00005882,A000281,2025-09-14 23:38:00,53.45,debit,p2p,healthcare,posted
T00005883,A000281,2025-09-06 00:39:00,7.7,debit,card,dining,posted
T00005884,A000281,2025-10-19 05:35:00,276.54,debit,ach,online_retail,posted
T00005885,A000281,2025-08-15 07:23:00,11.18,debit,card,travel,declined
T00005886,A000281,2025-11-22 12:12:00,1416.48,credit,ach,,posted
T00005887,A000281,2025-07-03 16:40:00,47.59,debit,ach,online_retail,posted
T00005888,A000281,2025-10-16 13:13:00,21.49,debit,p2p,healthcare,posted
T00005889,A000281,2025-11-16 21:10:00,1956.17,credit,ach,,posted
T00005890,A000281,2025-10-22 18:42:00,3208.15,credit,ach,,posted
T00005891,A000281,2025-07-30 01:00:00,3415.84,credit,ach,,posted
T00005892,A000281,2025-11-15 22:45:00,29.51,debit,card,utilities,posted
T00005893,A000281,2025-11-03 03:46:00,6.43,debit,card,utilities,declined
T00005894,A000281,2025-10-16 07:58:00,2627.9,credit,ach,,posted
T00005895,A000281,2025-07-16 14:46:00,85.99,debit,card,utilities,posted
T00005896,A000281,2025-10-26 21:40:00,6.49,debit,ach,entertainment,posted
T00005897,A000281,2025-10-02 14:42:00,523.68,credit,ach,,posted
T00005898,A000281,2025-07-13 01:58:00,19.76,debit,card,online_retail,posted
T00005899,A000281,2025-08-04 03:30:00,11.92,debit,p2p,grocery,posted
T00005900,A000281,2025-06-14 00:48:00,3391.57,credit,ach,,posted
T00005901,A000281,2025-06-14 21:40:00,911.01,credit,ach,,posted
T00005902,A000281,2025-10-27 00:16:00,97.73,debit,card,online_retail,posted
T00005903,A000281,2025-10-19 23:56:00,1024.98,credit,ach,,posted
T00005904,A000281,2025-07-06 08:18:00,2069.01,credit,ach,,posted
T00005905,A000281,2025-08-11 10:24:00,3060.01,credit,ach,,posted
T00005906,A000281,2025-08-17 13:35:00,82.08,debit,card,travel,posted
T00005907,A000281,2025-08-22 19:48:00,32.37,debit,atm,dining,posted
T00005908,A000281,2025-09-25 23:44:00,1147.93,credit,ach,,posted
T00005909,A000281,2025-12-08 00:55:00,22.91,debit,p2p,entertainment,posted
T00005910,A000281,2025-12-21 18:24:00,10.15,debit,ach,dining,posted
T00005911,A000281,2025-10-23 18:55:00,3009.88,credit,ach,,posted
T00005912,A000281,2025-09-22 21:01:00,33.48,debit,atm,healthcare,posted
T00005913,A000281,2025-12-18 09:59:00,14.7,debit,ach,entertainment,posted
T00005914,A000281,2025-08-19 19:58:00,32.08,debit,atm,grocery,posted
T00005915,A000281,2025-09-25 10:02:00,27.79,debit,atm,travel,posted
T00005916,A000282,2025-08-02 18:15:00,150.35,debit,atm,fuel,posted
T00005917,A000282,2025-10-27 16:25:00,28.25,debit,atm,online_retail,posted
T00005918,A000282,2025-09-17 00:47:00,25.47,debit,ach,travel,posted
T00005919,A000282,2025-08-08 06:00:00,34.56,debit,p2p,fuel,posted
T00005920,A000282,2025-10-14 16:56:00,1075.36,credit,ach,,posted
T00005921,A000282,2025-11-26 05:37:00,10.16,debit,ach,healthcare,posted
T00005922,A000282,2025-07-31 01:32:00,38.52,debit,atm,grocery,posted
T00005923,A000282,2025-07-24 21:42:00,22.91,debit,card,utilities,posted
T00005924,A000282,2025-10-28 15:19:00,26.64,debit,card,healthcare,posted
T00005925,A000282,2025-07-04 22:28:00,7.38,debit,atm,online_retail,posted
T00005926,A000282,2025-09-10 07:16:00,1807.81,credit,ach,,posted
T00005927,A000282,2025-12-08 01:39:00,28.09,debit,atm,healthcare,declined
T00005928,A000282,2025-07-21 08:00:00,20.7,debit,ach,grocery,posted
T00005929,A000282,2025-12-05 07:09:00,7.45,debit,ach,entertainment,posted
T00005930,A000282,2025-11-26 19:04:00,18.21,debit,p2p,fuel,posted
T00005931,A000282,2025-06-17 15:51:00,2305.01,credit,ach,,posted
T00005932,A000282,2025-11-24 00:09:00,1348.03,credit,ach,,reversed
T00005933,A000282,2025-11-02 20:25:00,622.31,credit,ach,,posted
T00005934,A000282,2025-09-12 03:55:00,13.15,debit,card,entertainment,posted
T00005935,A000282,2025-08-10 02:17:00,109.71,debit,card,dining,posted
T00005936,A000283,2025-02-18 06:59:00,25.74,debit,card,dining,posted
T00005937,A000283,2025-05-13 12:12:00,1187.39,credit,ach,,posted
T00005938,A000283,2025-07-04 13:45:00,27.78,debit,ach,utilities,posted
T00005939,A000283,2025-03-30 05:57:00,22.6,debit,ach,grocery,posted
T00005940,A000283,2025-09-13 13:39:00,364.91,debit,ach,entertainment,posted
T00005941,A000283,2024-12-04 06:16:00,3288.65,credit,ach,,posted
T00005942,A000283,2025-12-27 08:35:00,13.08,debit,atm,online_retail,posted
T00005943,A000283,2024-10-27 18:01:00,14.84,debit,card,utilities,posted
T00005944,A000283,2025-04-26 06:38:00,2988.93,credit,ach,,posted
T00005945,A000283,2025-05-09 11:06:00,53.85,debit,card,healthcare,posted
T00005946,A000283,2025-11-17 08:48:00,2307.56,credit,ach,,posted
T00005947,A000283,2025-10-14 00:46:00,49.2,debit,p2p,dining,reversed
T00005948,A000283,2025-12-28 06:15:00,53.2,debit,card,healthcare,posted
T00005949,A000283,2025-08-09 07:08:00,26.04,debit,card,dining,declined
T00005950,A000283,2025-12-30 19:10:00,80.86,debit,card,healthcare,posted
T00005951,A000283,2025-02-14 17:07:00,44.14,debit,card,healthcare,posted
T00005952,A000284,2025-12-18 14:25:00,3003.55,credit,ach,,posted
T00005953,A000284,2025-12-17 19:51:00,2153.22,credit,ach,,posted
T00005954,A000284,2025-09-21 07:14:00,73.79,debit,card,travel,posted
T00005955,A000284,2025-09-04 11:15:00,3.25,debit,ach,fuel,posted
T00005956,A000284,2025-11-12 22:53:00,173.39,debit,atm,grocery,posted
T00005957,A000284,2025-09-09 08:50:00,32.29,debit,ach,fuel,posted
T00005958,A000284,2025-12-29 05:04:00,13.58,debit,p2p,fuel,posted
T00005959,A000284,2025-09-07 12:12:00,43.43,debit,card,entertainment,posted
T00005960,A000284,2025-09-19 22:10:00,986.69,credit,ach,,posted
T00005961,A000284,2025-09-23 13:12:00,16.04,debit,card,online_retail,posted
T00005962,A000285,2025-08-15 04:59:00,28.89,debit,card,entertainment,posted
T00005963,A000285,2025-02-24 08:16:00,60.66,debit,card,travel,posted
T00005964,A000285,2025-04-01 00:22:00,9.17,debit,ach,online_retail,posted
T00005965,A000285,2025-08-19 06:11:00,45.13,debit,card,travel,posted
T00005966,A000285,2025-08-31 03:36:00,2.06,debit,p2p,entertainment,posted
T00005967,A000285,2025-07-06 15:08:00,222.2,debit,atm,entertainment,posted
T00005968,A000285,2025-09-28 13:11:00,49.8,debit,ach,fuel,posted
T00005969,A000285,2025-07-24 06:42:00,29.65,debit,p2p,utilities,posted
T00005970,A000285,2025-10-22 05:18:00,39.11,debit,card,online_retail,posted
T00005971,A000285,2025-11-13 21:43:00,1629.53,credit,ach,,posted
T00005972,A000285,2025-04-30 23:03:00,36.87,debit,card,grocery,posted
T00005973,A000285,2025-11-05 00:38:00,75.41,debit,card,fuel,posted
T00005974,A000285,2025-04-20 00:41:00,65.92,debit,card,online_retail,posted
T00005975,A000285,2025-10-30 18:05:00,3054.15,credit,ach,,posted
T00005976,A000285,2025-12-15 04:37:00,39.07,debit,card,grocery,posted
T00005977,A000285,2025-05-17 05:30:00,21.24,debit,p2p,travel,posted
T00005978,A000285,2025-12-31 22:51:00,19.25,debit,ach,grocery,posted
T00005979,A000285,2025-05-19 09:03:00,104.22,debit,atm,grocery,posted
T00005980,A000285,2025-10-25 17:06:00,24.37,debit,card,healthcare,posted
T00005981,A000285,2025-11-09 17:50:00,63.98,debit,atm,grocery,posted
T00005982,A000285,2025-04-21 11:05:00,26.26,debit,card,grocery,declined
T00005983,A000285,2025-12-16 19:45:00,71.56,debit,card,dining,posted
T00005984,A000285,2025-04-18 11:37:00,17.35,debit,p2p,entertainment,posted
T00005985,A000286,2025-12-26 19:43:00,230.43,debit,card,online_retail,posted
T00005986,A000286,2025-12-28 16:17:00,3.98,debit,atm,fuel,declined
T00005987,A000286,2025-12-29 17:58:00,42.04,debit,card,fuel,posted
T00005988,A000286,2025-12-25 21:39:00,161.83,debit,ach,dining,posted
T00005989,A000286,2025-12-24 14:42:00,32.92,debit,card,dining,posted
T00005990,A000286,2025-12-16 07:23:00,1905.64,credit,ach,,posted
T00005991,A000286,2025-12-26 19:09:00,3767.05,credit,ach,,posted
T00005992,A000286,2025-12-23 00:21:00,11.66,debit,atm,healthcare,posted
T00005993,A000286,2025-12-18 21:41:00,13.52,debit,ach,dining,posted
T00005994,A000286,2025-12-24 04:54:00,135.11,debit,p2p,online_retail,posted
T00005995,A000286,2025-12-18 19:09:00,18.3,debit,card,dining,posted
T00005996,A000286,2025-12-22 12:41:00,22.66,debit,card,dining,posted
T00005997,A000286,2025-12-29 08:01:00,133.99,debit,p2p,grocery,posted
T00005998,A000287,2025-11-07 13:15:00,15.83,debit,card,online_retail,posted
T00005999,A000287,2025-12-09 19:40:00,7.05,debit,p2p,online_retail,posted
T00006000,A000287,2025-11-11 14:38:00,1497.5,credit,ach,,posted
T00006001,A000287,2025-12-14 17:57:00,12.26,debit,card,travel,posted
T00006002,A000287,2025-11-25 19:17:00,663.4,credit,ach,,posted
T00006003,A000287,2025-11-09 00:26:00,22.85,debit,p2p,travel,posted
T00006004,A000287,2025-11-19 02:25:00,68.1,debit,atm,travel,posted
T00006005,A000287,2025-12-05 11:00:00,117.01,debit,atm,healthcare,posted
T00006006,A000287,2025-12-10 03:03:00,6.86,debit,ach,healthcare,posted
T00006007,A000287,2025-11-08 10:38:00,3436.05,credit,ach,,posted
T00006008,A000287,2025-11-28 06:46:00,40.87,debit,card,travel,posted
T00006009,A000288,2025-12-27 11:55:00,21.76,debit,card,utilities,posted
T00006010,A000288,2025-11-21 08:58:00,35.99,debit,ach,dining,posted
T00006011,A000288,2025-12-31 12:45:00,20.55,debit,p2p,entertainment,posted
T00006012,A000288,2025-11-17 00:31:00,35.9,debit,ach,fuel,posted
T00006013,A000288,2025-11-12 10:21:00,35.98,debit,atm,dining,posted
T00006014,A000288,2025-12-16 14:26:00,1769.11,credit,ach,,posted
T00006015,A000288,2025-10-24 14:32:00,21.33,debit,ach,healthcare,posted
T00006016,A000288,2025-10-23 01:16:00,20.54,debit,ach,online_retail,posted
T00006017,A000288,2025-11-13 10:16:00,22.92,debit,ach,online_retail,posted
T00006018,A000288,2025-12-10 02:16:00,48.02,debit,atm,grocery,posted
T00006019,A000289,2025-06-15 18:27:00,3102.39,credit,ach,,posted
T00006020,A000289,2025-03-04 13:22:00,3661.42,credit,ach,,posted
T00006021,A000289,2025-04-28 18:56:00,57.22,debit,ach,healthcare,posted
T00006022,A000289,2025-09-12 11:44:00,1398.66,credit,ach,,posted
T00006023,A000289,2025-01-14 07:06:00,79.85,debit,p2p,entertainment,posted
T00006024,A000289,2025-07-03 17:04:00,958.37,credit,ach,,posted
T00006025,A000289,2025-02-05 15:28:00,28.1,debit,atm,healthcare,posted
T00006026,A000289,2025-01-31 03:36:00,1011.94,credit,ach,,posted
T00006027,A000289,2025-08-09 13:10:00,3677.3,credit,ach,,posted
T00006028,A000289,2025-07-09 05:57:00,26.7,debit,card,travel,posted
T00006029,A000289,2025-08-17 03:12:00,37.0,debit,atm,fuel,posted
T00006030,A000289,2025-02-05 01:10:00,83.23,debit,card,healthcare,posted
T00006031,A000289,2025-06-14 00:49:00,46.23,debit,atm,online_retail,posted
T00006032,A000289,2025-03-05 02:21:00,51.08,debit,ach,fuel,declined
T00006033,A000289,2025-10-18 14:21:00,872.74,credit,ach,,posted
T00006034,A000289,2025-10-11 07:15:00,37.37,debit,card,healthcare,posted
T00006035,A000289,2025-09-30 14:48:00,1843.99,credit,ach,,posted
T00006036,A000289,2025-04-24 22:03:00,964.01,credit,ach,,posted
T00006037,A000289,2025-10-16 22:50:00,31.07,debit,card,dining,posted
T00006038,A000289,2025-06-27 10:31:00,170.76,debit,card,online_retail,posted
T00006039,A000289,2025-03-01 17:34:00,3606.39,credit,ach,,posted
T00006040,A000289,2025-01-14 20:04:00,81.37,debit,card,utilities,reversed
T00006041,A000289,2025-07-01 20:23:00,24.0,debit,ach,entertainment,posted
T00006042,A000289,2025-02-28 15:07:00,10.72,debit,card,entertainment,posted
T00006043,A000290,2025-12-02 14:21:00,52.38,debit,card,grocery,posted
T00006044,A000290,2025-08-10 09:11:00,3887.68,credit,ach,,posted
T00006045,A000290,2025-10-05 12:19:00,1260.22,credit,ach,,posted
T00006046,A000290,2025-12-29 22:22:00,136.18,debit,ach,fuel,posted
T00006047,A000290,2025-07-10 02:20:00,3960.29,credit,ach,,posted
T00006048,A000290,2025-06-26 19:59:00,84.51,debit,card,fuel,posted
T00006049,A000290,2025-12-23 22:50:00,3205.84,credit,ach,,posted
T00006050,A000290,2025-12-18 07:04:00,640.43,credit,ach,,posted
T00006051,A000290,2025-07-01 21:49:00,20.27,debit,ach,healthcare,posted
T00006052,A000290,2025-10-04 22:22:00,1200.83,credit,ach,,posted
T00006053,A000290,2025-09-23 06:30:00,12.06,debit,atm,travel,posted
T00006054,A000290,2025-08-09 23:38:00,1691.87,credit,ach,,posted
T00006055,A000291,2025-11-22 16:34:00,140.75,debit,ach,healthcare,posted
T00006056,A000291,2025-12-05 12:20:00,890.98,debit,card,dining,posted
T00006057,A000291,2025-11-20 02:10:00,67.2,debit,card,utilities,posted
T00006058,A000291,2025-12-12 22:43:00,18.37,debit,card,entertainment,posted
T00006059,A000291,2025-11-12 17:10:00,1247.19,credit,ach,,posted
T00006060,A000291,2025-12-18 08:40:00,17.09,debit,atm,utilities,posted
T00006061,A000291,2025-12-08 11:50:00,325.4,debit,atm,utilities,posted
T00006062,A000291,2025-11-26 02:44:00,11.74,debit,card,dining,posted
T00006063,A000291,2025-11-29 22:03:00,3.37,debit,card,utilities,posted
T00006064,A000291,2025-12-09 04:28:00,17.8,debit,card,travel,posted
T00006065,A000291,2025-11-27 10:16:00,246.07,debit,card,online_retail,posted
T00006066,A000291,2025-12-24 03:53:00,1104.77,credit,ach,,declined
T00006067,A000291,2025-12-27 13:50:00,67.64,debit,card,entertainment,posted
T00006068,A000291,2025-11-20 19:39:00,12.78,debit,card,grocery,posted
T00006069,A000291,2025-11-26 06:36:00,2597.81,credit,ach,,posted
T00006070,A000291,2025-12-25 20:37:00,36.59,debit,atm,dining,posted
T00006071,A000291,2025-12-21 06:56:00,19.06,debit,p2p,utilities,posted
T00006072,A000291,2025-11-25 10:00:00,26.79,debit,card,dining,posted
T00006073,A000291,2025-11-13 14:32:00,117.4,debit,card,dining,posted
T00006074,A000291,2025-12-20 12:59:00,2117.14,credit,ach,,posted
T00006075,A000291,2025-11-24 07:52:00,17.79,debit,card,dining,posted
T00006076,A000291,2025-12-29 08:37:00,15.33,debit,card,utilities,posted
T00006077,A000291,2025-12-22 06:15:00,21.59,debit,card,dining,posted
T00006078,A000291,2025-11-14 04:04:00,55.0,debit,p2p,dining,posted
T00006079,A000292,2025-06-20 11:56:00,5.54,debit,p2p,travel,posted
T00006080,A000292,2025-10-29 22:09:00,5.07,debit,card,utilities,posted
T00006081,A000292,2025-12-31 15:27:00,78.54,debit,atm,healthcare,posted
T00006082,A000292,2025-07-28 22:35:00,1076.22,credit,ach,,posted
T00006083,A000292,2025-09-29 09:03:00,32.1,debit,card,healthcare,posted
T00006084,A000292,2025-11-24 19:22:00,52.5,debit,card,online_retail,posted
T00006085,A000292,2025-07-25 01:07:00,1276.12,credit,ach,,posted
T00006086,A000292,2025-07-27 13:46:00,28.35,debit,card,healthcare,posted
T00006087,A000292,2025-08-30 13:19:00,19.23,debit,p2p,fuel,posted
T00006088,A000292,2025-06-25 19:46:00,78.49,debit,card,online_retail,posted
T00006089,A000292,2025-08-04 05:06:00,105.02,debit,p2p,online_retail,posted
T00006090,A000292,2025-09-05 10:00:00,3383.28,credit,ach,,posted
T00006091,A000292,2025-12-28 11:00:00,34.8,debit,ach,grocery,posted
T00006092,A000293,2025-09-26 16:18:00,950.53,debit,p2p,fuel,posted
T00006093,A000293,2025-12-03 17:40:00,130.86,debit,ach,grocery,posted
T00006094,A000293,2025-08-16 20:43:00,14.33,debit,card,travel,posted
T00006095,A000293,2025-06-19 21:13:00,2.74,debit,card,healthcare,posted
T00006096,A000293,2025-12-30 07:41:00,30.54,debit,card,fuel,posted
T00006097,A000293,2025-05-17 21:56:00,47.65,debit,card,entertainment,posted
T00006098,A000293,2025-07-03 19:58:00,75.51,debit,card,grocery,posted
T00006099,A000293,2025-09-13 11:37:00,1718.25,credit,ach,,posted
T00006100,A000293,2025-11-11 11:55:00,84.0,debit,ach,utilities,posted
T00006101,A000293,2025-07-23 03:49:00,98.0,debit,atm,entertainment,posted
T00006102,A000293,2025-09-30 11:54:00,100.42,debit,card,dining,posted
T00006103,A000293,2025-06-26 14:40:00,37.74,debit,card,utilities,posted
T00006104,A000293,2025-12-08 12:44:00,540.13,credit,ach,,posted
T00006105,A000293,2025-12-30 18:19:00,43.34,debit,card,online_retail,posted
T00006106,A000294,2025-12-29 09:08:00,113.33,debit,ach,utilities,posted
T00006107,A000294,2025-12-26 07:49:00,74.27,debit,card,healthcare,posted
T00006108,A000294,2025-12-28 03:24:00,19.91,debit,atm,dining,posted
T00006109,A000294,2025-12-27 16:23:00,5.37,debit,card,dining,posted
T00006110,A000294,2025-12-22 13:33:00,32.49,debit,ach,travel,posted
T00006111,A000294,2025-12-24 05:20:00,928.96,credit,ach,,posted
T00006112,A000294,2025-12-23 21:59:00,37.41,debit,card,utilities,posted
T00006113,A000294,2025-12-22 08:04:00,814.11,credit,ach,,posted
T00006114,A000294,2025-12-22 20:29:00,27.48,debit,card,online_retail,posted
T00006115,A000294,2025-12-30 13:06:00,79.36,debit,card,travel,posted
T00006116,A000294,2025-12-21 05:47:00,1401.44,credit,ach,,posted
T00006117,A000294,2025-12-29 04:16:00,31.87,debit,card,entertainment,posted
T00006118,A000294,2025-12-23 14:33:00,24.01,debit,card,healthcare,posted
T00006119,A000294,2025-12-23 10:17:00,1583.57,credit,ach,,posted
T00006120,A000294,2025-12-23 12:39:00,116.68,debit,atm,utilities,posted
T00006121,A000294,2025-12-27 19:40:00,3517.05,credit,ach,,posted
T00006122,A000295,2025-09-16 14:09:00,3138.61,credit,ach,,posted
T00006123,A000295,2025-01-26 23:59:00,29.67,debit,ach,travel,posted
T00006124,A000295,2025-05-01 23:17:00,450.29,debit,card,fuel,posted
T00006125,A000295,2025-10-28 00:44:00,2297.59,credit,ach,,reversed
T00006126,A000295,2025-06-15 22:54:00,124.16,debit,card,healthcare,posted
T00006127,A000295,2025-10-31 12:35:00,55.45,debit,card,dining,posted
T00006128,A000295,2025-11-10 09:51:00,41.76,debit,ach,online_retail,posted
T00006129,A000295,2025-03-28 15:40:00,20.69,debit,ach,grocery,posted
T00006130,A000295,2025-12-27 04:15:00,11.4,debit,card,healthcare,posted
T00006131,A000295,2025-12-07 17:08:00,23.02,debit,card,grocery,posted
T00006132,A000295,2025-02-12 05:10:00,2299.08,credit,ach,,posted
T00006133,A000295,2025-10-13 00:13:00,17.02,debit,card,fuel,posted
T00006134,A000295,2025-02-12 07:10:00,17.54,debit,card,dining,posted
T00006135,A000295,2025-06-16 01:33:00,2337.64,credit,ach,,posted
T00006136,A000295,2025-01-08 08:48:00,46.93,debit,atm,fuel,reversed
T00006137,A000295,2025-02-20 06:43:00,9.16,debit,atm,utilities,posted
T00006138,A000296,2025-09-19 19:37:00,7.68,debit,card,healthcare,posted
T00006139,A000296,2025-12-30 03:15:00,22.78,debit,card,fuel,posted
T00006140,A000296,2025-10-07 11:42:00,17.92,debit,card,entertainment,posted
T00006141,A000296,2025-09-10 08:33:00,239.21,debit,ach,utilities,posted
T00006142,A000296,2025-09-25 05:42:00,58.74,debit,card,travel,posted
T00006143,A000296,2025-11-08 11:41:00,1242.08,credit,ach,,declined
T00006144,A000296,2025-12-20 08:54:00,3069.77,credit,ach,,posted
T00006145,A000296,2025-12-26 01:25:00,9.93,debit,ach,entertainment,posted
T00006146,A000296,2025-10-29 23:42:00,19.8,debit,ach,dining,posted
T00006147,A000296,2025-12-29 23:20:00,18.29,debit,card,travel,posted
T00006148,A000296,2025-11-18 01:11:00,3031.78,credit,ach,,reversed
T00006149,A000296,2025-11-18 09:50:00,15.91,debit,card,entertainment,posted
T00006150,A000296,2025-09-17 19:10:00,78.25,debit,card,grocery,posted
T00006151,A000296,2025-11-23 12:09:00,41.75,debit,card,fuel,posted
T00006152,A000296,2025-10-15 13:07:00,30.06,debit,ach,grocery,posted
T00006153,A000296,2025-10-31 10:40:00,60.88,debit,card,entertainment,posted
T00006154,A000296,2025-09-18 01:56:00,527.9,debit,card,grocery,posted
T00006155,A000296,2025-11-05 03:44:00,52.27,debit,atm,grocery,posted
T00006156,A000296,2025-12-16 05:18:00,38.48,debit,atm,grocery,declined
T00006157,A000296,2025-09-05 17:13:00,922.31,credit,ach,,posted
T00006158,A000296,2025-12-16 03:49:00,11.97,debit,card,travel,posted
T00006159,A000296,2025-12-20 07:32:00,24.96,debit,card,entertainment,posted
T00006160,A000296,2025-09-17 04:59:00,15.89,debit,card,dining,posted
T00006161,A000296,2025-11-12 15:44:00,130.96,debit,card,fuel,posted
T00006162,A000296,2025-11-25 18:08:00,32.01,debit,p2p,fuel,posted
T00006163,A000296,2025-10-04 22:42:00,36.08,debit,p2p,dining,posted
T00006164,A000296,2025-10-27 05:01:00,26.42,debit,ach,travel,posted
T00006165,A000296,2025-12-11 07:34:00,1856.27,credit,ach,,posted
T00006166,A000296,2025-11-16 08:34:00,70.31,debit,card,dining,posted
T00006167,A000296,2025-10-18 02:02:00,1419.53,credit,ach,,posted
T00006168,A000297,2025-08-01 10:56:00,33.36,debit,ach,fuel,posted
T00006169,A000297,2025-07-27 05:54:00,959.29,credit,ach,,posted
T00006170,A000297,2025-09-09 05:31:00,65.07,debit,atm,online_retail,posted
T00006171,A000297,2025-06-23 15:49:00,13.64,debit,card,dining,posted
T00006172,A000297,2025-08-17 07:34:00,2117.04,credit,ach,,posted
T00006173,A000297,2025-11-30 18:28:00,2042.63,credit,ach,,posted
T00006174,A000297,2025-10-04 16:44:00,96.92,debit,ach,utilities,posted
T00006175,A000297,2025-11-19 01:39:00,36.18,debit,atm,healthcare,posted
T00006176,A000297,2025-10-10 16:31:00,2932.62,credit,ach,,posted
T00006177,A000297,2025-08-21 05:39:00,826.76,credit,ach,,posted
T00006178,A000297,2025-11-19 06:24:00,9.71,debit,p2p,grocery,posted
T00006179,A000297,2025-09-27 02:05:00,6.83,debit,atm,entertainment,posted
T00006180,A000297,2025-12-21 03:53:00,8.08,debit,card,entertainment,posted
T00006181,A000297,2025-05-23 06:58:00,1612.01,credit,ach,,posted
T00006182,A000297,2025-06-02 19:12:00,2859.19,credit,ach,,posted
T00006183,A000297,2025-12-20 08:41:00,17.12,debit,card,utilities,posted
T00006184,A000298,2025-06-14 14:33:00,296.44,debit,card,utilities,posted
T00006185,A000298,2025-11-14 02:29:00,25.55,debit,ach,entertainment,posted
T00006186,A000298,2025-08-04 04:55:00,3201.44,credit,ach,,posted
T00006187,A000298,2025-11-20 13:38:00,72.36,debit,ach,dining,posted
T00006188,A000298,2025-05-30 10:46:00,156.33,debit,p2p,entertainment,posted
T00006189,A000298,2025-04-28 05:32:00,12.46,debit,card,dining,posted
T00006190,A000298,2025-11-23 02:02:00,3662.11,credit,ach,,posted
T00006191,A000298,2025-09-06 23:06:00,13.33,debit,p2p,utilities,posted
T00006192,A000298,2025-11-28 21:11:00,7.19,debit,card,fuel,posted
T00006193,A000298,2025-05-30 01:02:00,9.67,debit,card,fuel,posted
T00006194,A000298,2025-05-23 04:18:00,59.85,debit,ach,entertainment,posted
T00006195,A000298,2025-04-06 06:06:00,41.52,debit,p2p,travel,posted
T00006196,A000298,2025-11-22 11:05:00,1955.55,credit,ach,,posted
T00006197,A000298,2025-12-22 08:33:00,3078.72,credit,ach,,posted
T00006198,A000298,2025-10-04 15:36:00,19.43,debit,p2p,fuel,posted
T00006199,A000298,2025-08-10 19:47:00,13.72,debit,card,utilities,posted
T00006200,A000298,2025-10-16 17:18:00,8.53,debit,p2p,travel,posted
T00006201,A000298,2025-04-20 03:03:00,24.94,debit,ach,entertainment,posted
T00006202,A000298,2025-09-13 15:50:00,48.06,debit,card,online_retail,posted
T00006203,A000298,2025-05-23 21:10:00,11.82,debit,card,utilities,posted
T00006204,A000298,2025-09-27 10:40:00,2883.33,credit,ach,,posted
T00006205,A000298,2025-09-02 17:08:00,82.31,debit,ach,fuel,posted
T00006206,A000298,2025-10-02 14:42:00,13.34,debit,ach,travel,posted
T00006207,A000298,2025-10-15 13:11:00,22.69,debit,card,grocery,posted
T00006208,A000298,2025-11-17 23:08:00,3869.96,credit,ach,,posted
T00006209,A000298,2025-10-09 08:34:00,1899.88,credit,ach,,posted
T00006210,A000298,2025-09-22 09:16:00,3012.41,credit,ach,,posted
T00006211,A000298,2025-09-25 12:21:00,3400.66,credit,ach,,posted
T00006212,A000298,2025-08-14 17:19:00,2737.22,credit,ach,,posted
T00006213,A000298,2025-05-27 17:14:00,16.3,debit,card,dining,posted
T00006214,A000298,2025-08-24 16:40:00,27.35,debit,p2p,grocery,posted
T00006215,A000298,2025-07-31 12:02:00,126.68,debit,card,travel,posted
T00006216,A000298,2025-05-16 15:23:00,190.8,debit,card,online_retail,posted
T00006217,A000298,2025-05-02 08:28:00,14.47,debit,p2p,entertainment,posted
T00006218,A000298,2025-09-11 16:52:00,168.01,debit,atm,entertainment,reversed
T00006219,A000299,2025-11-24 02:27:00,34.02,debit,ach,online_retail,posted
T00006220,A000299,2025-09-18 17:48:00,37.67,debit,card,entertainment,posted
T00006221,A000299,2025-06-09 02:30:00,17.15,debit,ach,entertainment,posted
T00006222,A000299,2025-05-04 16:49:00,21.96,debit,atm,travel,posted
T00006223,A000299,2025-11-12 11:55:00,155.05,debit,card,entertainment,posted
T00006224,A000299,2025-07-11 02:04:00,20.48,debit,ach,entertainment,posted
T00006225,A000299,2025-05-15 20:22:00,16.48,debit,p2p,dining,posted
T00006226,A000299,2025-11-20 11:08:00,61.61,debit,card,online_retail,posted
T00006227,A000299,2025-06-23 03:27:00,129.49,debit,card,travel,posted
T00006228,A000299,2025-06-24 15:21:00,66.45,debit,p2p,travel,posted
T00006229,A000299,2025-06-20 07:41:00,2535.05,credit,ach,,posted
T00006230,A000299,2025-07-24 09:32:00,38.87,debit,atm,fuel,posted
T00006231,A000299,2025-12-20 12:27:00,12.14,debit,ach,dining,posted
T00006232,A000299,2025-04-29 00:09:00,67.14,debit,card,entertainment,posted
T00006233,A000299,2025-09-01 22:32:00,69.04,debit,p2p,dining,posted
T00006234,A000299,2025-12-29 04:31:00,68.67,debit,card,utilities,posted
T00006235,A000299,2025-06-04 11:03:00,40.39,debit,card,online_retail,posted
T00006236,A000299,2025-07-16 18:57:00,2184.02,credit,ach,,declined
T00006237,A000299,2025-08-20 12:47:00,15.02,debit,card,travel,posted
T00006238,A000299,2025-04-30 03:52:00,78.35,debit,atm,grocery,posted
T00006239,A000299,2025-08-20 09:19:00,36.44,debit,p2p,healthcare,posted
T00006240,A000299,2025-05-23 15:47:00,24.17,debit,card,dining,posted
T00006241,A000299,2025-12-25 06:14:00,1616.0,credit,ach,,posted
T00006242,A000299,2025-07-02 19:31:00,8.71,debit,card,grocery,posted
T00006243,A000299,2025-12-27 20:14:00,8.07,debit,ach,healthcare,posted
T00006244,A000299,2025-09-18 17:11:00,5.01,debit,atm,travel,declined
T00006245,A000299,2025-05-27 14:33:00,9.66,debit,atm,healthcare,posted
T00006246,A000299,2025-07-25 11:58:00,5.48,debit,atm,dining,posted
T00006247,A000299,2025-10-14 18:45:00,15.08,debit,card,online_retail,posted
T00006248,A000299,2025-04-25 02:49:00,19.33,debit,ach,grocery,posted
T00006249,A000299,2025-12-26 19:55:00,9.04,debit,p2p,dining,posted
T00006250,A000299,2025-05-31 02:00:00,2739.63,credit,ach,,posted
T00006251,A000299,2025-09-10 21:30:00,2082.14,credit,ach,,posted
T00006252,A000299,2025-10-31 20:27:00,1508.12,credit,ach,,posted
T00006253,A000299,2025-05-30 03:51:00,8.59,debit,ach,entertainment,posted
T00006254,A000299,2025-05-14 01:57:00,1495.45,credit,ach,,posted
T00006255,A000299,2025-07-09 05:22:00,19.86,debit,atm,healthcare,posted
T00006256,A000300,2025-07-06 19:03:00,118.28,debit,card,dining,posted
T00006257,A000300,2025-05-29 11:55:00,5.33,debit,p2p,travel,posted
T00006258,A000300,2025-12-17 20:26:00,97.21,debit,card,healthcare,posted
T00006259,A000300,2025-10-04 20:31:00,1341.18,credit,ach,,posted
T00006260,A000300,2025-12-10 23:12:00,56.64,debit,atm,online_retail,posted
T00006261,A000300,2025-08-26 20:08:00,2126.26,credit,ach,,posted
T00006262,A000300,2025-08-11 16:12:00,59.15,debit,card,entertainment,posted
T00006263,A000300,2025-07-07 11:21:00,1051.67,credit,ach,,posted
T00006264,A000300,2025-08-11 06:35:00,2938.64,credit,ach,,posted
T00006265,A000300,2025-12-15 05:55:00,704.34,credit,ach,,posted
T00006266,A000300,2025-07-17 09:33:00,1324.72,credit,ach,,posted
T00006267,A000300,2025-11-30 04:57:00,104.84,debit,ach,entertainment,posted
T00006268,A000300,2025-12-10 00:15:00,11.71,debit,card,grocery,posted
T00006269,A000300,2025-09-28 03:54:00,3656.35,credit,ach,,posted
T00006270,A000300,2025-05-30 08:48:00,15.48,debit,card,grocery,posted
T00006271,A000300,2025-10-22 07:52:00,188.9,debit,atm,grocery,posted
T00006272,A000302,2025-10-05 12:32:00,35.63,debit,p2p,utilities,posted
T00006273,A000302,2025-09-01 05:54:00,24.76,debit,card,online_retail,posted
T00006274,A000302,2025-12-17 09:19:00,43.63,debit,card,grocery,posted
T00006275,A000302,2025-07-27 04:51:00,253.59,debit,card,utilities,posted
T00006276,A000302,2025-07-21 05:05:00,24.37,debit,card,utilities,posted
T00006277,A000302,2025-09-27 02:44:00,159.88,debit,atm,travel,posted
T00006278,A000302,2025-09-28 15:28:00,13.84,debit,card,travel,posted
T00006279,A000302,2025-12-03 06:24:00,1301.64,credit,ach,,posted
T00006280,A000302,2025-10-07 10:40:00,13.37,debit,atm,utilities,posted
T00006281,A000302,2025-10-01 20:27:00,3556.47,credit,ach,,posted
T00006282,A000302,2025-09-23 10:34:00,27.56,debit,atm,healthcare,posted
T00006283,A000302,2025-11-10 18:04:00,56.06,debit,ach,travel,posted
T00006284,A000302,2025-11-14 07:45:00,33.98,debit,p2p,dining,posted
T00006285,A000302,2025-11-22 21:44:00,3.08,debit,p2p,travel,posted
T00006286,A000302,2025-10-01 13:07:00,30.87,debit,ach,dining,posted
T00006287,A000302,2025-12-04 11:49:00,42.33,debit,p2p,healthcare,posted
T00006288,A000302,2025-11-06 12:56:00,1802.8,credit,ach,,posted
T00006289,A000302,2025-06-11 02:31:00,2259.79,credit,ach,,posted
T00006290,A000302,2025-11-02 14:57:00,777.17,credit,ach,,posted
T00006291,A000302,2025-09-18 16:13:00,21.86,debit,atm,utilities,posted
T00006292,A000302,2025-09-11 01:23:00,16.24,debit,ach,healthcare,posted
T00006293,A000302,2025-08-30 08:15:00,12.14,debit,p2p,fuel,posted
T00006294,A000302,2025-12-19 02:38:00,17.65,debit,p2p,grocery,posted
T00006295,A000302,2025-11-21 07:11:00,155.85,debit,card,online_retail,declined
T00006296,A000302,2025-09-05 19:53:00,3784.16,credit,ach,,posted
T00006297,A000302,2025-06-13 06:55:00,75.1,debit,atm,grocery,posted
T00006298,A000302,2025-12-03 08:51:00,3897.31,credit,ach,,posted
T00006299,A000302,2025-07-09 02:47:00,2789.14,credit,ach,,posted
T00006300,A000302,2025-09-13 06:49:00,94.54,debit,ach,entertainment,posted
T00006301,A000302,2025-11-17 02:36:00,49.27,debit,card,grocery,posted
T00006302,A000302,2025-08-20 09:23:00,17.46,debit,p2p,entertainment,posted
T00006303,A000302,2025-12-31 03:15:00,13.72,debit,ach,healthcare,posted
T00006304,A000302,2025-10-05 03:41:00,91.06,debit,atm,utilities,posted
T00006305,A000302,2025-10-22 22:07:00,1534.52,credit,ach,,posted
T00006306,A000302,2025-08-02 19:18:00,6.77,debit,card,grocery,posted
T00006307,A000302,2025-09-24 17:54:00,238.87,debit,p2p,utilities,posted
T00006308,A000302,2025-08-20 01:11:00,2052.19,credit,ach,,posted
T00006309,A000302,2025-09-08 21:00:00,2439.03,credit,ach,,posted
T00006310,A000303,2025-10-21 04:21:00,2567.2,credit,ach,,posted
T00006311,A000303,2025-07-10 08:57:00,28.61,debit,card,dining,posted
T00006312,A000303,2025-02-18 17:12:00,1230.09,credit,ach,,posted
T00006313,A000303,2025-05-28 23:31:00,2890.12,credit,ach,,posted
T00006314,A000303,2025-05-11 10:28:00,16.44,debit,card,online_retail,posted
T00006315,A000303,2025-06-27 18:54:00,23.04,debit,p2p,travel,posted
T00006316,A000303,2025-08-04 07:21:00,3849.91,credit,ach,,posted
T00006317,A000303,2025-10-01 08:41:00,39.18,debit,p2p,utilities,posted
T00006318,A000303,2025-04-12 07:59:00,32.06,debit,ach,online_retail,posted
T00006319,A000303,2025-05-19 02:54:00,42.89,debit,atm,grocery,posted
T00006320,A000303,2025-07-21 00:40:00,2816.05,credit,ach,,posted
T00006321,A000303,2025-03-11 06:14:00,41.05,debit,p2p,utilities,posted
T00006322,A000303,2025-06-02 11:53:00,690.16,credit,ach,,posted
T00006323,A000303,2025-09-13 07:34:00,1821.53,credit,ach,,posted
T00006324,A000303,2025-05-22 13:55:00,18.78,debit,card,dining,posted
T00006325,A000303,2025-10-18 17:44:00,65.48,debit,card,utilities,posted
T00006326,A000303,2025-07-26 23:20:00,1065.64,credit,ach,,posted
T00006327,A000303,2025-10-27 06:31:00,98.52,debit,card,travel,posted
T00006328,A000303,2025-11-20 16:42:00,24.47,debit,card,travel,posted
T00006329,A000303,2025-05-20 16:51:00,786.0,credit,ach,,posted
T00006330,A000303,2025-04-13 12:32:00,2619.57,credit,ach,,posted
T00006331,A000303,2025-02-17 11:43:00,45.74,debit,atm,utilities,posted
T00006332,A000303,2025-09-22 11:41:00,32.6,debit,card,healthcare,posted
T00006333,A000303,2025-07-05 19:57:00,1747.63,credit,ach,,posted
T00006334,A000303,2025-04-07 06:32:00,3776.1,credit,ach,,posted
T00006335,A000303,2025-12-01 06:14:00,44.64,debit,card,dining,posted
T00006336,A000303,2025-11-14 04:09:00,32.35,debit,p2p,healthcare,posted
T00006337,A000303,2025-08-20 21:48:00,8.95,debit,p2p,travel,posted
T00006338,A000303,2025-07-17 08:06:00,31.24,debit,ach,travel,posted
T00006339,A000303,2025-05-02 11:43:00,2652.95,credit,ach,,posted
T00006340,A000303,2025-12-16 07:59:00,15.73,debit,atm,fuel,posted
T00006341,A000303,2025-11-07 07:05:00,10.16,debit,atm,healthcare,posted
T00006342,A000304,2025-10-21 14:33:00,5.45,debit,card,dining,posted
T00006343,A000304,2025-09-20 12:48:00,34.17,debit,atm,grocery,posted
T00006344,A000304,2025-11-10 07:46:00,49.71,debit,card,online_retail,posted
T00006345,A000304,2025-09-03 18:04:00,144.42,debit,card,online_retail,posted
T00006346,A000304,2025-09-15 03:58:00,20.85,debit,card,fuel,posted
T00006347,A000304,2025-12-27 21:21:00,109.16,debit,atm,travel,posted
T00006348,A000304,2025-08-22 17:07:00,1325.65,credit,ach,,posted
T00006349,A000304,2025-10-24 07:58:00,2482.82,credit,ach,,posted
T00006350,A000304,2025-08-22 09:41:00,88.93,debit,card,dining,posted
T00006351,A000304,2025-09-22 17:40:00,64.56,debit,atm,entertainment,posted
T00006352,A000304,2025-11-25 07:06:00,39.0,debit,card,utilities,posted
T00006353,A000304,2025-09-17 23:37:00,73.72,debit,card,online_retail,posted
T00006354,A000304,2025-08-26 12:17:00,2785.95,credit,ach,,posted
T00006355,A000304,2025-11-15 18:54:00,95.94,debit,ach,healthcare,posted
T00006356,A000304,2025-09-04 17:45:00,6.77,debit,p2p,utilities,posted
T00006357,A000304,2025-09-28 02:09:00,2493.2,credit,ach,,posted
T00006358,A000304,2025-10-06 15:02:00,16.31,debit,card,fuel,posted
T00006359,A000304,2025-10-07 12:05:00,3461.38,credit,ach,,declined
T00006360,A000304,2025-12-29 15:03:00,20.02,debit,ach,fuel,posted
T00006361,A000304,2025-12-22 08:31:00,139.64,debit,card,grocery,posted
T00006362,A000304,2025-10-19 13:07:00,39.43,debit,card,online_retail,posted
T00006363,A000305,2025-05-26 13:51:00,25.49,debit,card,fuel,posted
T00006364,A000305,2025-11-10 10:51:00,1232.25,credit,ach,,posted
T00006365,A000305,2025-10-11 02:55:00,37.48,debit,atm,grocery,posted
T00006366,A000305,2025-12-27 22:47:00,11.48,debit,ach,utilities,declined
T00006367,A000305,2025-06-29 12:34:00,3077.76,credit,ach,,posted
T00006368,A000305,2025-07-14 14:05:00,37.57,debit,p2p,grocery,posted
T00006369,A000305,2025-10-17 03:44:00,1379.68,credit,ach,,posted
T00006370,A000306,2025-08-23 12:20:00,15.2,debit,card,healthcare,posted
T00006371,A000306,2025-12-16 21:48:00,3707.53,credit,ach,,posted
T00006372,A000306,2025-05-19 05:13:00,31.37,debit,p2p,fuel,posted
T00006373,A000306,2025-08-10 20:34:00,33.02,debit,card,fuel,posted
T00006374,A000306,2025-08-27 14:53:00,269.21,debit,atm,entertainment,posted
T00006375,A000306,2025-09-02 19:00:00,2601.22,credit,ach,,posted
T00006376,A000306,2025-05-14 19:09:00,12.97,debit,card,utilities,posted
T00006377,A000306,2025-11-06 08:45:00,2433.15,credit,ach,,posted
T00006378,A000306,2025-11-05 22:18:00,35.96,debit,ach,healthcare,posted
T00006379,A000306,2025-07-09 17:53:00,2014.26,credit,ach,,posted
T00006380,A000306,2025-07-09 17:00:00,52.99,debit,card,travel,posted
T00006381,A000306,2025-10-17 23:29:00,67.66,debit,atm,healthcare,posted
T00006382,A000306,2025-04-09 09:31:00,11.93,debit,card,healthcare,posted
T00006383,A000306,2025-08-19 17:06:00,79.55,debit,card,fuel,posted
T00006384,A000306,2025-12-30 05:10:00,89.32,debit,card,travel,posted
T00006385,A000306,2025-05-23 01:04:00,47.13,debit,card,grocery,posted
T00006386,A000306,2025-07-04 04:46:00,309.67,debit,atm,entertainment,posted
T00006387,A000306,2025-10-20 16:15:00,22.78,debit,p2p,travel,posted
T00006388,A000306,2025-07-24 08:09:00,32.19,debit,p2p,utilities,posted
T00006389,A000306,2025-11-17 16:21:00,30.45,debit,card,travel,posted
T00006390,A000306,2025-11-23 21:40:00,693.5,credit,ach,,posted
T00006391,A000306,2025-10-19 02:38:00,69.28,debit,p2p,fuel,posted
T00006392,A000306,2025-07-09 09:57:00,2843.28,credit,ach,,posted
T00006393,A000306,2025-08-10 04:22:00,2624.23,credit,ach,,posted
T00006394,A000307,2025-11-04 12:48:00,3438.43,credit,ach,,posted
T00006395,A000307,2025-12-28 02:35:00,328.37,debit,atm,healthcare,posted
T00006396,A000307,2025-12-01 13:40:00,73.16,debit,ach,fuel,posted
T00006397,A000307,2025-11-02 09:10:00,31.1,debit,p2p,dining,posted
T00006398,A000307,2025-11-06 22:57:00,52.41,debit,p2p,fuel,posted
T00006399,A000307,2025-11-25 11:06:00,1947.5,credit,ach,,posted
T00006400,A000307,2025-12-24 10:57:00,3606.14,credit,ach,,posted
T00006401,A000307,2025-12-24 16:32:00,647.2,credit,ach,,posted
T00006402,A000307,2025-11-27 00:52:00,28.72,debit,card,utilities,posted
T00006403,A000307,2025-12-08 23:21:00,297.02,debit,ach,travel,posted
T00006404,A000307,2025-12-27 16:53:00,37.79,debit,card,healthcare,posted
T00006405,A000308,2025-12-22 23:33:00,20.96,debit,atm,travel,posted
T00006406,A000308,2025-10-26 01:55:00,3728.29,credit,ach,,posted
T00006407,A000308,2025-09-12 23:30:00,996.84,credit,ach,,posted
T00006408,A000308,2025-08-02 17:08:00,3316.36,credit,ach,,posted
T00006409,A000308,2025-09-01 05:29:00,83.51,debit,card,travel,posted
T00006410,A000308,2025-08-21 01:16:00,849.72,credit,ach,,posted
T00006411,A000308,2025-12-13 08:14:00,94.47,debit,p2p,fuel,posted
T00006412,A000308,2025-12-10 11:42:00,102.15,debit,atm,utilities,posted
T00006413,A000308,2025-07-02 07:03:00,98.01,debit,card,dining,posted
T00006414,A000308,2025-09-21 11:15:00,96.25,debit,p2p,fuel,posted
T00006415,A000308,2025-12-13 17:42:00,3122.01,credit,ach,,posted
T00006416,A000308,2025-07-22 19:04:00,103.05,debit,card,entertainment,posted
T00006417,A000308,2025-07-12 06:04:00,3962.73,credit,ach,,posted
T00006418,A000308,2025-07-04 22:33:00,85.97,debit,ach,online_retail,posted
T00006419,A000308,2025-05-28 05:57:00,2734.71,credit,ach,,posted
T00006420,A000309,2025-07-23 22:19:00,51.01,debit,ach,online_retail,posted
T00006421,A000309,2025-12-31 05:49:00,27.31,debit,card,online_retail,posted
T00006422,A000309,2025-08-18 03:16:00,41.78,debit,atm,utilities,posted
T00006423,A000309,2025-06-07 18:57:00,28.35,debit,card,healthcare,posted
T00006424,A000309,2024-12-08 23:01:00,64.71,debit,card,entertainment,posted
T00006425,A000309,2025-03-25 19:46:00,18.85,debit,card,travel,posted
T00006426,A000309,2025-02-18 19:50:00,82.88,debit,ach,online_retail,posted
T00006427,A000309,2025-12-14 17:24:00,1147.25,credit,ach,,posted
T00006428,A000309,2025-02-25 00:57:00,44.83,debit,card,travel,posted
T00006429,A000309,2025-10-15 10:54:00,36.1,debit,atm,grocery,posted
T00006430,A000309,2025-08-01 15:47:00,14.8,debit,ach,utilities,posted
T00006431,A000309,2025-02-12 11:05:00,22.99,debit,card,fuel,posted
T00006432,A000309,2025-10-16 16:19:00,3026.82,credit,ach,,posted
T00006433,A000309,2025-10-16 08:56:00,28.99,debit,card,entertainment,posted
T00006434,A000309,2025-05-19 19:50:00,55.8,debit,atm,fuel,posted
T00006435,A000309,2025-04-24 02:53:00,17.24,debit,card,utilities,posted
T00006436,A000309,2025-10-19 06:47:00,53.32,debit,card,fuel,posted
T00006437,A000310,2025-12-11 09:18:00,2855.61,credit,ach,,posted
T00006438,A000310,2025-07-29 03:16:00,47.89,debit,card,travel,posted
T00006439,A000310,2025-05-20 03:41:00,32.36,debit,p2p,entertainment,posted
T00006440,A000310,2025-11-24 05:04:00,84.12,debit,card,utilities,posted
T00006441,A000310,2025-05-15 10:13:00,6.3,debit,ach,online_retail,posted
T00006442,A000310,2025-04-25 16:09:00,40.39,debit,p2p,dining,posted
T00006443,A000310,2025-05-26 07:29:00,40.73,debit,p2p,grocery,posted
T00006444,A000310,2025-06-27 15:07:00,16.07,debit,card,utilities,posted
T00006445,A000310,2025-11-13 06:48:00,170.47,debit,p2p,entertainment,posted
T00006446,A000310,2025-07-31 05:12:00,206.26,debit,ach,grocery,posted
T00006447,A000310,2025-08-26 07:56:00,29.09,debit,card,fuel,posted
T00006448,A000310,2025-10-07 17:20:00,13.12,debit,card,fuel,posted
T00006449,A000310,2025-08-19 03:01:00,33.83,debit,atm,grocery,posted
T00006450,A000310,2025-06-01 08:15:00,34.66,debit,card,entertainment,posted
T00006451,A000310,2025-08-29 18:02:00,18.66,debit,card,dining,posted
T00006452,A000310,2025-06-27 09:48:00,1024.25,credit,ach,,posted
T00006453,A000310,2025-09-07 13:06:00,1728.84,credit,ach,,posted
T00006454,A000310,2025-08-19 15:03:00,3186.61,credit,ach,,posted
T00006455,A000310,2025-11-01 06:18:00,13.63,debit,atm,online_retail,posted
T00006456,A000310,2025-12-03 21:07:00,8.3,debit,card,fuel,posted
T00006457,A000310,2025-07-20 19:53:00,19.86,debit,card,dining,posted
T00006458,A000310,2025-06-08 18:00:00,68.0,debit,ach,utilities,posted
T00006459,A000310,2025-12-02 08:23:00,142.82,debit,p2p,fuel,reversed
T00006460,A000310,2025-04-24 15:27:00,160.59,debit,atm,travel,posted
T00006461,A000310,2025-07-27 11:48:00,32.8,debit,card,healthcare,posted
T00006462,A000310,2025-12-26 01:41:00,43.61,debit,card,grocery,posted
T00006463,A000310,2025-11-01 06:09:00,673.94,credit,ach,,posted
T00006464,A000310,2025-09-25 15:18:00,73.05,debit,ach,healthcare,posted
T00006465,A000310,2025-09-28 04:06:00,34.8,debit,card,entertainment,posted
T00006466,A000310,2025-04-16 19:13:00,49.44,debit,p2p,healthcare,posted
T00006467,A000310,2025-07-24 11:14:00,73.51,debit,ach,fuel,posted
T00006468,A000310,2025-09-28 09:09:00,14.22,debit,ach,dining,declined
T00006469,A000310,2025-07-04 13:47:00,9.61,debit,p2p,dining,posted
T00006470,A000310,2025-11-25 07:11:00,24.15,debit,ach,online_retail,posted
T00006471,A000310,2025-05-19 09:16:00,20.34,debit,card,entertainment,posted
T00006472,A000310,2025-10-30 18:50:00,57.64,debit,card,entertainment,posted
T00006473,A000310,2025-09-01 07:36:00,29.21,debit,card,travel,posted
T00006474,A000310,2025-05-24 15:32:00,8.5,debit,ach,travel,posted
T00006475,A000311,2025-07-15 16:29:00,178.86,debit,card,healthcare,posted
T00006476,A000311,2025-11-11 16:30:00,13.49,debit,card,online_retail,posted
T00006477,A000311,2025-11-28 19:29:00,1550.34,credit,ach,,posted
T00006478,A000311,2025-10-29 10:51:00,10.74,debit,p2p,utilities,posted
T00006479,A000311,2025-12-05 18:10:00,90.64,debit,atm,dining,posted
T00006480,A000311,2025-10-01 04:58:00,39.63,debit,card,healthcare,posted
T00006481,A000311,2025-09-24 07:41:00,20.27,debit,ach,healthcare,posted
T00006482,A000311,2025-09-22 12:14:00,14.32,debit,card,grocery,posted
T00006483,A000311,2025-10-11 11:23:00,531.67,credit,ach,,posted
T00006484,A000312,2025-12-02 16:14:00,38.1,debit,ach,online_retail,posted
T00006485,A000312,2025-12-24 20:08:00,3949.54,credit,ach,,posted
T00006486,A000312,2025-12-28 00:31:00,59.05,debit,p2p,healthcare,posted
T00006487,A000312,2025-12-23 05:23:00,9.11,debit,card,fuel,posted
T00006488,A000312,2025-11-20 04:56:00,18.6,debit,card,healthcare,posted
T00006489,A000312,2025-12-20 22:52:00,27.25,debit,card,healthcare,posted
T00006490,A000312,2025-12-21 01:19:00,38.95,debit,card,fuel,posted
T00006491,A000312,2025-12-23 08:01:00,51.79,debit,ach,dining,posted
T00006492,A000312,2025-12-06 18:35:00,14.78,debit,card,entertainment,posted
T00006493,A000312,2025-12-10 18:35:00,422.68,debit,card,online_retail,posted
T00006494,A000312,2025-11-29 01:48:00,15.6,debit,ach,online_retail,posted
T00006495,A000312,2025-12-27 13:29:00,6.13,debit,card,healthcare,posted
T00006496,A000313,2025-10-30 07:56:00,49.73,debit,card,entertainment,posted
T00006497,A000313,2025-10-28 12:24:00,7.92,debit,card,fuel,posted
T00006498,A000313,2025-09-19 04:15:00,22.45,debit,card,online_retail,posted
T00006499,A000313,2025-10-19 05:40:00,9.21,debit,atm,grocery,posted
T00006500,A000313,2025-09-11 02:56:00,3254.67,credit,ach,,posted
T00006501,A000313,2025-10-12 05:21:00,11.11,debit,p2p,travel,posted
T00006502,A000313,2025-12-15 19:20:00,2598.04,credit,ach,,posted
T00006503,A000314,2024-10-20 16:59:00,30.11,debit,ach,fuel,posted
T00006504,A000314,2024-12-04 22:57:00,2923.57,credit,ach,,posted
T00006505,A000314,2025-07-11 03:19:00,1120.69,credit,ach,,posted
T00006506,A000314,2025-05-31 16:36:00,27.05,debit,p2p,grocery,posted
T00006507,A000314,2025-12-03 03:35:00,12.3,debit,p2p,grocery,posted
T00006508,A000314,2024-09-06 07:42:00,1.67,debit,card,healthcare,posted
T00006509,A000314,2025-11-13 14:32:00,81.92,debit,card,fuel,posted
T00006510,A000314,2025-09-05 15:39:00,38.16,debit,card,online_retail,posted
T00006511,A000314,2025-02-03 05:53:00,42.79,debit,p2p,entertainment,posted
T00006512,A000314,2025-10-09 06:14:00,84.23,debit,card,fuel,posted
T00006513,A000314,2025-07-23 23:43:00,43.62,debit,card,dining,posted
T00006514,A000314,2025-02-16 04:13:00,38.26,debit,p2p,healthcare,posted
T00006515,A000314,2024-12-02 07:16:00,36.84,debit,card,fuel,posted
T00006516,A000314,2024-07-26 09:28:00,25.57,debit,ach,travel,posted
T00006517,A000314,2025-04-11 02:45:00,70.84,debit,card,fuel,posted
T00006518,A000314,2025-09-03 18:09:00,28.55,debit,ach,dining,posted
T00006519,A000314,2024-07-10 07:20:00,34.77,debit,ach,fuel,posted
T00006520,A000314,2025-02-23 01:25:00,19.56,debit,card,healthcare,posted
T00006521,A000314,2024-05-27 21:59:00,3262.84,credit,ach,,posted
T00006522,A000314,2024-07-17 17:41:00,6.47,debit,card,grocery,posted
T00006523,A000314,2024-10-17 02:48:00,3574.59,credit,ach,,posted
T00006524,A000314,2025-04-16 22:02:00,3992.83,credit,ach,,posted
T00006525,A000314,2024-06-07 15:10:00,13.59,debit,p2p,entertainment,posted
T00006526,A000314,2025-02-26 10:07:00,1792.03,credit,ach,,posted
T00006527,A000314,2025-08-17 21:43:00,36.43,debit,p2p,healthcare,posted
T00006528,A000314,2025-01-24 03:24:00,30.54,debit,atm,utilities,posted
T00006529,A000314,2025-08-16 13:49:00,53.86,debit,card,healthcare,posted
T00006530,A000314,2025-05-13 10:50:00,76.42,debit,card,travel,posted
T00006531,A000314,2024-09-11 10:24:00,29.73,debit,card,entertainment,posted
T00006532,A000314,2024-12-24 08:04:00,3811.3,credit,ach,,posted
T00006533,A000314,2024-10-19 20:34:00,34.26,debit,card,travel,posted
T00006534,A000315,2025-12-21 05:16:00,19.12,debit,card,utilities,declined
T00006535,A000315,2025-12-02 16:20:00,61.01,debit,p2p,grocery,posted
T00006536,A000315,2025-12-02 09:15:00,39.34,debit,p2p,utilities,posted
T00006537,A000315,2025-12-27 17:55:00,26.85,debit,ach,grocery,posted
T00006538,A000315,2025-12-12 19:19:00,2878.49,credit,ach,,posted
T00006539,A000315,2025-12-19 16:36:00,79.05,debit,card,grocery,posted
T00006540,A000315,2025-12-29 16:56:00,1304.4,credit,ach,,posted
T00006541,A000315,2025-12-19 07:13:00,1855.83,credit,ach,,posted
T00006542,A000315,2025-12-15 01:22:00,2226.14,credit,ach,,posted
T00006543,A000315,2025-12-08 17:19:00,3224.05,credit,ach,,posted
T00006544,A000315,2025-12-23 14:37:00,58.89,debit,card,travel,posted
T00006545,A000315,2025-12-12 16:48:00,271.72,debit,atm,grocery,posted
T00006546,A000315,2025-12-03 13:11:00,17.94,debit,atm,dining,posted
T00006547,A000315,2025-12-27 10:19:00,115.45,debit,atm,dining,posted
T00006548,A000315,2025-12-23 02:24:00,31.09,debit,atm,entertainment,posted
T00006549,A000315,2025-12-31 19:40:00,98.48,debit,card,entertainment,posted
T00006550,A000315,2025-12-16 05:03:00,19.38,debit,atm,utilities,posted
T00006551,A000315,2025-12-10 00:06:00,2057.36,credit,ach,,posted
T00006552,A000315,2025-12-14 22:40:00,7.61,debit,card,travel,posted
T00006553,A000315,2025-12-09 10:23:00,5.58,debit,card,travel,posted
T00006554,A000315,2025-12-06 16:27:00,26.11,debit,card,healthcare,posted
T00006555,A000315,2025-12-29 19:51:00,59.34,debit,card,travel,posted
T00006556,A000315,2025-12-05 01:36:00,67.05,debit,card,travel,posted
T00006557,A000315,2025-12-19 18:42:00,60.97,debit,card,dining,posted
T00006558,A000315,2025-12-13 03:59:00,43.08,debit,atm,travel,posted
T00006559,A000316,2025-01-27 12:29:00,17.06,debit,atm,healthcare,posted
T00006560,A000316,2025-04-06 00:32:00,56.07,debit,card,travel,posted
T00006561,A000316,2025-12-05 13:54:00,10.1,debit,ach,entertainment,posted
T00006562,A000316,2024-09-29 07:31:00,3527.28,credit,ach,,posted
T00006563,A000316,2024-10-15 19:10:00,20.01,debit,card,healthcare,posted
T00006564,A000316,2025-06-16 21:39:00,25.64,debit,p2p,fuel,posted
T00006565,A000316,2025-01-13 11:01:00,62.81,debit,card,fuel,posted
T00006566,A000316,2025-07-13 23:37:00,1467.84,credit,ach,,posted
T00006567,A000316,2025-10-16 21:48:00,3176.99,credit,ach,,posted
T00006568,A000316,2024-06-17 05:20:00,8.03,debit,card,entertainment,posted
T00006569,A000316,2025-03-02 23:19:00,1014.98,credit,ach,,posted
T00006570,A000316,2024-09-26 22:43:00,22.86,debit,ach,grocery,posted
T00006571,A000316,2025-02-28 07:01:00,29.83,debit,ach,grocery,declined
T00006572,A000317,2025-11-22 22:13:00,1262.23,credit,ach,,posted
T00006573,A000317,2025-11-17 16:13:00,31.14,debit,atm,travel,posted
T00006574,A000317,2025-11-10 15:58:00,8.91,debit,card,fuel,posted
T00006575,A000317,2025-07-26 22:04:00,2385.84,credit,ach,,posted
T00006576,A000317,2025-08-21 03:08:00,33.58,debit,card,fuel,posted
T00006577,A000317,2025-11-06 18:39:00,39.13,debit,p2p,utilities,posted
T00006578,A000317,2025-12-06 16:04:00,46.71,debit,atm,dining,posted
T00006579,A000317,2025-09-02 11:25:00,57.0,debit,card,healthcare,posted
T00006580,A000317,2025-06-25 04:20:00,149.69,debit,card,dining,posted
T00006581,A000317,2025-12-11 05:17:00,114.19,debit,ach,travel,posted
T00006582,A000317,2025-11-17 22:50:00,24.15,debit,card,grocery,posted
T00006583,A000317,2025-09-13 13:56:00,29.44,debit,card,healthcare,posted
T00006584,A000317,2025-08-12 04:58:00,3107.14,credit,ach,,posted
T00006585,A000317,2025-06-26 12:08:00,9.19,debit,card,dining,posted
T00006586,A000317,2025-09-05 17:37:00,26.46,debit,card,online_retail,posted
T00006587,A000317,2025-07-04 11:41:00,16.27,debit,p2p,healthcare,posted
T00006588,A000317,2025-09-26 11:53:00,23.83,debit,card,online_retail,posted
T00006589,A000317,2025-05-22 08:52:00,8.46,debit,ach,healthcare,posted
T00006590,A000317,2025-09-27 16:02:00,46.01,debit,card,dining,posted
T00006591,A000317,2025-09-19 20:32:00,1043.44,credit,ach,,posted
T00006592,A000317,2025-09-10 01:10:00,1940.98,credit,ach,,posted
T00006593,A000317,2025-08-19 21:52:00,3363.11,credit,ach,,posted
T00006594,A000317,2025-11-03 05:33:00,5.43,debit,p2p,healthcare,posted
T00006595,A000317,2025-12-21 13:55:00,45.0,debit,atm,entertainment,posted
T00006596,A000317,2025-11-19 11:16:00,36.99,debit,ach,dining,posted
T00006597,A000317,2025-05-25 10:15:00,15.41,debit,atm,utilities,posted
T00006598,A000317,2025-06-27 09:29:00,18.05,debit,atm,fuel,posted
T00006599,A000318,2025-11-13 23:49:00,21.1,debit,atm,dining,posted
T00006600,A000318,2025-10-16 11:25:00,9.7,debit,card,healthcare,posted
T00006601,A000318,2025-09-11 11:28:00,92.65,debit,atm,dining,posted
T00006602,A000318,2025-11-12 05:43:00,26.41,debit,card,entertainment,posted
T00006603,A000318,2025-10-31 09:58:00,7.48,debit,ach,fuel,posted
T00006604,A000318,2025-12-28 15:12:00,3383.25,credit,ach,,posted
T00006605,A000318,2025-10-28 19:50:00,4.09,debit,card,dining,posted
T00006606,A000318,2025-12-24 11:41:00,96.93,debit,p2p,utilities,posted
T00006607,A000318,2025-11-13 13:35:00,21.41,debit,p2p,grocery,posted
T00006608,A000318,2025-12-25 16:17:00,1562.8,credit,ach,,posted
T00006609,A000318,2025-11-16 11:22:00,226.89,debit,ach,travel,posted
T00006610,A000318,2025-09-12 10:40:00,8.53,debit,ach,fuel,posted
T00006611,A000318,2025-10-18 13:05:00,574.68,credit,ach,,declined
T00006612,A000318,2025-11-23 07:54:00,2183.7,credit,ach,,declined
T00006613,A000318,2025-10-01 19:57:00,2989.25,credit,ach,,posted
T00006614,A000318,2025-10-10 19:31:00,3199.24,credit,ach,,posted
T00006615,A000318,2025-10-24 16:29:00,20.49,debit,ach,utilities,declined
T00006616,A000318,2025-11-06 03:34:00,24.08,debit,card,healthcare,posted
T00006617,A000318,2025-11-24 18:57:00,25.2,debit,card,dining,posted
T00006618,A000318,2025-11-05 10:26:00,71.52,debit,card,grocery,posted
T00006619,A000318,2025-09-23 03:02:00,100.35,debit,ach,healthcare,posted
T00006620,A000318,2025-09-24 14:50:00,249.3,debit,card,travel,posted
T00006621,A000318,2025-12-16 05:24:00,57.06,debit,card,utilities,posted
T00006622,A000318,2025-11-17 16:04:00,28.5,debit,ach,fuel,posted
T00006623,A000318,2025-09-19 11:27:00,78.35,debit,ach,grocery,posted
T00006624,A000318,2025-11-22 17:13:00,205.28,debit,card,online_retail,posted
T00006625,A000318,2025-12-25 12:17:00,32.33,debit,card,grocery,posted
T00006626,A000318,2025-12-01 21:25:00,14.05,debit,card,grocery,posted
T00006627,A000318,2025-10-15 11:30:00,34.0,debit,card,fuel,posted
T00006628,A000318,2025-12-23 04:55:00,101.54,debit,atm,entertainment,posted
T00006629,A000318,2025-10-13 20:07:00,41.23,debit,card,utilities,posted
T00006630,A000318,2025-09-04 22:24:00,132.26,debit,card,dining,posted
T00006631,A000318,2025-09-07 08:53:00,42.54,debit,atm,dining,posted
T00006632,A000318,2025-11-21 12:09:00,3844.74,credit,ach,,posted
T00006633,A000319,2025-08-21 01:16:00,23.38,debit,ach,online_retail,posted
T00006634,A000319,2025-11-07 00:47:00,42.56,debit,atm,healthcare,posted
T00006635,A000319,2025-12-14 03:53:00,3294.83,credit,ach,,posted
T00006636,A000319,2025-08-03 04:55:00,57.01,debit,atm,grocery,posted
T00006637,A000319,2025-08-21 00:45:00,25.35,debit,p2p,utilities,posted
T00006638,A000319,2025-08-10 09:33:00,57.66,debit,atm,fuel,posted
T00006639,A000319,2025-10-13 09:00:00,27.8,debit,card,travel,posted
T00006640,A000319,2025-09-02 03:42:00,80.48,debit,ach,dining,posted
T00006641,A000319,2025-11-22 12:11:00,1095.86,credit,ach,,declined
T00006642,A000319,2025-11-18 05:39:00,4.31,debit,p2p,entertainment,posted
T00006643,A000319,2025-07-13 01:48:00,3310.27,credit,ach,,posted
T00006644,A000319,2025-10-28 22:00:00,29.62,debit,ach,grocery,posted
T00006645,A000319,2025-09-14 21:04:00,124.98,debit,p2p,travel,posted
T00006646,A000319,2025-07-07 19:01:00,42.02,debit,atm,entertainment,posted
T00006647,A000320,2025-12-20 07:00:00,114.53,debit,card,online_retail,posted
T00006648,A000320,2025-11-03 03:05:00,27.83,debit,ach,entertainment,posted
T00006649,A000320,2025-10-28 08:06:00,1863.51,credit,ach,,posted
T00006650,A000320,2025-10-08 22:15:00,34.19,debit,card,online_retail,posted
T00006651,A000320,2025-12-18 19:40:00,14.97,debit,card,utilities,posted
T00006652,A000320,2025-11-07 00:45:00,9.8,debit,card,online_retail,posted
T00006653,A000320,2025-10-27 22:08:00,3564.94,credit,ach,,posted
T00006654,A000320,2025-11-23 22:43:00,35.66,debit,card,fuel,posted
T00006655,A000320,2025-11-17 22:37:00,1267.82,credit,ach,,posted
T00006656,A000320,2025-10-19 22:30:00,1725.18,credit,ach,,posted
T00006657,A000321,2025-11-05 16:11:00,2734.64,credit,ach,,posted
T00006658,A000321,2025-11-08 14:32:00,2230.49,credit,ach,,posted
T00006659,A000321,2025-11-22 07:33:00,29.28,debit,card,fuel,posted
T00006660,A000321,2025-12-27 22:22:00,69.68,debit,p2p,online_retail,posted
T00006661,A000321,2025-11-21 15:01:00,323.83,debit,card,grocery,posted
T00006662,A000321,2025-12-16 13:47:00,82.29,debit,card,dining,posted
T00006663,A000321,2025-11-10 02:41:00,31.76,debit,ach,dining,posted
T00006664,A000321,2025-11-06 12:58:00,11.14,debit,card,fuel,posted
T00006665,A000321,2025-11-06 01:50:00,1067.09,credit,ach,,posted
T00006666,A000321,2025-11-14 00:35:00,1153.26,credit,ach,,posted
T00006667,A000321,2025-12-29 18:05:00,19.4,debit,p2p,travel,posted
T00006668,A000321,2025-12-24 08:53:00,1653.33,credit,ach,,posted
T00006669,A000321,2025-11-06 21:04:00,34.24,debit,card,entertainment,posted
T00006670,A000321,2025-11-06 07:37:00,42.19,debit,card,entertainment,posted
T00006671,A000321,2025-11-05 06:58:00,60.98,debit,card,entertainment,posted
T00006672,A000321,2025-12-03 00:47:00,258.45,debit,p2p,healthcare,posted
T00006673,A000321,2025-12-16 14:56:00,35.91,debit,card,travel,posted
T00006674,A000321,2025-12-20 18:39:00,10.78,debit,card,dining,posted
T00006675,A000321,2025-12-26 22:29:00,13.66,debit,atm,online_retail,posted
T00006676,A000321,2025-11-08 18:22:00,16.79,debit,card,online_retail,posted
T00006677,A000321,2025-12-12 16:23:00,34.83,debit,card,entertainment,posted
T00006678,A000321,2025-11-01 16:42:00,35.89,debit,card,healthcare,posted
T00006679,A000321,2025-12-23 12:44:00,3109.1,credit,ach,,posted
T00006680,A000321,2025-12-23 10:16:00,32.65,debit,card,dining,posted
T00006681,A000321,2025-12-21 13:34:00,1164.57,credit,ach,,posted
T00006682,A000321,2025-12-04 02:51:00,45.53,debit,ach,fuel,posted
T00006683,A000321,2025-12-09 16:36:00,28.39,debit,card,healthcare,posted
T00006684,A000322,2025-09-17 13:35:00,79.75,debit,atm,dining,posted
T00006685,A000322,2025-11-23 03:45:00,32.13,debit,card,online_retail,posted
T00006686,A000322,2025-12-03 12:18:00,76.64,debit,card,healthcare,posted
T00006687,A000322,2025-10-30 02:54:00,41.52,debit,atm,utilities,posted
T00006688,A000322,2025-12-25 09:10:00,14.37,debit,ach,utilities,posted
T00006689,A000322,2025-11-07 06:44:00,80.71,debit,card,online_retail,posted
T00006690,A000322,2025-11-17 17:13:00,1456.33,credit,ach,,posted
T00006691,A000322,2025-11-30 19:59:00,79.34,debit,card,travel,posted
T00006692,A000322,2025-09-14 22:59:00,201.65,debit,card,fuel,posted
T00006693,A000322,2025-10-11 13:36:00,1745.89,credit,ach,,posted
T00006694,A000322,2025-11-08 17:33:00,56.54,debit,ach,entertainment,posted
T00006695,A000322,2025-12-12 01:19:00,2469.27,credit,ach,,posted
T00006696,A000322,2025-09-21 16:32:00,15.98,debit,card,healthcare,posted
T00006697,A000322,2025-10-30 10:26:00,13.03,debit,p2p,fuel,posted
T00006698,A000322,2025-09-08 06:17:00,115.38,debit,atm,online_retail,posted
T00006699,A000322,2025-12-22 09:00:00,35.7,debit,atm,utilities,posted
T00006700,A000322,2025-10-03 05:32:00,2536.55,credit,ach,,posted
T00006701,A000323,2025-10-10 02:06:00,102.3,debit,card,travel,posted
T00006702,A000323,2025-10-31 23:01:00,21.36,debit,atm,online_retail,posted
T00006703,A000323,2025-10-28 21:12:00,53.73,debit,card,dining,posted
T00006704,A000323,2025-11-30 02:37:00,3483.28,credit,ach,,posted
T00006705,A000323,2025-12-01 21:17:00,73.79,debit,p2p,grocery,posted
T00006706,A000323,2025-11-22 23:58:00,3366.63,credit,ach,,posted
T00006707,A000323,2025-12-28 15:58:00,23.87,debit,card,utilities,posted
T00006708,A000323,2025-11-13 02:24:00,1077.53,credit,ach,,posted
T00006709,A000323,2025-11-21 13:54:00,15.44,debit,atm,grocery,declined
T00006710,A000323,2025-10-30 07:21:00,3648.31,credit,ach,,posted
T00006711,A000323,2025-12-09 20:36:00,68.97,debit,p2p,dining,posted
T00006712,A000323,2025-11-17 02:01:00,800.57,credit,ach,,posted
T00006713,A000323,2025-12-28 16:05:00,28.64,debit,card,healthcare,posted
T00006714,A000323,2025-11-03 01:37:00,150.21,debit,ach,healthcare,posted
T00006715,A000323,2025-12-13 10:46:00,10.5,debit,card,online_retail,posted
T00006716,A000323,2025-12-24 10:16:00,31.41,debit,card,grocery,posted
T00006717,A000323,2025-10-07 08:29:00,2836.66,credit,ach,,posted
T00006718,A000323,2025-10-26 07:18:00,15.84,debit,atm,grocery,declined
T00006719,A000323,2025-10-23 20:33:00,119.14,debit,card,grocery,posted
T00006720,A000323,2025-10-24 18:22:00,2208.36,credit,ach,,posted
T00006721,A000323,2025-10-20 17:31:00,19.84,debit,card,healthcare,posted
T00006722,A000323,2025-12-29 07:28:00,630.27,credit,ach,,posted
T00006723,A000323,2025-11-06 20:42:00,76.48,debit,card,dining,posted
T00006724,A000323,2025-11-23 07:55:00,68.45,debit,card,fuel,posted
T00006725,A000323,2025-12-14 22:19:00,108.53,debit,card,entertainment,posted
T00006726,A000323,2025-12-19 00:36:00,251.48,debit,ach,dining,posted
T00006727,A000323,2025-11-23 17:06:00,15.46,debit,card,utilities,posted
T00006728,A000323,2025-11-15 16:38:00,12.41,debit,card,utilities,posted
T00006729,A000323,2025-11-16 12:47:00,40.96,debit,ach,online_retail,posted
T00006730,A000323,2025-10-15 05:15:00,48.98,debit,p2p,grocery,posted
T00006731,A000323,2025-10-10 20:05:00,31.96,debit,atm,utilities,posted
T00006732,A000323,2025-10-19 04:47:00,978.46,credit,ach,,posted
T00006733,A000323,2025-12-21 09:14:00,10.89,debit,card,utilities,declined
T00006734,A000323,2025-10-17 21:38:00,21.27,debit,p2p,entertainment,posted
T00006735,A000323,2025-10-21 21:45:00,2060.67,credit,ach,,posted
T00006736,A000323,2025-12-04 07:20:00,48.76,debit,card,entertainment,posted
T00006737,A000323,2025-12-19 15:32:00,40.45,debit,atm,online_retail,posted
T00006738,A000323,2025-10-27 10:34:00,17.51,debit,atm,online_retail,posted
T00006739,A000323,2025-11-10 03:18:00,3753.51,credit,ach,,posted
T00006740,A000323,2025-12-16 15:08:00,34.79,debit,ach,grocery,posted
T00006741,A000324,2025-11-07 09:19:00,9.7,debit,atm,grocery,posted
T00006742,A000324,2025-12-10 18:12:00,2239.1,credit,ach,,posted
T00006743,A000324,2025-10-29 03:20:00,175.15,debit,card,healthcare,posted
T00006744,A000324,2025-12-05 16:18:00,16.39,debit,atm,fuel,declined
T00006745,A000324,2025-12-11 11:15:00,28.17,debit,card,online_retail,posted
T00006746,A000324,2025-12-12 17:15:00,35.21,debit,card,fuel,posted
T00006747,A000324,2025-12-08 08:40:00,23.05,debit,card,healthcare,posted
T00006748,A000324,2025-12-10 17:14:00,9.63,debit,p2p,grocery,posted
T00006749,A000324,2025-11-28 12:01:00,15.29,debit,p2p,travel,posted
T00006750,A000324,2025-12-16 13:55:00,95.2,debit,card,healthcare,posted
T00006751,A000324,2025-10-29 11:47:00,29.76,debit,atm,grocery,posted
T00006752,A000324,2025-12-05 20:18:00,3998.85,credit,ach,,posted
T00006753,A000324,2025-11-16 02:38:00,97.75,debit,atm,grocery,posted
T00006754,A000324,2025-11-07 21:02:00,2211.84,credit,ach,,posted
T00006755,A000324,2025-10-26 01:28:00,99.39,debit,p2p,dining,posted
T00006756,A000324,2025-12-13 17:49:00,26.22,debit,ach,utilities,posted
T00006757,A000324,2025-11-17 02:27:00,40.96,debit,p2p,dining,posted
T00006758,A000324,2025-12-24 04:50:00,53.17,debit,card,grocery,posted
T00006759,A000324,2025-11-17 19:14:00,171.32,debit,p2p,utilities,posted
T00006760,A000324,2025-11-23 16:56:00,78.41,debit,ach,fuel,declined
T00006761,A000324,2025-12-28 00:05:00,22.97,debit,card,utilities,posted
T00006762,A000325,2025-06-16 01:13:00,1286.23,credit,ach,,posted
T00006763,A000325,2025-07-10 23:38:00,2797.38,credit,ach,,declined
T00006764,A000325,2025-09-22 01:54:00,1301.9,credit,ach,,posted
T00006765,A000325,2025-12-05 11:23:00,16.31,debit,card,entertainment,posted
T00006766,A000325,2025-09-16 02:19:00,3269.68,credit,ach,,posted
T00006767,A000325,2025-08-29 07:26:00,5.53,debit,card,dining,posted
T00006768,A000325,2025-06-22 01:40:00,49.78,debit,card,dining,posted
T00006769,A000325,2025-09-02 21:37:00,564.63,debit,card,fuel,posted
T00006770,A000325,2025-10-15 10:47:00,2051.02,credit,ach,,posted
T00006771,A000325,2025-06-29 00:23:00,25.77,debit,card,entertainment,posted
T00006772,A000325,2025-08-16 06:54:00,36.55,debit,card,grocery,posted
T00006773,A000325,2025-12-21 00:59:00,1377.64,credit,ach,,posted
T00006774,A000325,2025-12-31 02:51:00,2117.65,credit,ach,,posted
T00006775,A000325,2025-09-19 12:56:00,2844.31,credit,ach,,posted
T00006776,A000326,2025-12-20 15:18:00,21.0,debit,card,entertainment,declined
T00006777,A000326,2025-06-14 15:16:00,2.44,debit,p2p,dining,posted
T00006778,A000326,2025-11-17 03:27:00,1961.42,credit,ach,,declined
T00006779,A000326,2025-11-29 20:47:00,39.81,debit,card,healthcare,posted
T00006780,A000326,2025-12-13 22:51:00,3579.38,credit,ach,,posted
T00006781,A000326,2025-08-20 11:41:00,17.24,debit,card,travel,posted
T00006782,A000326,2025-04-09 19:59:00,35.91,debit,card,online_retail,posted
T00006783,A000326,2025-11-26 01:18:00,43.97,debit,card,utilities,posted
T00006784,A000326,2025-10-02 06:51:00,22.49,debit,p2p,healthcare,posted
T00006785,A000326,2025-05-18 07:06:00,746.19,credit,ach,,posted
T00006786,A000326,2025-05-21 05:46:00,3523.55,credit,ach,,posted
T00006787,A000326,2025-09-12 18:22:00,35.4,debit,ach,healthcare,posted
T00006788,A000326,2025-12-02 21:35:00,18.13,debit,card,dining,posted
T00006789,A000326,2025-09-01 22:10:00,3020.3,credit,ach,,posted
T00006790,A000326,2025-08-10 11:28:00,779.89,credit,ach,,posted
T00006791,A000326,2025-05-08 01:52:00,18.51,debit,ach,grocery,posted
T00006792,A000326,2025-06-21 01:32:00,775.59,credit,ach,,posted
T00006793,A000326,2025-07-09 14:22:00,18.43,debit,card,online_retail,posted
T00006794,A000326,2025-05-18 14:48:00,57.3,debit,card,healthcare,posted
T00006795,A000326,2025-07-29 16:29:00,30.06,debit,card,dining,posted
T00006796,A000326,2025-09-13 10:40:00,9.55,debit,p2p,healthcare,posted
T00006797,A000326,2025-04-25 06:27:00,898.05,credit,ach,,posted
T00006798,A000326,2025-08-19 15:58:00,72.87,debit,atm,fuel,posted
T00006799,A000326,2025-08-09 10:12:00,48.19,debit,card,dining,posted
T00006800,A000326,2025-08-12 03:35:00,64.11,debit,card,grocery,posted
T00006801,A000326,2025-07-10 16:47:00,20.84,debit,ach,healthcare,posted
T00006802,A000326,2025-04-05 20:39:00,39.49,debit,card,dining,posted
T00006803,A000326,2025-05-09 17:56:00,36.0,debit,card,online_retail,posted
T00006804,A000326,2025-07-28 22:37:00,29.38,debit,p2p,healthcare,posted
T00006805,A000326,2025-12-21 17:21:00,1989.11,credit,ach,,posted
T00006806,A000326,2025-06-28 17:59:00,9.44,debit,ach,utilities,posted
T00006807,A000326,2025-04-19 10:58:00,92.42,debit,card,healthcare,posted
T00006808,A000326,2025-12-27 10:05:00,2435.88,credit,ach,,posted
T00006809,A000326,2025-09-27 21:50:00,29.72,debit,ach,travel,posted
T00006810,A000326,2025-04-14 17:49:00,79.87,debit,ach,healthcare,posted
T00006811,A000327,2024-09-23 22:24:00,21.79,debit,card,travel,posted
T00006812,A000327,2025-04-03 05:43:00,7.35,debit,atm,healthcare,posted
T00006813,A000327,2025-05-31 14:06:00,144.35,debit,p2p,online_retail,posted
T00006814,A000327,2024-07-29 03:27:00,22.61,debit,card,fuel,posted
T00006815,A000327,2024-08-15 05:14:00,7.92,debit,p2p,travel,posted
T00006816,A000327,2025-12-15 03:57:00,10.71,debit,card,utilities,posted
T00006817,A000327,2025-07-23 22:56:00,3697.53,credit,ach,,posted
T00006818,A000327,2024-11-24 04:22:00,21.33,debit,card,dining,posted
T00006819,A000327,2025-12-27 11:12:00,2057.09,credit,ach,,posted
T00006820,A000327,2024-10-30 01:27:00,24.27,debit,p2p,grocery,posted
T00006821,A000327,2025-11-04 06:01:00,1632.77,credit,ach,,posted
T00006822,A000327,2025-03-01 11:50:00,85.7,debit,card,healthcare,posted
T00006823,A000327,2024-11-02 18:16:00,62.41,debit,p2p,utilities,posted
T00006824,A000327,2024-09-07 18:59:00,3676.92,credit,ach,,posted
T00006825,A000327,2025-01-16 14:44:00,15.98,debit,atm,fuel,declined
T00006826,A000327,2025-09-09 18:58:00,30.36,debit,ach,entertainment,posted
T00006827,A000327,2024-08-22 10:42:00,3104.73,credit,ach,,posted
T00006828,A000327,2025-03-13 09:15:00,3732.13,credit,ach,,posted
T00006829,A000327,2025-01-21 04:06:00,1251.8,credit,ach,,posted
T00006830,A000327,2025-03-10 01:02:00,195.67,debit,card,entertainment,posted
T00006831,A000327,2025-11-22 06:06:00,34.04,debit,p2p,grocery,posted
T00006832,A000327,2025-03-25 06:01:00,128.26,debit,card,online_retail,posted
T00006833,A000327,2025-04-23 11:01:00,58.82,debit,ach,online_retail,posted
T00006834,A000327,2025-12-22 22:25:00,99.1,debit,p2p,utilities,posted
T00006835,A000327,2025-09-05 08:34:00,16.75,debit,p2p,healthcare,declined
T00006836,A000327,2025-02-28 05:52:00,20.72,debit,ach,dining,posted
T00006837,A000327,2025-10-23 09:08:00,108.36,debit,card,grocery,declined
T00006838,A000327,2025-08-04 13:50:00,1025.46,credit,ach,,posted
T00006839,A000327,2024-09-06 02:27:00,62.29,debit,atm,utilities,posted
T00006840,A000327,2024-10-08 17:06:00,1933.04,credit,ach,,posted
T00006841,A000327,2024-12-12 23:06:00,3782.18,credit,ach,,posted
T00006842,A000327,2024-11-26 13:46:00,1818.27,credit,ach,,posted
T00006843,A000327,2024-12-14 23:01:00,1828.88,credit,ach,,posted
T00006844,A000327,2025-04-28 02:51:00,2570.19,credit,ach,,posted
T00006845,A000329,2025-09-16 18:22:00,20.61,debit,p2p,healthcare,posted
T00006846,A000329,2025-12-25 12:47:00,3737.17,credit,ach,,posted
T00006847,A000329,2025-10-10 14:58:00,164.56,debit,card,entertainment,posted
T00006848,A000329,2025-08-13 09:17:00,7.49,debit,card,online_retail,posted
T00006849,A000329,2025-12-26 19:04:00,48.69,debit,atm,fuel,posted
T00006850,A000329,2025-08-19 08:09:00,107.97,debit,card,healthcare,posted
T00006851,A000329,2025-10-19 19:08:00,34.43,debit,p2p,utilities,posted
T00006852,A000329,2025-08-30 23:14:00,9.98,debit,ach,utilities,posted
T00006853,A000329,2025-12-24 04:08:00,18.67,debit,card,healthcare,posted
T00006854,A000329,2025-10-14 01:50:00,3475.95,credit,ach,,posted
T00006855,A000329,2025-12-25 11:52:00,910.2,credit,ach,,posted
T00006856,A000329,2025-10-11 22:45:00,26.95,debit,ach,travel,posted
T00006857,A000329,2025-08-21 16:02:00,25.57,debit,ach,online_retail,posted
T00006858,A000329,2025-12-01 19:17:00,19.45,debit,card,healthcare,posted
T00006859,A000329,2025-11-17 15:24:00,28.92,debit,p2p,dining,posted
T00006860,A000329,2025-12-09 03:25:00,271.94,debit,card,grocery,posted
T00006861,A000329,2025-10-17 04:10:00,3977.95,credit,ach,,posted
T00006862,A000329,2025-10-30 06:44:00,2878.58,credit,ach,,posted
T00006863,A000330,2025-11-10 03:19:00,34.27,debit,p2p,grocery,posted
T00006864,A000330,2025-12-05 16:06:00,12.5,debit,ach,grocery,posted
T00006865,A000330,2025-11-03 17:58:00,1944.58,credit,ach,,posted
T00006866,A000330,2025-12-21 18:48:00,1622.83,credit,ach,,reversed
T00006867,A000330,2025-11-20 08:05:00,673.04,credit,ach,,posted
T00006868,A000330,2025-12-05 01:42:00,15.94,debit,card,dining,posted
T00006869,A000330,2025-12-18 08:02:00,2944.61,credit,ach,,posted
T00006870,A000330,2025-11-15 23:09:00,21.69,debit,card,dining,posted
T00006871,A000330,2025-11-05 11:21:00,17.52,debit,atm,online_retail,posted
T00006872,A000330,2025-11-15 08:04:00,27.57,debit,card,online_retail,posted
T00006873,A000330,2025-11-20 12:51:00,2410.59,credit,ach,,posted
T00006874,A000330,2025-12-23 00:13:00,654.8,credit,ach,,posted
T00006875,A000330,2025-12-08 06:34:00,747.81,credit,ach,,posted
T00006876,A000330,2025-11-08 15:37:00,747.09,credit,ach,,posted
T00006877,A000330,2025-11-02 09:53:00,61.68,debit,card,utilities,posted
T00006878,A000330,2025-12-15 17:31:00,26.19,debit,card,entertainment,posted
T00006879,A000330,2025-11-08 11:13:00,60.94,debit,card,travel,posted
T00006880,A000330,2025-12-13 14:14:00,2824.66,credit,ach,,posted
T00006881,A000330,2025-11-18 02:46:00,16.87,debit,atm,healthcare,posted
T00006882,A000330,2025-12-12 04:53:00,12.99,debit,card,utilities,posted
T00006883,A000330,2025-12-12 00:04:00,8.89,debit,atm,fuel,posted
T00006884,A000330,2025-11-28 19:35:00,108.43,debit,p2p,travel,posted
T00006885,A000330,2025-10-31 00:30:00,14.29,debit,atm,travel,posted
T00006886,A000331,2025-12-12 22:15:00,87.1,debit,ach,online_retail,posted
T00006887,A000331,2024-08-23 21:00:00,22.04,debit,card,online_retail,declined
T00006888,A000331,2024-12-19 16:47:00,1990.26,credit,ach,,posted
T00006889,A000331,2025-11-16 12:05:00,3621.38,credit,ach,,posted
T00006890,A000331,2025-09-04 16:31:00,51.14,debit,card,utilities,declined
T00006891,A000331,2025-07-18 16:20:00,75.59,debit,ach,entertainment,posted
T00006892,A000331,2025-11-18 06:48:00,27.12,debit,p2p,healthcare,posted
T00006893,A000331,2025-05-13 18:29:00,32.44,debit,card,fuel,posted
T00006894,A000331,2024-11-16 22:22:00,62.36,debit,p2p,travel,posted
T00006895,A000331,2024-10-29 14:10:00,54.3,debit,p2p,dining,posted
T00006896,A000331,2025-11-03 13:23:00,68.07,debit,card,grocery,posted
T00006897,A000331,2025-07-10 14:18:00,31.14,debit,card,dining,posted
T00006898,A000331,2025-01-27 15:33:00,65.96,debit,atm,utilities,posted
T00006899,A000331,2024-12-04 10:49:00,2412.05,credit,ach,,posted
T00006900,A000331,2025-08-30 18:15:00,73.29,debit,atm,fuel,posted
T00006901,A000331,2024-10-03 19:08:00,27.96,debit,p2p,entertainment,posted
T00006902,A000331,2025-09-16 08:51:00,119.15,debit,card,travel,posted
T00006903,A000331,2025-07-06 20:53:00,7.61,debit,ach,online_retail,posted
T00006904,A000332,2025-06-27 19:56:00,38.65,debit,card,healthcare,posted
T00006905,A000332,2025-12-04 09:33:00,115.61,debit,card,online_retail,posted
T00006906,A000332,2025-12-26 20:07:00,39.19,debit,atm,travel,posted
T00006907,A000332,2025-01-31 21:28:00,38.58,debit,p2p,utilities,posted
T00006908,A000332,2024-09-17 23:49:00,1395.22,credit,ach,,posted
T00006909,A000332,2024-08-26 17:11:00,5.87,debit,ach,dining,posted
T00006910,A000332,2024-11-07 11:32:00,5.14,debit,card,utilities,posted
T00006911,A000332,2024-11-21 14:07:00,33.53,debit,card,online_retail,posted
T00006912,A000332,2024-10-11 05:59:00,178.44,debit,card,fuel,posted
T00006913,A000332,2025-10-23 21:30:00,109.35,debit,card,entertainment,posted
T00006914,A000332,2025-12-29 13:48:00,16.35,debit,p2p,travel,posted
T00006915,A000332,2025-04-23 00:19:00,51.65,debit,ach,dining,posted
T00006916,A000332,2024-11-17 11:01:00,33.73,debit,card,grocery,posted
T00006917,A000332,2024-12-16 11:32:00,1340.84,credit,ach,,posted
T00006918,A000332,2025-07-07 20:42:00,28.75,debit,card,online_retail,posted
T00006919,A000332,2024-09-11 11:23:00,30.68,debit,card,dining,posted
T00006920,A000332,2025-06-12 21:39:00,34.59,debit,card,fuel,posted
T00006921,A000332,2025-06-29 04:39:00,60.42,debit,atm,utilities,posted
T00006922,A000332,2025-10-14 10:58:00,21.37,debit,card,online_retail,posted
T00006923,A000332,2025-05-10 23:57:00,58.67,debit,p2p,healthcare,posted
T00006924,A000332,2024-12-31 20:23:00,59.68,debit,atm,healthcare,posted
T00006925,A000332,2024-11-08 06:03:00,759.97,credit,ach,,posted
T00006926,A000332,2025-11-09 23:22:00,7.78,debit,ach,travel,posted
T00006927,A000332,2025-11-21 11:41:00,24.21,debit,card,online_retail,posted
T00006928,A000332,2025-07-17 15:17:00,55.47,debit,card,entertainment,posted
T00006929,A000332,2025-07-21 00:13:00,21.7,debit,card,healthcare,posted
T00006930,A000332,2025-04-15 03:43:00,90.51,debit,card,online_retail,posted
T00006931,A000332,2025-09-21 02:34:00,23.26,debit,card,fuel,posted
T00006932,A000332,2025-07-19 15:24:00,27.89,debit,ach,grocery,posted
T00006933,A000332,2025-11-18 09:05:00,1807.9,credit,ach,,posted
T00006934,A000332,2025-10-07 17:11:00,19.55,debit,card,dining,posted
T00006935,A000332,2025-06-23 18:17:00,60.04,debit,card,grocery,posted
T00006936,A000332,2024-09-05 19:30:00,1435.72,credit,ach,,posted
T00006937,A000332,2025-01-05 01:51:00,70.29,debit,card,utilities,declined
T00006938,A000332,2024-10-19 03:20:00,21.29,debit,card,grocery,posted
T00006939,A000333,2025-10-18 21:46:00,897.42,credit,ach,,posted
T00006940,A000333,2025-03-04 07:59:00,2298.83,credit,ach,,posted
T00006941,A000333,2025-05-01 19:22:00,760.98,credit,ach,,posted
T00006942,A000333,2025-11-18 10:40:00,75.15,debit,card,fuel,posted
T00006943,A000333,2025-04-20 08:20:00,37.13,debit,ach,dining,posted
T00006944,A000333,2025-04-26 15:54:00,11.7,debit,card,grocery,posted
T00006945,A000333,2025-01-10 13:03:00,49.2,debit,ach,utilities,posted
T00006946,A000333,2025-02-22 02:34:00,2430.84,credit,ach,,posted
T00006947,A000333,2025-12-28 23:06:00,49.53,debit,p2p,grocery,posted
T00006948,A000333,2025-09-26 18:56:00,16.74,debit,ach,travel,posted
T00006949,A000333,2025-06-02 13:06:00,46.75,debit,card,dining,posted
T00006950,A000333,2025-05-18 02:18:00,61.54,debit,ach,fuel,posted
T00006951,A000333,2025-07-20 11:34:00,14.72,debit,ach,travel,posted
T00006952,A000333,2025-12-03 19:26:00,37.86,debit,atm,healthcare,declined
T00006953,A000333,2025-11-13 08:20:00,37.37,debit,ach,grocery,declined
T00006954,A000333,2025-04-25 02:39:00,43.94,debit,card,dining,posted
T00006955,A000333,2025-11-24 07:38:00,53.67,debit,card,entertainment,posted
T00006956,A000333,2025-10-15 09:21:00,71.46,debit,p2p,grocery,posted
T00006957,A000333,2025-04-01 07:03:00,24.74,debit,atm,grocery,posted
T00006958,A000333,2025-12-16 04:35:00,33.91,debit,p2p,dining,posted
T00006959,A000333,2025-02-11 17:45:00,4.65,debit,card,entertainment,posted
T00006960,A000333,2025-03-03 03:02:00,8.85,debit,card,utilities,posted
T00006961,A000333,2025-05-02 21:08:00,31.29,debit,atm,dining,posted
T00006962,A000333,2025-06-23 02:56:00,2488.93,credit,ach,,posted
T00006963,A000333,2025-12-22 21:50:00,1737.6,credit,ach,,posted
T00006964,A000333,2025-11-28 04:04:00,23.31,debit,ach,fuel,posted
T00006965,A000333,2025-01-10 00:00:00,36.04,debit,atm,entertainment,posted
T00006966,A000333,2025-06-06 23:50:00,1339.87,credit,ach,,posted
T00006967,A000333,2025-03-30 05:11:00,46.71,debit,card,travel,posted
T00006968,A000333,2025-10-06 17:04:00,69.9,debit,card,entertainment,posted
T00006969,A000333,2025-02-10 18:43:00,54.58,debit,ach,entertainment,posted
T00006970,A000333,2025-02-23 00:50:00,3416.77,credit,ach,,posted
T00006971,A000333,2025-04-13 14:42:00,82.05,debit,card,online_retail,posted
T00006972,A000334,2025-09-11 20:18:00,3.52,debit,ach,fuel,posted
T00006973,A000334,2025-12-20 19:52:00,159.81,debit,card,dining,posted
T00006974,A000334,2025-09-30 03:48:00,71.31,debit,atm,grocery,posted
T00006975,A000334,2025-11-26 10:34:00,60.17,debit,card,utilities,posted
T00006976,A000334,2025-10-21 22:28:00,18.8,debit,ach,entertainment,posted
T00006977,A000334,2025-09-27 11:56:00,27.37,debit,ach,grocery,posted
T00006978,A000334,2025-12-23 06:48:00,69.12,debit,card,online_retail,posted
T00006979,A000334,2025-10-03 03:25:00,311.64,debit,ach,fuel,posted
T00006980,A000334,2025-12-01 16:40:00,16.3,debit,card,grocery,posted
T00006981,A000334,2025-10-31 05:25:00,58.96,debit,ach,grocery,posted
T00006982,A000334,2025-12-06 16:33:00,143.97,debit,card,dining,posted
T00006983,A000334,2025-10-22 06:46:00,1472.71,credit,ach,,posted
T00006984,A000334,2025-12-25 19:20:00,10.88,debit,card,healthcare,posted
T00006985,A000334,2025-11-22 23:00:00,27.19,debit,card,utilities,reversed
T00006986,A000334,2025-09-18 12:59:00,1986.77,credit,ach,,posted
T00006987,A000334,2025-12-01 09:53:00,692.39,credit,ach,,posted
T00006988,A000334,2025-10-20 14:37:00,3917.6,credit,ach,,posted
T00006989,A000334,2025-11-01 04:07:00,3684.11,credit,ach,,posted
T00006990,A000334,2025-12-04 00:23:00,5.18,debit,card,dining,posted
T00006991,A000334,2025-09-07 16:56:00,31.48,debit,p2p,entertainment,posted
T00006992,A000334,2025-10-01 04:24:00,23.68,debit,card,online_retail,posted
T00006993,A000334,2025-12-14 01:05:00,48.68,debit,card,online_retail,posted
T00006994,A000334,2025-09-11 22:18:00,20.98,debit,ach,fuel,declined
T00006995,A000334,2025-09-30 14:04:00,104.39,debit,ach,dining,posted
T00006996,A000334,2025-12-10 15:03:00,28.29,debit,atm,entertainment,posted
T00006997,A000334,2025-08-31 02:49:00,58.75,debit,card,entertainment,posted
T00006998,A000334,2025-10-20 04:42:00,6.12,debit,ach,travel,posted
T00006999,A000335,2025-11-18 00:53:00,2880.89,credit,ach,,declined
T00007000,A000335,2025-12-30 12:56:00,1801.98,credit,ach,,posted
T00007001,A000335,2025-12-10 03:42:00,56.94,debit,card,online_retail,posted
T00007002,A000335,2025-11-09 17:31:00,14.88,debit,card,healthcare,posted
T00007003,A000335,2025-11-05 02:02:00,10.55,debit,p2p,dining,posted
T00007004,A000335,2025-11-09 16:39:00,1019.8,credit,ach,,posted
T00007005,A000335,2025-12-01 10:12:00,31.34,debit,card,travel,posted
T00007006,A000335,2025-11-23 22:12:00,10.98,debit,card,fuel,posted
T00007007,A000335,2025-12-16 22:24:00,62.95,debit,card,dining,posted
T00007008,A000335,2025-12-24 20:39:00,3317.37,credit,ach,,posted
T00007009,A000336,2025-04-15 01:43:00,141.56,debit,p2p,entertainment,posted
T00007010,A000336,2025-10-07 14:14:00,118.27,debit,atm,utilities,posted
T00007011,A000336,2025-04-18 17:37:00,26.3,debit,card,online_retail,posted
T00007012,A000336,2025-08-24 23:00:00,1848.41,credit,ach,,posted
T00007013,A000336,2025-05-17 06:15:00,152.86,debit,card,online_retail,posted
T00007014,A000336,2025-06-15 11:20:00,281.07,debit,card,fuel,posted
T00007015,A000336,2025-05-13 08:05:00,171.16,debit,card,online_retail,posted
T00007016,A000336,2025-11-13 03:15:00,1164.21,credit,ach,,posted
T00007017,A000336,2025-04-12 11:27:00,3636.16,credit,ach,,posted
T00007018,A000336,2025-06-01 02:07:00,65.02,debit,card,healthcare,posted
T00007019,A000336,2025-05-04 16:11:00,14.64,debit,card,fuel,posted
T00007020,A000336,2025-06-23 02:52:00,863.45,credit,ach,,posted
T00007021,A000336,2025-07-26 21:46:00,2187.24,credit,ach,,posted
T00007022,A000336,2025-07-28 06:02:00,65.54,debit,atm,dining,posted
T00007023,A000336,2025-11-09 00:10:00,3153.48,credit,ach,,posted
T00007024,A000336,2025-06-24 17:36:00,55.3,debit,card,travel,posted
T00007025,A000336,2025-09-16 20:51:00,34.48,debit,p2p,travel,posted
T00007026,A000336,2025-10-13 16:45:00,19.76,debit,ach,entertainment,posted
T00007027,A000337,2025-10-20 01:29:00,32.81,debit,card,utilities,posted
T00007028,A000337,2025-08-22 05:59:00,1705.32,credit,ach,,posted
T00007029,A000337,2025-12-15 20:46:00,33.96,debit,atm,fuel,posted
T00007030,A000337,2025-10-12 00:56:00,641.44,credit,ach,,posted
T00007031,A000337,2025-09-17 08:09:00,56.87,debit,p2p,grocery,posted
T00007032,A000337,2025-10-10 12:34:00,425.43,debit,ach,travel,posted
T00007033,A000337,2025-11-16 03:21:00,15.03,debit,ach,healthcare,posted
T00007034,A000337,2025-12-15 03:17:00,1362.64,credit,ach,,posted
T00007035,A000337,2025-08-17 10:17:00,24.26,debit,card,fuel,posted
T00007036,A000337,2025-08-01 06:16:00,27.34,debit,card,dining,posted
T00007037,A000337,2025-09-13 18:24:00,18.58,debit,card,utilities,posted
T00007038,A000337,2025-06-29 16:44:00,101.97,debit,card,grocery,posted
T00007039,A000337,2025-09-20 03:06:00,158.7,debit,card,healthcare,posted
T00007040,A000337,2025-09-11 16:21:00,70.71,debit,card,grocery,posted
T00007041,A000337,2025-08-30 09:13:00,67.41,debit,p2p,utilities,posted
T00007042,A000337,2025-12-10 22:43:00,86.85,debit,ach,utilities,posted
T00007043,A000337,2025-12-22 10:28:00,129.97,debit,card,healthcare,posted
T00007044,A000337,2025-12-04 00:40:00,2275.23,credit,ach,,posted
T00007045,A000337,2025-08-12 20:50:00,1983.93,credit,ach,,declined
T00007046,A000337,2025-12-10 01:29:00,16.67,debit,card,travel,posted
T00007047,A000337,2025-06-15 18:45:00,10.42,debit,card,dining,posted
T00007048,A000337,2025-12-03 06:13:00,3909.28,credit,ach,,posted
T00007049,A000337,2025-08-11 23:05:00,31.2,debit,atm,entertainment,posted
T00007050,A000337,2025-11-20 13:44:00,2253.45,credit,ach,,posted
T00007051,A000337,2025-08-13 23:16:00,1008.44,credit,ach,,posted
T00007052,A000337,2025-12-04 01:07:00,34.89,debit,card,healthcare,posted
T00007053,A000337,2025-07-27 06:58:00,2057.28,credit,ach,,declined
T00007054,A000337,2025-10-25 22:40:00,29.75,debit,p2p,utilities,posted
T00007055,A000337,2025-06-22 11:53:00,9.87,debit,p2p,fuel,posted
T00007056,A000337,2025-09-24 07:47:00,7.61,debit,card,utilities,posted
T00007057,A000337,2025-12-14 14:46:00,36.31,debit,p2p,fuel,posted
T00007058,A000337,2025-11-26 11:57:00,94.27,debit,p2p,fuel,posted
T00007059,A000338,2025-09-19 14:26:00,4.82,debit,card,healthcare,posted
T00007060,A000338,2025-12-07 23:06:00,66.72,debit,atm,travel,posted
T00007061,A000338,2025-10-25 15:14:00,16.74,debit,card,entertainment,posted
T00007062,A000338,2025-10-21 21:47:00,196.85,debit,p2p,grocery,posted
T00007063,A000338,2025-09-16 07:12:00,35.49,debit,atm,dining,posted
T00007064,A000338,2025-10-23 05:53:00,1358.13,credit,ach,,posted
T00007065,A000338,2025-12-08 14:42:00,7.92,debit,p2p,healthcare,posted
T00007066,A000338,2025-11-24 08:12:00,1787.58,credit,ach,,posted
T00007067,A000338,2025-08-23 12:15:00,2270.09,credit,ach,,posted
T00007068,A000338,2025-11-09 08:46:00,3.2,debit,card,fuel,posted
T00007069,A000338,2025-08-15 21:38:00,45.78,debit,card,entertainment,posted
T00007070,A000338,2025-08-16 02:43:00,66.65,debit,p2p,fuel,posted
T00007071,A000338,2025-12-30 21:59:00,2733.96,credit,ach,,posted
T00007072,A000338,2025-12-19 18:33:00,77.49,debit,atm,fuel,posted
T00007073,A000338,2025-12-20 21:57:00,33.98,debit,atm,travel,posted
T00007074,A000338,2025-08-18 03:57:00,27.39,debit,card,travel,posted
T00007075,A000338,2025-11-08 21:09:00,53.52,debit,ach,entertainment,posted
T00007076,A000338,2025-10-18 10:26:00,4.93,debit,card,fuel,posted
T00007077,A000338,2025-11-07 00:23:00,15.35,debit,p2p,utilities,posted
T00007078,A000338,2025-08-17 11:36:00,31.7,debit,card,fuel,posted
T00007079,A000338,2025-09-22 07:19:00,13.8,debit,card,utilities,posted
T00007080,A000338,2025-10-26 06:43:00,37.03,debit,card,entertainment,posted
T00007081,A000338,2025-09-29 21:17:00,52.22,debit,card,healthcare,posted
T00007082,A000338,2025-11-30 10:31:00,2904.87,credit,ach,,posted
T00007083,A000338,2025-12-12 10:53:00,17.2,debit,ach,fuel,posted
T00007084,A000338,2025-11-04 18:43:00,99.78,debit,card,fuel,posted
T00007085,A000338,2025-09-22 08:31:00,9.16,debit,atm,dining,posted
T00007086,A000338,2025-10-02 14:34:00,8.54,debit,card,grocery,posted
T00007087,A000338,2025-11-27 08:09:00,22.8,debit,ach,travel,posted
T00007088,A000338,2025-08-16 01:44:00,38.54,debit,card,utilities,posted
T00007089,A000338,2025-09-15 07:02:00,17.39,debit,ach,grocery,posted
T00007090,A000338,2025-10-02 13:16:00,3136.23,credit,ach,,posted
T00007091,A000338,2025-09-09 11:53:00,3610.56,credit,ach,,posted
T00007092,A000338,2025-09-30 05:18:00,2847.41,credit,ach,,posted
T00007093,A000338,2025-11-18 01:04:00,1356.49,credit,ach,,posted
T00007094,A000338,2025-09-24 23:48:00,10.5,debit,atm,fuel,posted
T00007095,A000338,2025-12-31 10:59:00,33.59,debit,card,entertainment,posted
T00007096,A000338,2025-08-24 05:08:00,1440.75,credit,ach,,posted
T00007097,A000338,2025-09-05 12:54:00,2916.49,credit,ach,,posted
T00007098,A000338,2025-11-09 07:43:00,821.41,credit,ach,,posted
T00007099,A000339,2025-09-05 20:19:00,201.72,debit,card,utilities,posted
T00007100,A000339,2025-12-07 07:40:00,5.09,debit,atm,utilities,posted
T00007101,A000339,2025-05-31 19:54:00,113.28,debit,card,grocery,posted
T00007102,A000339,2025-09-29 20:47:00,53.69,debit,card,travel,posted
T00007103,A000339,2025-11-24 13:44:00,37.3,debit,card,healthcare,posted
T00007104,A000339,2025-07-28 12:09:00,41.24,debit,atm,entertainment,posted
T00007105,A000339,2025-11-12 11:09:00,41.14,debit,atm,fuel,posted
T00007106,A000339,2025-10-10 10:24:00,60.4,debit,atm,dining,posted
T00007107,A000339,2025-08-16 14:53:00,3931.49,credit,ach,,posted
T00007108,A000339,2025-11-22 19:19:00,48.89,debit,card,online_retail,declined
T00007109,A000339,2025-08-23 04:20:00,5.99,debit,card,entertainment,posted
T00007110,A000339,2025-08-25 21:12:00,2446.52,credit,ach,,posted
T00007111,A000339,2025-09-07 15:35:00,123.94,debit,card,fuel,posted
T00007112,A000339,2025-06-05 17:44:00,27.59,debit,ach,utilities,posted
T00007113,A000339,2025-05-15 03:20:00,54.05,debit,card,utilities,posted
T00007114,A000339,2025-10-06 00:26:00,1663.14,credit,ach,,posted
T00007115,A000339,2025-10-03 17:11:00,37.26,debit,ach,grocery,posted
T00007116,A000339,2025-11-06 13:19:00,30.76,debit,ach,fuel,posted
T00007117,A000339,2025-06-12 12:36:00,21.7,debit,card,online_retail,posted
T00007118,A000339,2025-09-16 09:52:00,2640.1,credit,ach,,posted
T00007119,A000339,2025-09-30 14:32:00,18.38,debit,atm,fuel,posted
T00007120,A000339,2025-12-27 01:32:00,6.25,debit,ach,utilities,posted
T00007121,A000339,2025-09-11 00:12:00,6.29,debit,card,healthcare,posted
T00007122,A000339,2025-10-04 11:05:00,30.96,debit,card,online_retail,posted
T00007123,A000339,2025-07-03 09:48:00,78.3,debit,atm,fuel,posted
T00007124,A000339,2025-05-04 18:23:00,39.2,debit,p2p,utilities,posted
T00007125,A000339,2025-12-18 04:11:00,9.95,debit,p2p,online_retail,posted
T00007126,A000339,2025-12-13 14:55:00,2.08,debit,p2p,healthcare,posted
T00007127,A000339,2025-04-30 08:39:00,76.9,debit,p2p,utilities,declined
T00007128,A000339,2025-09-13 20:43:00,10.36,debit,card,dining,posted
T00007129,A000339,2025-10-31 10:46:00,65.45,debit,card,dining,posted
T00007130,A000339,2025-12-18 16:37:00,21.24,debit,card,dining,posted
T00007131,A000339,2025-12-14 12:23:00,85.75,debit,atm,healthcare,posted
T00007132,A000339,2025-04-30 01:59:00,9.8,debit,card,dining,posted
T00007133,A000339,2025-11-26 09:00:00,96.45,debit,card,healthcare,posted
T00007134,A000340,2025-09-07 12:46:00,34.03,debit,p2p,healthcare,posted
T00007135,A000340,2025-10-04 15:55:00,90.02,debit,card,healthcare,posted
T00007136,A000340,2025-10-03 13:43:00,18.36,debit,card,grocery,posted
T00007137,A000340,2025-09-02 12:22:00,23.68,debit,card,grocery,posted
T00007138,A000340,2025-10-14 14:36:00,17.21,debit,ach,fuel,posted
T00007139,A000340,2025-09-20 02:22:00,52.5,debit,ach,utilities,posted
T00007140,A000340,2025-12-10 09:04:00,6.54,debit,ach,grocery,posted
T00007141,A000340,2025-10-30 17:27:00,4.8,debit,card,grocery,posted
T00007142,A000340,2025-11-19 22:49:00,20.64,debit,atm,online_retail,posted
T00007143,A000340,2025-12-05 23:56:00,46.64,debit,card,healthcare,posted
T00007144,A000341,2025-11-13 00:33:00,22.11,debit,ach,utilities,posted
T00007145,A000341,2025-08-15 06:54:00,225.79,debit,card,fuel,posted
T00007146,A000341,2025-11-27 12:11:00,844.71,credit,ach,,posted
T00007147,A000341,2025-09-14 02:29:00,1855.48,credit,ach,,posted
T00007148,A000341,2025-11-28 13:29:00,2625.88,credit,ach,,posted
T00007149,A000341,2025-08-20 15:57:00,2882.11,credit,ach,,posted
T00007150,A000341,2025-09-27 13:23:00,2.4,debit,ach,healthcare,posted
T00007151,A000341,2025-12-07 20:07:00,1.13,debit,atm,fuel,posted
T00007152,A000341,2025-10-13 18:45:00,5.49,debit,p2p,dining,posted
T00007153,A000341,2025-10-17 17:45:00,27.39,debit,p2p,dining,posted
T00007154,A000341,2025-11-04 20:30:00,6.17,debit,card,grocery,posted
T00007155,A000341,2025-08-12 07:40:00,905.54,credit,ach,,posted
T00007156,A000341,2025-11-23 15:00:00,160.73,debit,atm,grocery,posted
T00007157,A000341,2025-11-01 02:38:00,37.35,debit,ach,healthcare,posted
T00007158,A000341,2025-10-26 19:35:00,13.45,debit,card,dining,posted
T00007159,A000341,2025-09-27 00:34:00,110.95,debit,p2p,healthcare,posted
T00007160,A000341,2025-08-16 08:03:00,55.31,debit,ach,dining,posted
T00007161,A000341,2025-09-03 06:51:00,1203.36,credit,ach,,posted
T00007162,A000341,2025-11-06 06:36:00,15.8,debit,card,grocery,posted
T00007163,A000341,2025-12-09 08:55:00,37.92,debit,card,utilities,posted
T00007164,A000341,2025-08-22 05:19:00,14.68,debit,card,fuel,posted
T00007165,A000341,2025-10-06 10:42:00,77.18,debit,card,online_retail,posted
T00007166,A000341,2025-12-25 23:56:00,18.73,debit,atm,grocery,declined
T00007167,A000341,2025-10-30 04:25:00,1470.38,credit,ach,,posted
T00007168,A000341,2025-11-30 20:33:00,1532.71,credit,ach,,posted
T00007169,A000341,2025-11-19 13:14:00,34.18,debit,card,entertainment,posted
T00007170,A000341,2025-11-28 07:56:00,2112.27,credit,ach,,posted
T00007171,A000341,2025-09-28 17:53:00,37.2,debit,p2p,online_retail,posted
T00007172,A000341,2025-08-24 03:21:00,71.76,debit,card,dining,reversed
T00007173,A000341,2025-11-26 04:39:00,3044.27,credit,ach,,posted
T00007174,A000341,2025-09-09 07:16:00,31.3,debit,card,travel,posted
T00007175,A000341,2025-11-25 00:24:00,36.46,debit,card,entertainment,posted
T00007176,A000341,2025-10-12 11:25:00,491.77,debit,card,dining,posted
T00007177,A000341,2025-08-21 15:25:00,64.25,debit,card,healthcare,posted
T00007178,A000341,2025-11-28 14:19:00,47.74,debit,p2p,travel,posted
T00007179,A000341,2025-12-13 02:26:00,204.45,debit,ach,travel,posted
T00007180,A000342,2025-11-17 21:05:00,2937.25,credit,ach,,posted
T00007181,A000342,2025-10-27 21:10:00,1129.37,credit,ach,,posted
T00007182,A000342,2025-11-16 15:10:00,20.44,debit,card,dining,posted
T00007183,A000342,2025-10-01 06:21:00,3035.95,credit,ach,,posted
T00007184,A000342,2025-10-12 01:25:00,3016.82,credit,ach,,posted
T00007185,A000342,2025-12-02 23:00:00,21.69,debit,atm,travel,posted
T00007186,A000343,2025-09-07 09:50:00,1821.14,credit,ach,,posted
T00007187,A000343,2025-12-15 07:12:00,1.54,debit,ach,healthcare,posted
T00007188,A000343,2025-12-02 16:08:00,31.88,debit,card,entertainment,posted
T00007189,A000343,2025-11-04 13:54:00,8.45,debit,card,fuel,posted
T00007190,A000343,2025-12-15 00:18:00,60.83,debit,card,utilities,posted
T00007191,A000343,2025-10-23 11:40:00,59.49,debit,p2p,utilities,posted
T00007192,A000343,2025-12-30 07:00:00,40.95,debit,card,grocery,posted
T00007193,A000343,2025-12-19 11:50:00,10.74,debit,atm,online_retail,posted
T00007194,A000343,2025-12-15 13:50:00,600.93,credit,ach,,posted
T00007195,A000344,2025-10-08 15:02:00,63.18,debit,atm,utilities,posted
T00007196,A000344,2025-10-17 16:41:00,101.99,debit,ach,travel,posted
T00007197,A000344,2025-09-12 22:24:00,124.7,debit,p2p,grocery,posted
T00007198,A000344,2025-11-10 08:22:00,41.83,debit,card,utilities,posted
T00007199,A000344,2025-11-04 17:00:00,12.6,debit,card,travel,posted
T00007200,A000344,2025-09-02 11:33:00,22.25,debit,p2p,utilities,posted
T00007201,A000344,2025-09-08 17:59:00,11.52,debit,ach,dining,posted
T00007202,A000344,2025-12-28 17:43:00,46.16,debit,card,healthcare,posted
T00007203,A000344,2025-09-25 13:57:00,1468.03,credit,ach,,posted
T00007204,A000344,2025-08-31 05:49:00,130.74,debit,ach,healthcare,posted
T00007205,A000344,2025-10-21 10:30:00,25.61,debit,card,healthcare,posted
T00007206,A000344,2025-08-30 07:58:00,837.6,credit,ach,,posted
T00007207,A000344,2025-10-04 08:20:00,30.84,debit,p2p,utilities,posted
T00007208,A000344,2025-09-17 17:43:00,44.06,debit,card,fuel,posted
T00007209,A000344,2025-12-08 04:50:00,130.32,debit,atm,grocery,posted
T00007210,A000344,2025-10-18 15:07:00,2572.74,credit,ach,,posted
T00007211,A000344,2025-10-04 06:14:00,33.88,debit,atm,travel,posted
T00007212,A000344,2025-12-26 05:08:00,133.78,debit,card,dining,posted
T00007213,A000344,2025-09-26 11:36:00,451.57,debit,ach,dining,posted
T00007214,A000344,2025-09-10 03:17:00,150.09,debit,card,healthcare,posted
T00007215,A000344,2025-11-11 19:12:00,43.35,debit,atm,entertainment,posted
T00007216,A000345,2025-11-27 02:33:00,6.54,debit,atm,utilities,posted
T00007217,A000345,2025-11-28 13:41:00,6.68,debit,card,online_retail,posted
T00007218,A000345,2025-12-24 23:36:00,44.35,debit,atm,utilities,posted
T00007219,A000345,2025-12-22 10:49:00,3.14,debit,card,online_retail,posted
T00007220,A000345,2025-12-29 05:32:00,28.03,debit,p2p,healthcare,posted
T00007221,A000345,2025-12-23 02:19:00,39.68,debit,card,dining,declined
T00007222,A000345,2025-12-02 23:56:00,1213.02,credit,ach,,posted
T00007223,A000345,2025-12-15 21:19:00,36.16,debit,card,utilities,posted
T00007224,A000345,2025-12-26 01:49:00,10.37,debit,ach,travel,posted
T00007225,A000345,2025-12-27 03:36:00,8.73,debit,atm,healthcare,posted
T00007226,A000345,2025-12-06 22:17:00,64.74,debit,ach,dining,posted
T00007227,A000345,2025-11-20 10:09:00,33.74,debit,card,grocery,posted
T00007228,A000345,2025-12-08 13:48:00,45.71,debit,card,online_retail,posted
T00007229,A000345,2025-12-06 09:14:00,114.92,debit,card,utilities,posted
T00007230,A000345,2025-12-16 20:59:00,29.65,debit,card,online_retail,declined
T00007231,A000345,2025-12-13 15:49:00,13.09,debit,p2p,fuel,declined
T00007232,A000345,2025-12-18 17:16:00,1.89,debit,ach,dining,posted
T00007233,A000345,2025-12-25 11:54:00,62.77,debit,atm,dining,posted
T00007234,A000345,2025-12-20 17:05:00,32.09,debit,p2p,dining,posted
T00007235,A000345,2025-12-27 03:33:00,28.26,debit,card,entertainment,posted
T00007236,A000345,2025-11-23 16:41:00,42.36,debit,card,healthcare,declined
T00007237,A000345,2025-12-01 03:00:00,70.8,debit,ach,dining,posted
T00007238,A000345,2025-12-08 01:27:00,134.62,debit,p2p,grocery,posted
T00007239,A000345,2025-12-02 14:58:00,2396.76,credit,ach,,posted
T00007240,A000345,2025-11-24 09:27:00,38.92,debit,ach,utilities,posted
T00007241,A000345,2025-12-20 16:12:00,44.53,debit,card,dining,posted
T00007242,A000345,2025-12-07 15:00:00,125.77,debit,card,online_retail,posted
T00007243,A000345,2025-11-30 19:08:00,138.85,debit,ach,fuel,posted
T00007244,A000345,2025-11-26 07:18:00,856.05,credit,ach,,posted
T00007245,A000345,2025-12-21 13:14:00,2966.99,credit,ach,,posted
T00007246,A000346,2025-12-18 03:05:00,9.58,debit,atm,online_retail,posted
T00007247,A000346,2025-12-23 02:12:00,81.36,debit,ach,travel,posted
T00007248,A000346,2025-12-04 14:33:00,123.79,debit,card,utilities,posted
T00007249,A000346,2025-12-25 03:38:00,40.85,debit,card,dining,posted
T00007250,A000346,2025-11-25 06:48:00,2315.78,credit,ach,,posted
T00007251,A000346,2025-11-30 19:11:00,78.55,debit,card,travel,posted
T00007252,A000346,2025-12-16 01:23:00,19.85,debit,card,utilities,posted
T00007253,A000346,2025-12-08 06:11:00,14.41,debit,p2p,grocery,posted
T00007254,A000346,2025-11-18 05:46:00,558.79,debit,card,dining,posted
T00007255,A000346,2025-12-16 03:30:00,28.19,debit,ach,online_retail,posted
T00007256,A000346,2025-12-30 12:58:00,1465.84,credit,ach,,posted
T00007257,A000346,2025-12-06 09:21:00,15.76,debit,card,travel,posted
T00007258,A000346,2025-12-15 06:10:00,225.91,debit,card,travel,posted
T00007259,A000348,2025-10-08 08:36:00,51.22,debit,card,healthcare,posted
T00007260,A000348,2025-10-09 02:18:00,45.17,debit,p2p,fuel,posted
T00007261,A000348,2025-08-01 01:37:00,1003.27,credit,ach,,posted
T00007262,A000348,2025-11-28 11:15:00,51.52,debit,p2p,entertainment,posted
T00007263,A000348,2025-11-28 18:22:00,3983.91,credit,ach,,posted
T00007264,A000348,2025-11-18 00:27:00,77.45,debit,p2p,healthcare,posted
T00007265,A000348,2025-12-10 04:27:00,101.64,debit,card,utilities,posted
T00007266,A000348,2025-07-22 10:46:00,62.21,debit,card,grocery,posted
T00007267,A000348,2025-10-05 15:38:00,124.27,debit,card,online_retail,posted
T00007268,A000348,2025-12-22 00:26:00,17.13,debit,atm,fuel,posted
T00007269,A000348,2025-07-23 12:04:00,1766.98,credit,ach,,posted
T00007270,A000348,2025-12-21 03:31:00,21.77,debit,p2p,dining,posted
T00007271,A000348,2025-09-26 00:35:00,35.86,debit,ach,online_retail,posted
T00007272,A000348,2025-08-09 21:46:00,3081.38,credit,ach,,posted
T00007273,A000348,2025-08-06 13:19:00,1353.88,credit,ach,,posted
T00007274,A000348,2025-12-03 04:33:00,13.03,debit,ach,grocery,posted
T00007275,A000348,2025-11-14 08:54:00,3357.28,credit,ach,,posted
T00007276,A000348,2025-12-09 04:49:00,32.35,debit,card,entertainment,posted
T00007277,A000348,2025-12-30 21:12:00,2037.01,credit,ach,,posted
T00007278,A000348,2025-10-17 15:53:00,61.47,debit,card,utilities,posted
T00007279,A000348,2025-09-09 00:02:00,678.78,debit,card,grocery,posted
T00007280,A000349,2025-12-10 00:26:00,31.4,debit,p2p,travel,posted
T00007281,A000349,2025-12-07 18:40:00,11.03,debit,atm,fuel,posted
T00007282,A000349,2025-12-11 23:48:00,7.35,debit,p2p,fuel,posted
T00007283,A000349,2025-12-29 17:03:00,1712.7,credit,ach,,posted
T00007284,A000349,2025-12-10 05:47:00,55.45,debit,atm,entertainment,posted
T00007285,A000349,2025-12-23 20:41:00,2138.81,credit,ach,,posted
T00007286,A000349,2025-12-12 13:33:00,1278.87,credit,ach,,posted
T00007287,A000349,2025-12-12 04:53:00,28.99,debit,atm,dining,posted
T00007288,A000349,2025-12-08 05:58:00,131.27,debit,p2p,grocery,posted
T00007289,A000349,2025-12-07 20:09:00,976.72,credit,ach,,posted
T00007290,A000349,2025-12-28 21:50:00,24.66,debit,card,grocery,posted
T00007291,A000349,2025-12-19 20:17:00,25.16,debit,p2p,dining,posted
T00007292,A000349,2025-12-25 23:29:00,2265.57,credit,ach,,posted
T00007293,A000349,2025-12-16 20:07:00,2928.08,credit,ach,,posted
T00007294,A000349,2025-12-15 00:42:00,59.68,debit,card,dining,declined
T00007295,A000349,2025-12-21 14:49:00,11.88,debit,card,travel,posted
T00007296,A000349,2025-12-23 15:15:00,25.65,debit,card,travel,posted
T00007297,A000349,2025-12-08 19:05:00,1794.56,credit,ach,,posted
T00007298,A000349,2025-12-13 12:45:00,58.71,debit,ach,online_retail,posted
T00007299,A000349,2025-12-07 01:36:00,36.2,debit,p2p,dining,posted
T00007300,A000349,2025-12-19 10:56:00,1959.6,credit,ach,,posted
T00007301,A000349,2025-12-20 19:39:00,11.4,debit,atm,travel,posted
T00007302,A000349,2025-12-26 23:19:00,148.88,debit,card,healthcare,posted
T00007303,A000349,2025-12-25 12:59:00,35.53,debit,p2p,dining,posted
T00007304,A000349,2025-12-16 11:28:00,31.47,debit,ach,online_retail,posted
T00007305,A000349,2025-12-18 04:58:00,6.28,debit,card,travel,posted
T00007306,A000349,2025-12-11 22:46:00,41.48,debit,p2p,dining,posted
T00007307,A000349,2025-12-31 14:34:00,3024.03,credit,ach,,posted
T00007308,A000349,2025-12-25 17:24:00,116.63,debit,card,grocery,posted
T00007309,A000349,2025-12-15 07:16:00,24.16,debit,ach,utilities,declined
T00007310,A000350,2025-06-09 09:59:00,61.0,debit,ach,fuel,posted
T00007311,A000350,2025-04-27 13:49:00,3628.39,credit,ach,,posted
T00007312,A000350,2025-10-22 03:45:00,71.33,debit,card,utilities,posted
T00007313,A000350,2025-12-09 20:19:00,20.72,debit,card,fuel,posted
T00007314,A000350,2025-09-26 21:29:00,1793.29,credit,ach,,posted
T00007315,A000350,2025-12-25 13:07:00,27.21,debit,card,dining,posted
T00007316,A000350,2025-12-14 15:32:00,101.92,debit,atm,entertainment,posted
T00007317,A000350,2025-10-23 20:54:00,38.94,debit,p2p,grocery,posted
T00007318,A000350,2025-09-15 15:09:00,36.52,debit,card,grocery,posted
T00007319,A000350,2025-05-03 20:21:00,3989.91,credit,ach,,posted
T00007320,A000350,2025-08-12 21:25:00,3592.95,credit,ach,,posted
T00007321,A000351,2025-12-25 18:01:00,156.78,debit,p2p,entertainment,posted
T00007322,A000351,2025-12-30 08:01:00,39.22,debit,card,dining,posted
T00007323,A000351,2025-11-02 15:28:00,11.5,debit,atm,entertainment,posted
T00007324,A000351,2025-10-24 18:54:00,3652.21,credit,ach,,posted
T00007325,A000351,2025-11-13 01:07:00,17.02,debit,p2p,healthcare,posted
T00007326,A000351,2025-10-22 08:33:00,16.86,debit,ach,utilities,posted
T00007327,A000351,2025-12-21 03:54:00,26.57,debit,ach,dining,posted
T00007328,A000351,2025-10-23 00:30:00,41.89,debit,card,healthcare,posted
T00007329,A000351,2025-10-27 02:09:00,3011.17,credit,ach,,posted
T00007330,A000351,2025-11-02 10:51:00,3777.59,credit,ach,,posted
T00007331,A000351,2025-12-20 21:59:00,26.0,debit,card,entertainment,posted
T00007332,A000351,2025-12-18 03:46:00,24.88,debit,ach,fuel,posted
T00007333,A000351,2025-10-23 13:54:00,17.01,debit,p2p,entertainment,posted
T00007334,A000351,2025-11-22 18:44:00,3610.74,credit,ach,,posted
T00007335,A000351,2025-12-03 03:07:00,3734.63,credit,ach,,posted
T00007336,A000351,2025-10-30 15:32:00,3985.85,credit,ach,,posted
T00007337,A000351,2025-12-17 02:58:00,40.22,debit,ach,healthcare,posted
T00007338,A000351,2025-12-20 13:23:00,34.0,debit,p2p,travel,posted
T00007339,A000351,2025-12-07 00:26:00,2958.7,credit,ach,,posted
T00007340,A000351,2025-12-04 10:44:00,2077.61,credit,ach,,posted
T00007341,A000351,2025-11-14 19:07:00,30.61,debit,ach,utilities,declined
T00007342,A000351,2025-12-29 06:17:00,20.27,debit,card,fuel,posted
T00007343,A000351,2025-12-25 10:44:00,15.0,debit,card,grocery,posted
T00007344,A000351,2025-12-16 03:31:00,22.22,debit,card,online_retail,posted
T00007345,A000351,2025-10-20 06:53:00,9.16,debit,p2p,travel,posted
T00007346,A000351,2025-10-21 14:46:00,3068.95,credit,ach,,posted
T00007347,A000351,2025-11-26 07:28:00,928.84,credit,ach,,declined
T00007348,A000351,2025-11-11 16:38:00,14.22,debit,ach,healthcare,posted
T00007349,A000351,2025-11-17 09:52:00,28.83,debit,card,dining,posted
T00007350,A000351,2025-10-22 22:39:00,28.0,debit,card,dining,posted
T00007351,A000351,2025-11-29 15:06:00,12.0,debit,card,fuel,posted
T00007352,A000352,2025-12-23 00:25:00,12.38,debit,ach,online_retail,posted
T00007353,A000352,2025-12-02 17:16:00,1142.67,credit,ach,,posted
T00007354,A000352,2025-12-16 02:41:00,3389.42,credit,ach,,posted
T00007355,A000352,2025-12-07 06:27:00,7.53,debit,atm,entertainment,posted
T00007356,A000352,2025-11-28 02:20:00,62.35,debit,atm,travel,declined
T00007357,A000352,2025-11-13 22:39:00,2539.29,credit,ach,,posted
T00007358,A000352,2025-11-24 18:55:00,33.34,debit,ach,entertainment,posted
T00007359,A000352,2025-11-20 00:31:00,15.06,debit,p2p,utilities,posted
T00007360,A000352,2025-11-27 19:09:00,12.64,debit,card,utilities,posted
T00007361,A000352,2025-11-19 09:21:00,201.93,debit,card,online_retail,posted
T00007362,A000352,2025-12-27 13:34:00,11.22,debit,ach,grocery,posted
T00007363,A000352,2025-12-25 05:57:00,31.75,debit,card,healthcare,declined
T00007364,A000353,2025-08-09 09:11:00,42.55,debit,card,fuel,posted
T00007365,A000353,2025-04-12 00:19:00,2885.72,credit,ach,,declined
T00007366,A000353,2025-09-03 23:45:00,26.85,debit,card,healthcare,posted
T00007367,A000353,2025-06-23 08:09:00,2720.56,credit,ach,,posted
T00007368,A000353,2025-11-02 12:44:00,23.24,debit,p2p,travel,posted
T00007369,A000353,2025-12-30 15:44:00,40.2,debit,p2p,utilities,posted
T00007370,A000353,2025-08-28 16:11:00,192.88,debit,card,dining,posted
T00007371,A000353,2025-12-15 00:53:00,1443.63,credit,ach,,posted
T00007372,A000353,2025-04-01 13:06:00,48.43,debit,card,entertainment,posted
T00007373,A000353,2025-04-29 00:48:00,123.51,debit,card,online_retail,posted
T00007374,A000353,2025-05-27 04:25:00,1368.58,credit,ach,,posted
T00007375,A000353,2025-08-14 12:18:00,74.06,debit,ach,online_retail,declined
T00007376,A000353,2025-08-28 01:44:00,10.4,debit,card,utilities,posted
T00007377,A000353,2025-07-22 10:28:00,21.6,debit,ach,entertainment,posted
T00007378,A000353,2025-09-23 07:12:00,36.19,debit,card,travel,posted
T00007379,A000353,2025-06-17 19:07:00,101.0,debit,card,dining,posted
T00007380,A000353,2025-11-29 08:57:00,5.89,debit,ach,fuel,posted
T00007381,A000353,2025-07-30 06:10:00,51.8,debit,atm,travel,posted
T00007382,A000353,2025-11-20 04:37:00,87.61,debit,ach,fuel,posted
T00007383,A000353,2025-06-11 13:18:00,45.21,debit,atm,travel,posted
T00007384,A000353,2025-10-02 01:49:00,49.81,debit,card,fuel,posted
T00007385,A000353,2025-09-08 12:06:00,24.07,debit,atm,utilities,posted
T00007386,A000353,2025-04-28 14:14:00,3344.6,credit,ach,,posted
T00007387,A000354,2025-12-05 16:48:00,3103.19,credit,ach,,posted
T00007388,A000354,2025-07-07 09:46:00,48.43,debit,card,healthcare,declined
T00007389,A000354,2025-08-31 19:31:00,4.28,debit,card,fuel,posted
T00007390,A000354,2025-11-06 07:37:00,13.43,debit,card,fuel,posted
T00007391,A000354,2025-09-13 14:28:00,72.42,debit,card,online_retail,posted
T00007392,A000354,2025-12-06 19:19:00,52.75,debit,p2p,entertainment,posted
T00007393,A000354,2025-10-04 04:27:00,15.63,debit,card,travel,posted
T00007394,A000354,2025-11-20 11:23:00,25.9,debit,card,entertainment,posted
T00007395,A000354,2025-06-24 07:38:00,3653.98,credit,ach,,posted
T00007396,A000354,2025-09-08 10:13:00,3510.06,credit,ach,,posted
T00007397,A000355,2025-12-24 22:47:00,28.61,debit,ach,grocery,posted
T00007398,A000355,2025-12-06 15:05:00,67.92,debit,card,travel,posted
T00007399,A000355,2025-12-14 07:23:00,127.54,debit,card,online_retail,posted
T00007400,A000355,2025-12-13 10:48:00,52.93,debit,card,dining,posted
T00007401,A000355,2025-12-14 14:12:00,43.19,debit,card,dining,declined
T00007402,A000355,2025-12-29 07:52:00,17.49,debit,ach,grocery,declined
T00007403,A000355,2025-12-25 17:25:00,139.12,debit,atm,healthcare,posted
T00007404,A000355,2025-11-30 15:01:00,39.01,debit,card,entertainment,posted
T00007405,A000355,2025-12-27 17:06:00,81.29,debit,p2p,dining,posted
T00007406,A000355,2025-12-01 04:39:00,12.75,debit,p2p,travel,posted
T00007407,A000355,2025-12-15 04:59:00,8.25,debit,ach,utilities,posted
T00007408,A000355,2025-12-25 06:55:00,3.98,debit,card,travel,posted
T00007409,A000355,2025-11-30 12:53:00,17.69,debit,p2p,healthcare,posted
T00007410,A000355,2025-12-04 03:42:00,5.62,debit,card,dining,posted
T00007411,A000355,2025-12-24 09:53:00,48.77,debit,ach,online_retail,posted
T00007412,A000355,2025-12-09 06:39:00,1.23,debit,ach,fuel,posted
T00007413,A000355,2025-12-01 01:33:00,1486.34,credit,ach,,posted
T00007414,A000355,2025-12-11 05:26:00,544.87,credit,ach,,posted
T00007415,A000355,2025-12-19 21:12:00,15.83,debit,card,grocery,declined
T00007416,A000355,2025-12-13 17:33:00,47.09,debit,card,grocery,posted
T00007417,A000355,2025-12-17 05:32:00,67.85,debit,ach,dining,posted
T00007418,A000355,2025-12-05 00:42:00,43.98,debit,p2p,fuel,posted
T00007419,A000355,2025-12-06 01:06:00,28.42,debit,atm,entertainment,posted
T00007420,A000355,2025-12-19 18:30:00,10.48,debit,card,grocery,posted
T00007421,A000355,2025-12-29 21:25:00,16.21,debit,card,grocery,posted
T00007422,A000355,2025-12-19 10:12:00,3045.51,credit,ach,,posted
T00007423,A000355,2025-12-17 04:08:00,15.21,debit,card,fuel,posted
T00007424,A000356,2025-10-08 22:11:00,19.89,debit,ach,fuel,posted
T00007425,A000356,2025-04-10 14:58:00,146.35,debit,card,entertainment,posted
T00007426,A000356,2025-06-30 23:37:00,14.32,debit,card,healthcare,posted
T00007427,A000356,2025-10-24 15:47:00,52.83,debit,card,entertainment,posted
T00007428,A000356,2025-04-28 04:53:00,20.04,debit,card,travel,posted
T00007429,A000356,2025-12-08 03:28:00,13.93,debit,p2p,dining,posted
T00007430,A000356,2025-11-22 10:52:00,34.49,debit,atm,travel,posted
T00007431,A000356,2025-06-02 21:54:00,98.16,debit,ach,fuel,posted
T00007432,A000356,2025-04-17 21:08:00,1521.0,credit,ach,,posted
T00007433,A000356,2025-04-18 13:19:00,925.64,credit,ach,,posted
T00007434,A000356,2025-04-17 06:57:00,1833.61,credit,ach,,posted
T00007435,A000356,2025-07-26 14:28:00,63.82,debit,atm,fuel,posted
T00007436,A000356,2025-04-08 15:16:00,1103.67,credit,ach,,posted
T00007437,A000356,2025-07-13 07:39:00,34.71,debit,card,grocery,posted
T00007438,A000356,2025-03-27 13:38:00,83.12,debit,atm,entertainment,posted
T00007439,A000356,2025-11-17 11:07:00,2.14,debit,atm,healthcare,posted
T00007440,A000356,2025-06-27 15:51:00,18.25,debit,p2p,online_retail,posted
T00007441,A000356,2025-11-30 14:24:00,101.45,debit,ach,online_retail,posted
T00007442,A000356,2025-12-27 01:11:00,29.67,debit,p2p,utilities,reversed
T00007443,A000356,2025-11-09 05:21:00,88.06,debit,card,utilities,posted
T00007444,A000356,2025-09-23 21:35:00,32.24,debit,card,online_retail,posted
T00007445,A000357,2025-11-17 23:43:00,19.63,debit,card,fuel,posted
T00007446,A000357,2024-12-02 09:26:00,6.05,debit,atm,grocery,declined
T00007447,A000357,2025-12-28 15:08:00,32.45,debit,card,grocery,posted
T00007448,A000357,2024-12-03 04:46:00,16.09,debit,card,grocery,posted
T00007449,A000357,2025-07-15 14:36:00,94.61,debit,card,dining,posted
T00007450,A000357,2025-02-16 05:15:00,3.41,debit,p2p,online_retail,posted
T00007451,A000357,2024-11-14 13:53:00,929.6,credit,ach,,posted
T00007452,A000357,2025-05-24 06:04:00,24.13,debit,p2p,grocery,posted
T00007453,A000357,2025-06-27 23:24:00,60.8,debit,card,healthcare,posted
T00007454,A000357,2025-06-01 11:05:00,1904.43,credit,ach,,posted
T00007455,A000357,2025-03-17 15:53:00,630.28,credit,ach,,posted
T00007456,A000357,2025-10-07 02:50:00,24.37,debit,ach,entertainment,posted
T00007457,A000357,2025-11-28 16:31:00,35.51,debit,card,grocery,posted
T00007458,A000357,2025-09-10 06:51:00,31.28,debit,card,dining,posted
T00007459,A000357,2025-04-23 09:41:00,1.21,debit,card,grocery,posted
T00007460,A000358,2025-06-12 04:40:00,41.69,debit,card,entertainment,posted
T00007461,A000358,2025-09-07 13:52:00,15.14,debit,p2p,entertainment,posted
T00007462,A000358,2025-09-20 22:38:00,3637.81,credit,ach,,posted
T00007463,A000358,2025-06-03 01:21:00,181.6,debit,p2p,utilities,posted
T00007464,A000358,2025-07-16 08:17:00,56.39,debit,ach,dining,posted
T00007465,A000358,2025-06-09 05:50:00,50.82,debit,card,healthcare,posted
T00007466,A000358,2025-07-03 10:21:00,28.95,debit,card,utilities,posted
T00007467,A000358,2025-11-07 01:33:00,46.56,debit,card,travel,posted
T00007468,A000358,2025-08-05 00:37:00,59.17,debit,card,healthcare,posted
T00007469,A000358,2025-06-29 07:59:00,14.39,debit,card,online_retail,posted
T00007470,A000358,2025-07-12 17:01:00,18.45,debit,ach,utilities,posted
T00007471,A000358,2025-12-23 11:50:00,22.38,debit,card,healthcare,posted
T00007472,A000358,2025-12-17 10:56:00,2265.19,credit,ach,,posted
T00007473,A000358,2025-08-20 19:06:00,28.06,debit,card,entertainment,posted
T00007474,A000358,2025-10-26 08:36:00,2788.39,credit,ach,,posted
T00007475,A000358,2025-11-21 00:27:00,3068.22,credit,ach,,posted
T00007476,A000358,2025-06-23 04:22:00,67.84,debit,card,fuel,posted
T00007477,A000358,2025-10-16 18:57:00,8.02,debit,ach,entertainment,posted
T00007478,A000358,2025-09-06 10:02:00,341.79,debit,atm,grocery,posted
T00007479,A000358,2025-06-26 21:36:00,415.27,debit,atm,healthcare,posted
T00007480,A000358,2025-11-10 14:00:00,57.45,debit,card,dining,posted
T00007481,A000358,2025-09-07 02:09:00,26.4,debit,p2p,online_retail,posted
T00007482,A000358,2025-12-31 11:04:00,60.21,debit,atm,grocery,posted
T00007483,A000358,2025-06-25 08:11:00,57.85,debit,ach,entertainment,posted
T00007484,A000358,2025-06-29 06:27:00,12.09,debit,p2p,grocery,posted
T00007485,A000358,2025-08-05 23:24:00,1678.21,credit,ach,,posted
T00007486,A000358,2025-06-07 01:47:00,15.74,debit,card,grocery,declined
T00007487,A000358,2025-08-25 16:32:00,33.32,debit,card,healthcare,posted
T00007488,A000358,2025-11-29 05:24:00,59.25,debit,card,utilities,posted
T00007489,A000358,2025-09-14 00:29:00,51.86,debit,card,fuel,posted
T00007490,A000358,2025-10-26 21:15:00,24.24,debit,p2p,travel,posted
T00007491,A000359,2025-05-21 05:54:00,777.6,credit,ach,,posted
T00007492,A000359,2025-05-21 15:52:00,80.47,debit,card,utilities,posted
T00007493,A000359,2025-12-22 20:43:00,37.22,debit,atm,travel,posted
T00007494,A000359,2025-12-11 05:01:00,100.15,debit,card,travel,posted
T00007495,A000359,2025-03-08 16:17:00,182.69,debit,p2p,travel,posted
T00007496,A000359,2025-12-04 16:58:00,20.04,debit,card,entertainment,posted
T00007497,A000359,2024-12-16 18:10:00,3135.44,credit,ach,,posted
T00007498,A000359,2025-08-18 01:56:00,59.47,debit,atm,travel,posted
T00007499,A000359,2025-10-01 04:52:00,10.4,debit,p2p,grocery,posted
T00007500,A000360,2025-09-11 01:59:00,19.4,debit,p2p,dining,posted
T00007501,A000360,2025-08-03 11:40:00,66.34,debit,card,dining,posted
T00007502,A000360,2025-09-19 19:01:00,96.87,debit,card,online_retail,posted
T00007503,A000360,2025-06-16 07:17:00,4.99,debit,ach,dining,posted
T00007504,A000360,2025-07-29 04:51:00,12.63,debit,p2p,online_retail,posted
T00007505,A000360,2025-03-26 21:05:00,48.87,debit,card,healthcare,posted
T00007506,A000360,2025-02-03 08:49:00,34.07,debit,p2p,travel,posted
T00007507,A000360,2024-12-21 09:43:00,41.11,debit,p2p,utilities,posted
T00007508,A000360,2025-09-17 19:29:00,56.59,debit,card,entertainment,posted
T00007509,A000360,2025-01-03 02:53:00,2507.36,credit,ach,,posted
T00007510,A000360,2025-08-09 07:28:00,58.48,debit,card,entertainment,posted
T00007511,A000360,2025-10-16 10:21:00,38.17,debit,card,travel,posted
T00007512,A000360,2025-05-18 02:29:00,32.51,debit,atm,travel,posted
T00007513,A000360,2025-02-23 15:10:00,56.63,debit,ach,travel,posted
T00007514,A000360,2025-11-29 07:07:00,910.38,credit,ach,,posted
T00007515,A000360,2025-11-13 01:01:00,55.78,debit,card,utilities,posted
T00007516,A000360,2025-07-18 03:13:00,14.1,debit,card,grocery,posted
T00007517,A000360,2025-11-26 02:03:00,102.37,debit,atm,travel,posted
T00007518,A000360,2025-10-16 11:38:00,21.27,debit,card,online_retail,posted
T00007519,A000360,2025-12-15 08:55:00,229.0,debit,ach,fuel,posted
T00007520,A000360,2025-12-13 21:03:00,3535.64,credit,ach,,posted
T00007521,A000360,2025-03-19 14:49:00,114.22,debit,card,dining,posted
T00007522,A000360,2025-11-29 17:53:00,17.66,debit,p2p,travel,posted
T00007523,A000360,2025-07-15 16:11:00,3.62,debit,card,healthcare,posted
T00007524,A000360,2025-06-08 11:28:00,25.3,debit,p2p,entertainment,posted
T00007525,A000360,2025-03-12 15:20:00,7.06,debit,card,fuel,reversed
T00007526,A000360,2025-06-06 04:39:00,1919.06,credit,ach,,posted
T00007527,A000360,2025-10-16 15:36:00,30.45,debit,atm,online_retail,posted
T00007528,A000360,2025-07-08 13:33:00,13.69,debit,card,entertainment,posted
T00007529,A000360,2025-06-11 08:21:00,9.91,debit,atm,fuel,posted
T00007530,A000360,2025-02-17 06:02:00,51.37,debit,atm,utilities,posted
T00007531,A000361,2025-06-19 23:20:00,15.0,debit,atm,travel,posted
T00007532,A000361,2025-06-22 09:42:00,2916.31,credit,ach,,posted
T00007533,A000361,2025-10-16 09:02:00,3393.96,credit,ach,,posted
T00007534,A000361,2025-07-29 19:40:00,160.64,debit,card,fuel,posted
T00007535,A000361,2025-08-26 03:07:00,3005.07,credit,ach,,posted
T00007536,A000361,2025-12-24 22:28:00,3309.83,credit,ach,,posted
T00007537,A000361,2025-10-30 02:04:00,46.58,debit,card,entertainment,posted
T00007538,A000361,2025-12-06 14:29:00,47.05,debit,atm,healthcare,posted
T00007539,A000361,2025-07-16 00:44:00,72.5,debit,p2p,fuel,posted
T00007540,A000361,2025-10-20 22:43:00,29.08,debit,atm,grocery,posted
T00007541,A000361,2025-10-02 20:16:00,26.52,debit,ach,travel,posted
T00007542,A000361,2025-11-09 14:59:00,53.27,debit,atm,entertainment,posted
T00007543,A000361,2025-06-15 02:55:00,1509.16,credit,ach,,posted
T00007544,A000361,2025-08-12 17:24:00,7.41,debit,card,utilities,reversed
T00007545,A000361,2025-06-23 06:10:00,27.98,debit,card,fuel,posted
T00007546,A000361,2025-06-01 22:18:00,10.8,debit,atm,entertainment,declined
T00007547,A000361,2025-06-01 15:08:00,325.49,debit,card,entertainment,posted
T00007548,A000361,2025-10-25 15:06:00,31.45,debit,card,utilities,posted
T00007549,A000361,2025-08-13 22:10:00,47.62,debit,atm,fuel,posted
T00007550,A000361,2025-11-19 00:29:00,14.05,debit,card,fuel,posted
T00007551,A000361,2025-06-07 12:53:00,1069.92,credit,ach,,posted
T00007552,A000361,2025-08-31 05:41:00,87.24,debit,ach,dining,posted
T00007553,A000361,2025-12-12 02:13:00,1301.52,credit,ach,,posted
T00007554,A000361,2025-06-16 19:45:00,167.1,debit,p2p,healthcare,posted
T00007555,A000361,2025-10-23 14:33:00,1106.09,credit,ach,,posted
T00007556,A000361,2025-06-17 08:04:00,37.79,debit,atm,online_retail,posted
T00007557,A000361,2025-06-03 01:28:00,1065.58,credit,ach,,declined
T00007558,A000361,2025-06-21 04:28:00,3042.78,credit,ach,,posted
T00007559,A000361,2025-12-17 11:07:00,27.21,debit,card,dining,posted
T00007560,A000361,2025-09-22 06:53:00,37.94,debit,card,fuel,posted
T00007561,A000361,2025-10-04 13:47:00,2066.28,credit,ach,,posted
T00007562,A000361,2025-05-26 10:19:00,11.28,debit,card,healthcare,posted
T00007563,A000361,2025-09-22 07:30:00,1446.77,credit,ach,,posted
T00007564,A000362,2025-11-15 15:06:00,66.02,debit,p2p,fuel,posted
T00007565,A000362,2025-12-04 17:51:00,3052.37,credit,ach,,posted
T00007566,A000362,2025-12-11 07:13:00,42.47,debit,p2p,entertainment,posted
T00007567,A000362,2025-07-14 13:32:00,63.51,debit,card,dining,posted
T00007568,A000362,2025-06-03 22:51:00,66.53,debit,card,healthcare,posted
T00007569,A000362,2025-09-22 06:38:00,37.78,debit,ach,healthcare,posted
T00007570,A000362,2025-11-21 07:51:00,3140.16,credit,ach,,posted
T00007571,A000362,2025-06-17 13:42:00,29.71,debit,card,utilities,posted
T00007572,A000362,2025-07-08 10:42:00,2862.88,credit,ach,,posted
T00007573,A000362,2025-07-27 09:02:00,26.0,debit,atm,healthcare,posted
T00007574,A000362,2025-11-30 12:27:00,47.19,debit,card,healthcare,posted
T00007575,A000362,2025-09-04 12:16:00,8.44,debit,card,fuel,posted
T00007576,A000362,2025-12-05 04:39:00,21.7,debit,p2p,grocery,posted
T00007577,A000362,2025-08-07 16:00:00,166.52,debit,atm,online_retail,posted
T00007578,A000362,2025-07-09 20:25:00,47.77,debit,card,travel,posted
T00007579,A000362,2025-04-07 10:47:00,21.8,debit,card,healthcare,posted
T00007580,A000362,2025-06-16 15:35:00,17.51,debit,card,utilities,posted
T00007581,A000362,2025-10-05 22:33:00,2081.74,credit,ach,,posted
T00007582,A000362,2025-08-06 22:22:00,26.07,debit,card,online_retail,posted
T00007583,A000362,2025-04-17 23:01:00,36.02,debit,card,fuel,posted
T00007584,A000362,2025-04-07 20:34:00,21.5,debit,atm,online_retail,declined
T00007585,A000362,2025-04-04 14:21:00,26.82,debit,ach,travel,posted
T00007586,A000362,2025-06-28 03:19:00,11.29,debit,card,utilities,posted
T00007587,A000362,2025-04-27 09:49:00,1780.45,credit,ach,,posted
T00007588,A000362,2025-05-06 18:04:00,75.73,debit,card,healthcare,posted
T00007589,A000362,2025-09-12 22:27:00,40.29,debit,ach,fuel,posted
T00007590,A000362,2025-08-16 22:46:00,11.56,debit,card,healthcare,posted
T00007591,A000362,2025-10-08 03:19:00,62.18,debit,card,travel,posted
T00007592,A000362,2025-10-08 17:29:00,2.28,debit,card,fuel,posted
T00007593,A000362,2025-11-24 13:31:00,1377.29,credit,ach,,posted
T00007594,A000362,2025-11-24 02:34:00,22.81,debit,p2p,grocery,posted
T00007595,A000362,2025-12-28 01:32:00,157.72,debit,card,online_retail,posted
T00007596,A000362,2025-05-17 09:11:00,234.12,debit,p2p,dining,posted
T00007597,A000362,2025-04-28 04:21:00,41.0,debit,card,travel,posted
T00007598,A000362,2025-08-21 03:10:00,20.41,debit,atm,grocery,posted
T00007599,A000362,2025-09-10 12:26:00,168.29,debit,atm,fuel,posted
T00007600,A000362,2025-09-12 09:04:00,770.0,credit,ach,,posted
T00007601,A000363,2024-07-27 02:22:00,3235.81,credit,ach,,posted
T00007602,A000363,2025-06-06 11:55:00,67.03,debit,atm,entertainment,posted
T00007603,A000363,2024-09-29 20:17:00,681.28,credit,ach,,posted
T00007604,A000363,2024-11-14 16:34:00,17.58,debit,p2p,grocery,posted
T00007605,A000363,2024-07-23 22:43:00,45.29,debit,ach,grocery,posted
T00007606,A000363,2024-10-17 23:47:00,24.1,debit,atm,healthcare,posted
T00007607,A000363,2024-10-02 06:31:00,3182.07,credit,ach,,posted
T00007608,A000363,2024-11-05 05:13:00,1417.46,credit,ach,,posted
T00007609,A000363,2025-02-17 13:27:00,14.64,debit,card,online_retail,posted
T00007610,A000363,2025-09-28 10:52:00,13.18,debit,ach,grocery,posted
T00007611,A000363,2025-06-17 13:08:00,2.42,debit,card,fuel,posted
T00007612,A000363,2024-07-31 22:59:00,68.89,debit,card,healthcare,posted
T00007613,A000363,2025-07-24 02:20:00,16.69,debit,atm,fuel,posted
T00007614,A000364,2025-10-10 19:26:00,31.74,debit,card,entertainment,posted
T00007615,A000364,2025-11-24 11:50:00,6.11,debit,ach,healthcare,posted
T00007616,A000364,2025-11-30 22:39:00,1487.02,credit,ach,,posted
T00007617,A000364,2025-12-13 11:39:00,218.47,debit,card,online_retail,posted
T00007618,A000364,2025-12-18 00:37:00,25.85,debit,card,fuel,posted
T00007619,A000364,2025-11-29 04:46:00,50.56,debit,card,online_retail,posted
T00007620,A000364,2025-10-12 16:29:00,96.02,debit,ach,entertainment,posted
T00007621,A000364,2025-12-27 23:26:00,63.99,debit,atm,grocery,posted
T00007622,A000364,2025-11-15 02:03:00,442.14,debit,p2p,healthcare,posted
T00007623,A000364,2025-10-31 09:49:00,24.22,debit,atm,entertainment,posted
T00007624,A000364,2025-11-03 08:12:00,57.63,debit,card,grocery,posted
T00007625,A000364,2025-12-31 20:21:00,77.39,debit,card,utilities,posted
T00007626,A000364,2025-11-13 07:40:00,32.56,debit,card,healthcare,posted
T00007627,A000364,2025-11-21 06:36:00,34.64,debit,ach,travel,posted
T00007628,A000365,2025-12-16 11:08:00,21.31,debit,ach,online_retail,posted
T00007629,A000365,2025-12-27 09:13:00,8.05,debit,ach,healthcare,posted
T00007630,A000365,2025-12-22 16:09:00,71.79,debit,card,online_retail,posted
T00007631,A000365,2025-12-21 19:15:00,2534.49,credit,ach,,posted
T00007632,A000365,2025-12-18 08:55:00,8.74,debit,card,online_retail,posted
T00007633,A000365,2025-12-27 15:15:00,2192.31,credit,ach,,posted
T00007634,A000365,2025-12-19 02:06:00,11.79,debit,p2p,travel,posted
T00007635,A000365,2025-12-29 01:30:00,2659.15,credit,ach,,posted
T00007636,A000365,2025-12-17 07:05:00,1342.02,credit,ach,,posted
T00007637,A000365,2025-12-31 13:49:00,123.8,debit,card,utilities,posted
T00007638,A000366,2025-04-10 21:50:00,11.88,debit,card,online_retail,posted
T00007639,A000366,2025-12-12 01:38:00,24.5,debit,card,dining,posted
T00007640,A000366,2025-07-16 03:09:00,2666.98,credit,ach,,posted
T00007641,A000366,2025-08-19 04:47:00,3731.5,credit,ach,,posted
T00007642,A000366,2025-08-25 01:15:00,3000.9,credit,ach,,posted
T00007643,A000366,2025-08-14 13:16:00,1773.86,credit,ach,,posted
T00007644,A000366,2025-06-14 15:04:00,7.62,debit,ach,utilities,posted
T00007645,A000366,2025-05-30 09:43:00,70.35,debit,card,fuel,posted
T00007646,A000366,2025-08-30 10:12:00,215.62,debit,atm,dining,posted
T00007647,A000366,2025-11-14 13:51:00,1443.3,credit,ach,,posted
T00007648,A000366,2025-04-20 23:37:00,37.74,debit,card,entertainment,posted
T00007649,A000366,2025-10-11 22:05:00,4.59,debit,ach,utilities,posted
T00007650,A000366,2025-04-27 01:03:00,50.81,debit,card,fuel,posted
T00007651,A000366,2025-11-05 09:37:00,14.07,debit,card,utilities,posted
T00007652,A000366,2025-10-06 01:56:00,35.22,debit,card,entertainment,posted
T00007653,A000366,2025-08-27 19:37:00,51.61,debit,card,travel,posted
T00007654,A000366,2025-12-05 20:18:00,12.21,debit,ach,dining,posted
T00007655,A000366,2025-08-14 07:48:00,63.52,debit,ach,grocery,posted
T00007656,A000366,2025-08-01 16:23:00,19.78,debit,p2p,dining,posted
T00007657,A000367,2025-09-27 01:14:00,28.4,debit,card,utilities,posted
T00007658,A000367,2025-09-30 11:50:00,37.31,debit,p2p,dining,posted
T00007659,A000367,2025-12-13 02:14:00,13.72,debit,ach,dining,posted
T00007660,A000367,2025-12-23 20:57:00,94.41,debit,card,dining,posted
T00007661,A000367,2025-06-12 20:42:00,45.17,debit,card,fuel,posted
T00007662,A000367,2025-12-30 04:41:00,20.51,debit,p2p,entertainment,posted
T00007663,A000367,2025-05-08 11:16:00,116.21,debit,card,dining,posted
T00007664,A000367,2025-06-28 19:15:00,25.92,debit,card,travel,posted
T00007665,A000367,2025-06-28 12:17:00,39.29,debit,atm,utilities,posted
T00007666,A000367,2025-08-06 22:59:00,20.21,debit,p2p,online_retail,posted
T00007667,A000367,2025-12-22 06:09:00,44.42,debit,atm,grocery,posted
T00007668,A000367,2025-12-22 15:10:00,15.13,debit,card,grocery,posted
T00007669,A000367,2025-10-19 12:26:00,3944.8,credit,ach,,posted
T00007670,A000367,2025-08-01 01:31:00,973.52,credit,ach,,posted
T00007671,A000367,2025-12-10 17:18:00,1778.71,credit,ach,,posted
T00007672,A000367,2025-09-14 05:08:00,944.58,credit,ach,,posted
T00007673,A000367,2025-07-27 18:39:00,721.6,credit,ach,,posted
T00007674,A000367,2025-07-30 16:30:00,56.63,debit,card,grocery,reversed
T00007675,A000367,2025-07-04 17:25:00,135.83,debit,ach,grocery,posted
T00007676,A000367,2025-12-15 15:56:00,9.73,debit,ach,entertainment,posted
T00007677,A000367,2025-09-25 01:12:00,44.89,debit,card,healthcare,posted
T00007678,A000367,2025-12-03 01:05:00,3969.74,credit,ach,,posted
T00007679,A000367,2025-06-12 05:12:00,84.29,debit,card,healthcare,posted
T00007680,A000367,2025-06-11 19:23:00,25.61,debit,card,entertainment,posted
T00007681,A000367,2025-08-26 20:18:00,57.42,debit,p2p,travel,posted
T00007682,A000367,2025-11-15 23:00:00,38.06,debit,card,travel,posted
T00007683,A000367,2025-08-26 19:24:00,171.26,debit,card,entertainment,posted
T00007684,A000367,2025-12-03 11:08:00,69.85,debit,card,fuel,posted
T00007685,A000367,2025-08-03 10:08:00,62.5,debit,card,entertainment,posted
T00007686,A000367,2025-05-18 21:11:00,34.24,debit,card,travel,posted
T00007687,A000367,2025-11-24 03:53:00,120.14,debit,card,healthcare,posted
T00007688,A000367,2025-06-25 22:55:00,34.08,debit,atm,healthcare,posted
T00007689,A000367,2025-07-14 07:40:00,10.67,debit,p2p,travel,posted
T00007690,A000367,2025-06-10 23:35:00,59.33,debit,ach,grocery,posted
T00007691,A000367,2025-07-20 22:29:00,36.23,debit,ach,online_retail,posted
T00007692,A000367,2025-07-04 02:37:00,3191.81,credit,ach,,posted
T00007693,A000367,2025-08-18 14:12:00,28.5,debit,p2p,healthcare,posted
T00007694,A000367,2025-09-20 12:18:00,84.19,debit,card,fuel,posted
T00007695,A000368,2025-05-09 15:27:00,148.84,debit,card,travel,posted
T00007696,A000368,2025-04-10 13:45:00,620.33,credit,ach,,posted
T00007697,A000368,2025-07-31 20:07:00,66.96,debit,card,travel,posted
T00007698,A000368,2025-06-21 17:53:00,15.57,debit,card,grocery,posted
T00007699,A000368,2025-10-25 04:58:00,17.26,debit,card,utilities,posted
T00007700,A000368,2025-09-07 02:12:00,1541.22,credit,ach,,posted
T00007701,A000368,2025-03-25 20:00:00,2649.15,credit,ach,,posted
T00007702,A000368,2025-03-18 11:58:00,41.24,debit,card,fuel,posted
T00007703,A000368,2025-03-09 06:03:00,73.48,debit,ach,dining,posted
T00007704,A000368,2025-10-03 08:09:00,7.94,debit,card,fuel,posted
T00007705,A000368,2025-09-04 20:51:00,227.7,debit,card,fuel,posted
T00007706,A000368,2025-05-07 21:26:00,82.67,debit,atm,online_retail,posted
T00007707,A000368,2025-04-17 02:18:00,315.51,debit,card,travel,reversed
T00007708,A000368,2025-11-23 00:51:00,36.14,debit,atm,travel,posted
T00007709,A000368,2025-06-28 08:59:00,15.99,debit,atm,travel,posted
T00007710,A000368,2025-04-20 23:30:00,48.92,debit,card,dining,posted
T00007711,A000368,2025-05-28 15:26:00,26.89,debit,card,entertainment,posted
T00007712,A000368,2025-04-11 22:16:00,10.37,debit,card,fuel,posted
T00007713,A000368,2025-06-11 02:58:00,2778.83,credit,ach,,posted
T00007714,A000368,2025-07-20 02:02:00,25.43,debit,card,fuel,posted
T00007715,A000368,2025-12-26 08:48:00,944.83,credit,ach,,posted
T00007716,A000369,2025-04-04 12:06:00,18.95,debit,card,entertainment,posted
T00007717,A000369,2025-04-18 06:47:00,25.48,debit,card,fuel,posted
T00007718,A000369,2025-04-27 23:53:00,1831.93,credit,ach,,posted
T00007719,A000369,2025-02-12 19:35:00,6.24,debit,card,online_retail,posted
T00007720,A000369,2025-03-05 15:03:00,3335.46,credit,ach,,posted
T00007721,A000369,2025-10-31 02:43:00,1806.89,credit,ach,,posted
T00007722,A000369,2025-07-29 04:16:00,143.69,debit,p2p,entertainment,posted
T00007723,A000369,2025-02-06 03:25:00,2445.13,credit,ach,,declined
T00007724,A000369,2025-07-08 02:06:00,51.83,debit,card,grocery,posted
T00007725,A000369,2025-04-01 01:45:00,188.43,debit,ach,entertainment,posted
T00007726,A000369,2025-09-02 22:38:00,33.92,debit,p2p,travel,posted
T00007727,A000369,2025-05-30 23:38:00,53.61,debit,card,online_retail,posted
T00007728,A000369,2025-07-09 18:01:00,31.76,debit,card,online_retail,posted
T00007729,A000369,2025-06-29 16:36:00,20.07,debit,atm,utilities,posted
T00007730,A000369,2025-11-27 12:14:00,2369.55,credit,ach,,posted
T00007731,A000369,2025-07-16 17:38:00,88.53,debit,card,healthcare,posted
T00007732,A000369,2025-05-11 01:38:00,1051.16,credit,ach,,posted
T00007733,A000369,2025-10-20 04:16:00,3319.91,credit,ach,,posted
T00007734,A000369,2025-03-07 14:49:00,886.09,credit,ach,,posted
T00007735,A000369,2025-10-25 19:28:00,1219.96,credit,ach,,posted
T00007736,A000369,2025-06-25 15:06:00,8.96,debit,p2p,healthcare,posted
T00007737,A000369,2025-05-30 19:03:00,3143.08,credit,ach,,posted
T00007738,A000369,2025-05-01 16:06:00,86.47,debit,atm,utilities,posted
T00007739,A000369,2025-06-03 09:14:00,571.47,credit,ach,,posted
T00007740,A000369,2025-11-08 11:40:00,14.65,debit,p2p,healthcare,posted
T00007741,A000369,2025-07-23 21:35:00,31.51,debit,card,utilities,posted
T00007742,A000369,2025-04-09 21:40:00,305.34,debit,card,online_retail,posted
T00007743,A000370,2024-09-06 01:46:00,4.25,debit,p2p,grocery,posted
T00007744,A000370,2025-10-18 08:14:00,67.49,debit,card,entertainment,posted
T00007745,A000370,2025-11-07 22:05:00,3247.82,credit,ach,,posted
T00007746,A000370,2025-04-17 23:04:00,18.1,debit,p2p,dining,posted
T00007747,A000370,2025-12-20 23:03:00,14.06,debit,card,grocery,declined
T00007748,A000370,2025-09-25 20:51:00,16.72,debit,card,entertainment,posted
T00007749,A000370,2025-10-15 15:16:00,28.78,debit,card,fuel,posted
T00007750,A000370,2025-08-02 04:27:00,53.01,debit,atm,entertainment,posted
T00007751,A000370,2025-10-30 13:56:00,15.28,debit,card,grocery,posted
T00007752,A000370,2025-10-05 10:43:00,67.27,debit,atm,travel,posted
T00007753,A000370,2025-01-10 21:28:00,21.34,debit,p2p,travel,posted
T00007754,A000370,2025-01-29 09:10:00,1548.85,credit,ach,,posted
T00007755,A000370,2024-12-12 07:44:00,2563.95,credit,ach,,posted
T00007756,A000370,2025-11-27 02:02:00,22.66,debit,atm,dining,posted
T00007757,A000370,2025-04-07 17:13:00,23.04,debit,card,online_retail,posted
T00007758,A000371,2025-12-03 04:53:00,12.48,debit,p2p,utilities,posted
T00007759,A000371,2025-12-22 17:56:00,63.37,debit,p2p,dining,posted
T00007760,A000371,2025-12-06 17:41:00,16.66,debit,card,grocery,posted
T00007761,A000371,2025-12-07 06:53:00,1456.74,credit,ach,,posted
T00007762,A000371,2025-12-14 17:46:00,7.01,debit,ach,travel,posted
T00007763,A000371,2025-12-13 10:47:00,6.93,debit,p2p,online_retail,posted
T00007764,A000371,2025-12-31 02:18:00,36.3,debit,p2p,online_retail,posted
T00007765,A000371,2025-12-20 13:31:00,3.63,debit,card,entertainment,posted
T00007766,A000371,2025-12-01 13:15:00,30.34,debit,p2p,entertainment,posted
T00007767,A000371,2025-12-07 16:58:00,389.72,debit,card,fuel,posted
T00007768,A000371,2025-12-16 14:27:00,2724.47,credit,ach,,posted
T00007769,A000371,2025-12-14 16:01:00,306.62,debit,card,travel,posted
T00007770,A000371,2025-12-11 14:27:00,190.82,debit,p2p,dining,posted
T00007771,A000371,2025-12-28 00:50:00,80.03,debit,ach,travel,posted
T00007772,A000371,2025-12-31 01:46:00,3102.38,credit,ach,,declined
T00007773,A000371,2025-12-26 05:52:00,99.75,debit,p2p,utilities,posted
T00007774,A000371,2025-11-29 07:09:00,759.45,credit,ach,,posted
T00007775,A000371,2025-12-31 16:27:00,9.86,debit,ach,grocery,posted
T00007776,A000371,2025-12-18 02:44:00,15.15,debit,ach,online_retail,posted
T00007777,A000371,2025-12-15 11:44:00,81.01,debit,p2p,dining,posted
T00007778,A000371,2025-12-21 06:46:00,32.87,debit,card,travel,posted
T00007779,A000371,2025-12-03 01:30:00,65.24,debit,card,utilities,posted
T00007780,A000371,2025-12-21 02:55:00,2832.05,credit,ach,,posted
T00007781,A000371,2025-12-09 12:29:00,302.88,debit,p2p,healthcare,posted
T00007782,A000371,2025-12-04 14:55:00,18.09,debit,card,fuel,posted
T00007783,A000371,2025-12-29 22:10:00,79.87,debit,p2p,healthcare,posted
T00007784,A000371,2025-12-28 03:24:00,78.87,debit,card,entertainment,posted
T00007785,A000371,2025-11-30 11:09:00,36.43,debit,card,dining,posted
T00007786,A000371,2025-12-11 20:49:00,26.6,debit,card,utilities,declined
T00007787,A000371,2025-12-17 00:03:00,43.92,debit,p2p,utilities,posted
T00007788,A000371,2025-12-20 05:10:00,6.92,debit,ach,online_retail,posted
T00007789,A000371,2025-12-01 12:23:00,19.1,debit,card,grocery,posted
T00007790,A000371,2025-12-24 11:41:00,1047.66,credit,ach,,posted
T00007791,A000371,2025-11-30 20:18:00,3599.77,credit,ach,,posted
T00007792,A000371,2025-11-29 08:10:00,107.01,debit,card,grocery,reversed
T00007793,A000371,2025-12-11 12:30:00,1676.72,credit,ach,,posted
T00007794,A000372,2025-12-13 23:03:00,52.2,debit,atm,entertainment,posted
T00007795,A000372,2025-12-11 18:14:00,2620.87,credit,ach,,posted
T00007796,A000372,2025-12-21 09:14:00,940.73,credit,ach,,posted
T00007797,A000372,2025-12-13 00:36:00,15.41,debit,card,entertainment,posted
T00007798,A000372,2025-12-22 04:00:00,44.67,debit,p2p,entertainment,posted
T00007799,A000372,2025-12-17 17:13:00,1382.87,credit,ach,,posted
T00007800,A000372,2025-12-17 04:25:00,7.21,debit,card,dining,posted
T00007801,A000372,2025-12-20 08:28:00,34.48,debit,card,healthcare,posted
T00007802,A000372,2025-12-09 21:38:00,37.21,debit,card,grocery,posted
T00007803,A000372,2025-12-09 16:41:00,62.97,debit,card,utilities,posted
T00007804,A000372,2025-12-19 19:21:00,41.54,debit,card,grocery,posted
T00007805,A000372,2025-12-24 05:04:00,37.69,debit,card,grocery,posted
T00007806,A000372,2025-12-18 17:08:00,19.07,debit,card,healthcare,posted
T00007807,A000372,2025-12-26 15:14:00,22.45,debit,card,online_retail,posted
T00007808,A000372,2025-12-16 09:57:00,2617.39,credit,ach,,posted
T00007809,A000372,2025-12-22 16:09:00,14.25,debit,card,online_retail,posted
T00007810,A000372,2025-12-24 09:58:00,1098.47,credit,ach,,posted
T00007811,A000372,2025-12-28 11:20:00,23.83,debit,p2p,travel,posted
T00007812,A000372,2025-12-22 11:44:00,24.52,debit,card,travel,posted
T00007813,A000372,2025-12-24 18:08:00,15.56,debit,atm,entertainment,posted
T00007814,A000373,2025-12-20 04:40:00,66.65,debit,p2p,entertainment,posted
T00007815,A000373,2025-12-18 21:47:00,10.27,debit,card,healthcare,posted
T00007816,A000373,2025-12-16 00:48:00,78.61,debit,p2p,entertainment,posted
T00007817,A000373,2025-12-27 10:12:00,15.98,debit,atm,entertainment,posted
T00007818,A000373,2025-12-25 23:18:00,2047.84,credit,ach,,posted
T00007819,A000374,2025-09-16 05:32:00,8.89,debit,ach,dining,posted
T00007820,A000374,2025-11-29 09:53:00,1241.87,credit,ach,,posted
T00007821,A000374,2025-12-02 20:34:00,159.0,debit,card,grocery,posted
T00007822,A000374,2025-11-03 03:58:00,11.7,debit,atm,entertainment,posted
T00007823,A000374,2025-11-16 06:31:00,80.77,debit,card,grocery,posted
T00007824,A000374,2025-09-21 07:54:00,12.97,debit,card,dining,posted
T00007825,A000374,2025-11-12 04:31:00,54.8,debit,card,travel,declined
T00007826,A000374,2025-11-19 13:41:00,64.17,debit,ach,entertainment,posted
T00007827,A000374,2025-11-18 07:04:00,202.19,debit,card,grocery,posted
T00007828,A000374,2025-10-28 08:18:00,94.64,debit,p2p,grocery,posted
T00007829,A000374,2025-12-03 15:39:00,998.95,credit,ach,,posted
T00007830,A000374,2025-09-26 15:15:00,6.16,debit,ach,healthcare,posted
T00007831,A000374,2025-12-23 22:03:00,29.79,debit,ach,travel,posted
T00007832,A000374,2025-11-03 22:23:00,58.46,debit,atm,dining,posted
T00007833,A000374,2025-10-21 04:23:00,1753.42,credit,ach,,posted
T00007834,A000374,2025-11-09 08:43:00,21.5,debit,card,utilities,posted
T00007835,A000374,2025-11-10 06:51:00,14.3,debit,card,healthcare,posted
T00007836,A000374,2025-12-22 09:16:00,17.05,debit,card,online_retail,reversed
T00007837,A000374,2025-10-09 20:55:00,36.01,debit,card,travel,posted
T00007838,A000374,2025-10-28 05:35:00,33.0,debit,ach,healthcare,posted
T00007839,A000374,2025-08-30 15:12:00,124.38,debit,ach,dining,posted
T00007840,A000374,2025-09-09 14:32:00,3985.83,credit,ach,,posted
T00007841,A000374,2025-08-31 05:27:00,15.09,debit,card,healthcare,posted
T00007842,A000374,2025-12-06 04:02:00,3705.24,credit,ach,,posted
T00007843,A000374,2025-12-31 15:36:00,23.77,debit,p2p,dining,posted
T00007844,A000374,2025-10-04 07:49:00,22.54,debit,atm,fuel,posted
T00007845,A000374,2025-11-25 22:36:00,56.64,debit,ach,dining,posted
T00007846,A000374,2025-12-27 00:53:00,17.03,debit,ach,healthcare,posted
T00007847,A000374,2025-11-27 20:50:00,17.26,debit,card,healthcare,posted
T00007848,A000374,2025-12-23 20:38:00,3404.52,credit,ach,,posted
T00007849,A000374,2025-11-12 21:59:00,1714.29,credit,ach,,posted
T00007850,A000374,2025-10-09 05:39:00,27.85,debit,atm,travel,posted
T00007851,A000374,2025-09-29 21:35:00,2975.0,credit,ach,,posted
T00007852,A000374,2025-10-26 19:14:00,41.72,debit,atm,grocery,posted
T00007853,A000374,2025-12-26 14:35:00,46.0,debit,ach,travel,posted
T00007854,A000375,2025-06-02 02:14:00,95.67,debit,card,dining,posted
T00007855,A000375,2025-02-23 05:01:00,6.61,debit,ach,travel,posted
T00007856,A000375,2025-10-23 10:11:00,23.66,debit,card,entertainment,posted
T00007857,A000375,2025-03-18 10:21:00,228.6,debit,p2p,utilities,posted
T00007858,A000375,2025-10-10 03:04:00,24.86,debit,card,utilities,posted
T00007859,A000375,2025-09-20 13:46:00,37.76,debit,card,healthcare,posted
T00007860,A000375,2025-08-01 09:22:00,2309.12,credit,ach,,posted
T00007861,A000375,2025-05-02 03:02:00,29.69,debit,card,dining,posted
T00007862,A000375,2025-09-02 14:12:00,11.82,debit,card,dining,posted
T00007863,A000375,2025-06-25 02:10:00,78.65,debit,p2p,grocery,posted
T00007864,A000375,2025-03-30 01:39:00,53.14,debit,card,dining,posted
T00007865,A000376,2025-11-21 11:21:00,77.11,debit,atm,grocery,posted
T00007866,A000376,2025-11-26 11:43:00,258.11,debit,ach,grocery,posted
T00007867,A000376,2025-08-22 03:25:00,1965.85,credit,ach,,posted
T00007868,A000376,2025-07-30 16:12:00,1800.18,credit,ach,,posted
T00007869,A000376,2025-09-01 14:35:00,3322.9,credit,ach,,posted
T00007870,A000376,2025-08-06 16:34:00,58.19,debit,ach,fuel,posted
T00007871,A000376,2025-10-15 03:51:00,18.8,debit,p2p,grocery,posted
T00007872,A000376,2025-12-01 18:10:00,2819.15,credit,ach,,posted
T00007873,A000376,2025-12-13 06:36:00,24.16,debit,card,travel,posted
T00007874,A000376,2025-09-25 06:20:00,48.68,debit,card,dining,posted
T00007875,A000376,2025-12-17 12:15:00,2776.21,credit,ach,,posted
T00007876,A000376,2025-11-23 16:24:00,38.88,debit,p2p,entertainment,posted
T00007877,A000376,2025-12-20 12:56:00,63.28,debit,p2p,online_retail,posted
T00007878,A000376,2025-12-08 01:46:00,12.47,debit,atm,healthcare,posted
T00007879,A000376,2025-09-02 03:59:00,46.76,debit,ach,healthcare,posted
T00007880,A000376,2025-12-08 00:07:00,3746.64,credit,ach,,posted
T00007881,A000376,2025-12-04 09:51:00,136.48,debit,card,dining,posted
T00007882,A000376,2025-09-06 04:51:00,24.46,debit,p2p,online_retail,posted
T00007883,A000376,2025-12-16 16:01:00,19.14,debit,card,entertainment,posted
T00007884,A000376,2025-12-12 05:28:00,89.47,debit,atm,entertainment,posted
T00007885,A000376,2025-09-03 11:00:00,92.46,debit,ach,dining,posted
T00007886,A000376,2025-12-12 22:03:00,19.48,debit,card,healthcare,posted
T00007887,A000376,2025-12-31 07:46:00,984.71,credit,ach,,posted
T00007888,A000376,2025-11-30 22:59:00,2936.08,credit,ach,,posted
T00007889,A000376,2025-08-09 02:48:00,54.99,debit,card,dining,posted
T00007890,A000376,2025-08-02 23:09:00,17.46,debit,card,dining,posted
T00007891,A000376,2025-08-21 19:38:00,47.6,debit,card,grocery,posted
T00007892,A000376,2025-10-21 17:25:00,1517.23,credit,ach,,posted
T00007893,A000376,2025-09-29 04:24:00,69.71,debit,card,healthcare,declined
T00007894,A000376,2025-11-01 07:37:00,3461.42,credit,ach,,posted
T00007895,A000376,2025-11-03 13:13:00,3743.38,credit,ach,,posted
T00007896,A000376,2025-09-10 04:33:00,13.43,debit,atm,healthcare,posted
T00007897,A000376,2025-09-16 02:18:00,2842.54,credit,ach,,posted
T00007898,A000376,2025-09-29 12:07:00,2560.55,credit,ach,,posted
T00007899,A000376,2025-08-20 17:37:00,62.34,debit,ach,online_retail,posted
T00007900,A000376,2025-10-22 05:15:00,67.21,debit,ach,fuel,posted
T00007901,A000376,2025-11-02 14:45:00,996.0,credit,ach,,posted
T00007902,A000376,2025-09-22 14:52:00,60.19,debit,card,travel,posted
T00007903,A000377,2025-11-13 07:53:00,17.89,debit,atm,healthcare,posted
T00007904,A000377,2025-12-17 19:00:00,3998.78,credit,ach,,posted
T00007905,A000377,2025-10-12 20:50:00,15.2,debit,card,grocery,posted
T00007906,A000377,2025-12-21 21:03:00,2.19,debit,p2p,dining,posted
T00007907,A000377,2025-12-24 06:18:00,63.99,debit,card,healthcare,posted
T00007908,A000377,2025-09-11 04:07:00,32.54,debit,card,healthcare,posted
T00007909,A000377,2025-09-30 09:54:00,2019.31,credit,ach,,posted
T00007910,A000377,2025-12-03 14:31:00,3212.0,credit,ach,,posted
T00007911,A000377,2025-11-23 06:35:00,43.51,debit,atm,grocery,declined
T00007912,A000377,2025-09-29 23:19:00,8.25,debit,card,travel,posted
T00007913,A000377,2025-12-29 19:32:00,3570.96,credit,ach,,posted
T00007914,A000377,2025-12-04 15:36:00,42.62,debit,atm,utilities,posted
T00007915,A000377,2025-11-23 00:21:00,37.15,debit,card,online_retail,posted
T00007916,A000377,2025-09-24 12:28:00,6.62,debit,p2p,grocery,posted
T00007917,A000377,2025-11-25 01:51:00,914.61,credit,ach,,posted
T00007918,A000377,2025-12-26 08:40:00,41.78,debit,atm,online_retail,posted
T00007919,A000377,2025-09-05 03:57:00,94.53,debit,atm,entertainment,posted
T00007920,A000377,2025-10-07 13:09:00,25.55,debit,card,grocery,posted
T00007921,A000377,2025-10-04 23:53:00,294.76,debit,card,entertainment,posted
T00007922,A000377,2025-10-05 14:18:00,1638.7,credit,ach,,posted
T00007923,A000377,2025-11-21 18:45:00,123.74,debit,card,healthcare,reversed
T00007924,A000377,2025-09-14 18:34:00,54.44,debit,card,dining,posted
T00007925,A000377,2025-09-06 06:11:00,58.42,debit,card,entertainment,posted
T00007926,A000377,2025-11-20 09:06:00,144.82,debit,card,fuel,posted
T00007927,A000377,2025-09-20 16:00:00,47.47,debit,card,utilities,posted
T00007928,A000377,2025-11-26 22:02:00,16.42,debit,card,fuel,posted
T00007929,A000378,2025-04-14 09:10:00,43.82,debit,p2p,entertainment,posted
T00007930,A000378,2025-09-07 07:16:00,63.49,debit,ach,online_retail,posted
T00007931,A000378,2025-11-07 02:24:00,912.28,credit,ach,,posted
T00007932,A000378,2025-05-31 14:59:00,158.1,debit,atm,dining,posted
T00007933,A000378,2025-07-02 12:27:00,47.7,debit,card,fuel,posted
T00007934,A000378,2025-07-24 16:59:00,27.41,debit,p2p,online_retail,posted
T00007935,A000378,2025-10-04 23:29:00,190.93,debit,ach,grocery,posted
T00007936,A000378,2025-08-08 20:44:00,47.58,debit,card,healthcare,reversed
T00007937,A000378,2025-08-08 10:54:00,2827.36,credit,ach,,posted
T00007938,A000378,2025-07-19 02:58:00,38.56,debit,ach,grocery,posted
T00007939,A000378,2025-05-22 11:25:00,31.8,debit,ach,healthcare,posted
T00007940,A000378,2025-09-26 02:26:00,8.18,debit,card,healthcare,posted
T00007941,A000378,2025-04-25 10:35:00,143.03,debit,card,online_retail,posted
T00007942,A000378,2025-06-06 16:56:00,2188.02,credit,ach,,declined
T00007943,A000378,2025-08-10 05:57:00,36.07,debit,ach,healthcare,posted
T00007944,A000378,2025-08-22 19:30:00,1444.34,credit,ach,,posted
T00007945,A000378,2025-06-17 10:50:00,32.24,debit,card,dining,posted
T00007946,A000378,2025-07-20 06:58:00,60.9,debit,card,utilities,posted
T00007947,A000378,2025-07-03 06:35:00,33.25,debit,p2p,utilities,posted
T00007948,A000378,2025-11-09 11:27:00,140.83,debit,card,fuel,posted
T00007949,A000378,2025-11-18 13:33:00,976.75,credit,ach,,posted
T00007950,A000378,2025-11-11 11:53:00,15.07,debit,card,healthcare,posted
T00007951,A000378,2025-12-10 20:27:00,86.35,debit,p2p,utilities,posted
T00007952,A000378,2025-08-18 08:29:00,11.2,debit,card,online_retail,posted
T00007953,A000378,2025-12-04 12:38:00,64.3,debit,card,dining,posted
T00007954,A000378,2025-08-23 16:37:00,95.57,debit,ach,travel,posted
T00007955,A000378,2025-11-05 00:04:00,21.29,debit,atm,entertainment,posted
T00007956,A000378,2025-05-07 18:16:00,11.81,debit,atm,healthcare,posted
T00007957,A000378,2025-04-18 19:57:00,29.52,debit,p2p,utilities,posted
T00007958,A000378,2025-06-10 12:16:00,2.04,debit,card,fuel,declined
T00007959,A000378,2025-07-21 05:08:00,19.31,debit,card,grocery,posted
T00007960,A000378,2025-11-17 05:07:00,4.26,debit,atm,travel,posted
T00007961,A000378,2025-11-07 02:52:00,12.74,debit,atm,utilities,posted
T00007962,A000378,2025-06-21 05:28:00,39.59,debit,card,online_retail,posted
T00007963,A000378,2025-08-12 15:03:00,3512.39,credit,ach,,posted
T00007964,A000378,2025-12-25 15:15:00,45.13,debit,card,online_retail,posted
T00007965,A000378,2025-08-03 07:58:00,5.42,debit,ach,healthcare,posted
T00007966,A000378,2025-06-20 14:05:00,104.19,debit,ach,travel,posted
T00007967,A000379,2025-12-04 14:58:00,3843.48,credit,ach,,posted
T00007968,A000379,2025-11-07 15:49:00,51.52,debit,p2p,dining,declined
T00007969,A000379,2025-11-01 16:09:00,21.04,debit,p2p,dining,posted
T00007970,A000379,2025-11-13 15:13:00,2093.54,credit,ach,,posted
T00007971,A000379,2025-08-30 21:30:00,10.27,debit,p2p,entertainment,posted
T00007972,A000379,2025-08-22 14:22:00,9.91,debit,atm,online_retail,posted
T00007973,A000379,2025-12-11 20:23:00,1996.67,credit,ach,,posted
T00007974,A000379,2025-07-30 11:39:00,4.72,debit,ach,online_retail,posted
T00007975,A000379,2025-09-25 01:30:00,43.54,debit,p2p,utilities,posted
T00007976,A000379,2025-12-04 16:43:00,37.21,debit,ach,dining,posted
T00007977,A000379,2025-07-27 17:11:00,3403.62,credit,ach,,posted
T00007978,A000379,2025-12-09 08:03:00,1399.02,credit,ach,,posted
T00007979,A000379,2025-11-12 11:40:00,64.53,debit,ach,entertainment,posted
T00007980,A000379,2025-09-15 11:32:00,19.79,debit,card,healthcare,posted
T00007981,A000379,2025-11-29 03:13:00,60.6,debit,card,dining,posted
T00007982,A000379,2025-08-12 19:26:00,33.05,debit,atm,utilities,posted
T00007983,A000379,2025-11-28 23:54:00,93.14,debit,ach,travel,posted
T00007984,A000379,2025-08-29 16:10:00,530.83,credit,ach,,posted
T00007985,A000379,2025-12-26 18:57:00,30.0,debit,p2p,utilities,declined
T00007986,A000379,2025-12-13 16:20:00,28.47,debit,atm,fuel,posted
T00007987,A000379,2025-12-03 02:43:00,2824.5,credit,ach,,posted
T00007988,A000379,2025-09-15 12:42:00,3103.37,credit,ach,,posted
T00007989,A000379,2025-10-14 09:24:00,754.57,credit,ach,,posted
T00007990,A000379,2025-08-10 23:11:00,39.68,debit,ach,entertainment,posted
T00007991,A000379,2025-12-16 08:46:00,2741.96,credit,ach,,posted
T00007992,A000379,2025-09-21 18:09:00,46.93,debit,card,grocery,posted
T00007993,A000379,2025-07-19 05:41:00,1634.41,credit,ach,,posted
T00007994,A000379,2025-08-29 03:42:00,14.34,debit,card,dining,posted
T00007995,A000379,2025-10-02 23:14:00,67.89,debit,card,grocery,posted
T00007996,A000379,2025-11-28 01:26:00,34.39,debit,atm,online_retail,posted
T00007997,A000380,2025-10-21 06:11:00,74.05,debit,card,online_retail,posted
T00007998,A000380,2025-07-06 12:20:00,12.06,debit,atm,grocery,posted
T00007999,A000380,2025-11-16 11:43:00,2075.84,credit,ach,,posted
T00008000,A000380,2025-12-15 18:27:00,1021.54,credit,ach,,posted
T00008001,A000380,2025-12-26 09:47:00,30.81,debit,card,healthcare,posted
T00008002,A000380,2025-10-26 06:08:00,9.1,debit,ach,healthcare,posted
T00008003,A000380,2025-12-20 08:40:00,545.08,credit,ach,,posted
T00008004,A000380,2025-09-20 14:51:00,561.72,debit,p2p,online_retail,posted
T00008005,A000380,2025-11-29 12:01:00,12.5,debit,card,utilities,posted
T00008006,A000380,2025-10-11 11:44:00,601.32,credit,ach,,posted
T00008007,A000380,2025-10-11 05:11:00,55.3,debit,card,travel,declined
T00008008,A000380,2025-11-15 16:52:00,2700.95,credit,ach,,posted
T00008009,A000380,2025-09-05 14:06:00,1503.02,credit,ach,,posted
T00008010,A000380,2025-12-17 16:11:00,61.31,debit,card,entertainment,posted
T00008011,A000380,2025-10-31 22:49:00,3.81,debit,card,fuel,posted
T00008012,A000380,2025-10-30 16:00:00,31.14,debit,p2p,dining,posted
T00008013,A000380,2025-08-26 00:45:00,18.93,debit,ach,utilities,posted
T00008014,A000380,2025-10-22 07:59:00,787.11,credit,ach,,posted
T00008015,A000380,2025-07-30 07:20:00,64.8,debit,ach,online_retail,posted
T00008016,A000380,2025-11-02 04:35:00,42.99,debit,p2p,utilities,posted
T00008017,A000380,2025-09-21 14:24:00,3253.37,credit,ach,,posted
T00008018,A000380,2025-07-15 05:25:00,30.19,debit,p2p,utilities,posted
T00008019,A000380,2025-11-25 13:29:00,81.93,debit,p2p,dining,posted
T00008020,A000380,2025-10-21 01:16:00,67.03,debit,card,travel,posted
T00008021,A000380,2025-08-26 04:09:00,249.28,debit,p2p,entertainment,posted
T00008022,A000380,2025-11-13 00:50:00,30.06,debit,card,healthcare,posted
T00008023,A000380,2025-09-06 17:46:00,24.65,debit,p2p,healthcare,posted
T00008024,A000380,2025-10-27 12:29:00,10.22,debit,atm,fuel,posted
T00008025,A000381,2025-11-25 07:34:00,3839.77,credit,ach,,posted
T00008026,A000381,2025-10-18 10:56:00,2426.49,credit,ach,,posted
T00008027,A000381,2025-11-14 12:48:00,25.03,debit,atm,fuel,posted
T00008028,A000381,2025-10-24 07:10:00,4.31,debit,p2p,dining,posted
T00008029,A000381,2025-10-22 09:56:00,1437.04,credit,ach,,posted
T00008030,A000381,2025-12-07 13:49:00,81.31,debit,card,grocery,posted
T00008031,A000381,2025-12-30 04:31:00,35.78,debit,atm,fuel,posted
T00008032,A000381,2025-12-04 18:19:00,29.91,debit,card,entertainment,posted
T00008033,A000381,2025-10-24 02:37:00,2785.79,credit,ach,,posted
T00008034,A000381,2025-11-27 15:53:00,25.37,debit,card,dining,posted
T00008035,A000382,2025-05-16 14:01:00,30.41,debit,card,grocery,posted
T00008036,A000382,2025-05-12 14:03:00,2881.71,credit,ach,,posted
T00008037,A000382,2025-04-20 06:20:00,1034.35,credit,ach,,declined
T00008038,A000382,2025-10-22 18:56:00,7.44,debit,p2p,utilities,posted
T00008039,A000382,2025-08-16 05:40:00,44.15,debit,card,entertainment,posted
T00008040,A000382,2025-06-28 19:53:00,25.67,debit,atm,fuel,posted
T00008041,A000382,2025-05-01 09:56:00,101.0,debit,card,online_retail,posted
T00008042,A000382,2025-09-28 17:26:00,20.23,debit,card,dining,posted
T00008043,A000382,2025-04-29 12:22:00,114.48,debit,card,dining,posted
T00008044,A000382,2025-03-31 07:20:00,52.13,debit,p2p,grocery,posted
T00008045,A000382,2025-04-12 13:25:00,6.43,debit,ach,entertainment,posted
T00008046,A000382,2025-06-20 20:06:00,2027.06,credit,ach,,posted
T00008047,A000382,2025-08-03 23:46:00,75.67,debit,atm,healthcare,declined
T00008048,A000382,2025-07-14 15:33:00,3812.37,credit,ach,,posted
T00008049,A000382,2025-05-14 00:38:00,71.7,debit,p2p,entertainment,posted
T00008050,A000382,2025-04-19 18:06:00,67.44,debit,card,healthcare,posted
T00008051,A000382,2025-10-17 17:02:00,3388.47,credit,ach,,posted
T00008052,A000382,2025-08-31 06:21:00,11.94,debit,card,entertainment,posted
T00008053,A000382,2025-06-20 00:03:00,22.66,debit,atm,online_retail,posted
T00008054,A000382,2025-05-11 23:34:00,34.83,debit,card,online_retail,posted
T00008055,A000382,2025-07-29 04:14:00,1711.6,credit,ach,,posted
T00008056,A000382,2025-06-28 20:12:00,14.2,debit,card,travel,posted
T00008057,A000382,2025-07-06 12:40:00,972.79,credit,ach,,declined
T00008058,A000382,2025-10-19 23:37:00,1393.41,credit,ach,,posted
T00008059,A000382,2025-11-19 20:16:00,34.0,debit,card,entertainment,posted
T00008060,A000384,2025-03-16 23:53:00,26.47,debit,p2p,utilities,posted
T00008061,A000384,2025-06-19 09:40:00,60.66,debit,ach,utilities,posted
T00008062,A000384,2025-03-30 02:43:00,3159.46,credit,ach,,posted
T00008063,A000384,2025-06-19 06:47:00,73.17,debit,card,entertainment,posted
T00008064,A000384,2025-08-24 00:26:00,710.55,credit,ach,,posted
T00008065,A000384,2025-09-17 03:57:00,76.81,debit,atm,entertainment,posted
T00008066,A000384,2025-08-04 11:43:00,43.85,debit,card,online_retail,posted
T00008067,A000384,2025-07-11 00:15:00,125.8,debit,card,fuel,posted
T00008068,A000384,2025-07-08 05:59:00,3611.67,credit,ach,,posted
T00008069,A000384,2025-10-26 04:40:00,44.42,debit,card,dining,posted
T00008070,A000384,2025-06-13 18:15:00,74.66,debit,card,healthcare,posted
T00008071,A000384,2025-11-04 17:36:00,45.21,debit,atm,online_retail,posted
T00008072,A000384,2025-12-03 21:05:00,29.17,debit,card,travel,posted
T00008073,A000384,2025-05-23 17:18:00,50.55,debit,p2p,utilities,posted
T00008074,A000384,2025-06-29 04:05:00,76.96,debit,card,grocery,posted
T00008075,A000384,2025-08-05 23:58:00,1657.97,credit,ach,,posted
T00008076,A000384,2025-03-24 04:38:00,506.11,credit,ach,,posted
T00008077,A000384,2025-11-22 15:41:00,1094.29,credit,ach,,posted
T00008078,A000384,2025-09-08 04:03:00,2932.23,credit,ach,,posted
T00008079,A000384,2025-09-27 19:13:00,3956.3,credit,ach,,posted
T00008080,A000384,2025-05-31 07:52:00,13.92,debit,ach,utilities,posted
T00008081,A000384,2025-11-17 07:00:00,9.65,debit,card,grocery,posted
T00008082,A000384,2025-11-15 12:48:00,3203.87,credit,ach,,posted
T00008083,A000384,2025-05-19 14:42:00,2039.65,credit,ach,,posted
T00008084,A000384,2025-07-20 17:35:00,3820.28,credit,ach,,posted
T00008085,A000384,2025-05-23 00:14:00,22.45,debit,card,dining,posted
T00008086,A000384,2025-07-15 02:53:00,6.27,debit,p2p,entertainment,posted
T00008087,A000384,2025-08-15 05:39:00,52.05,debit,ach,dining,posted
T00008088,A000384,2025-07-18 05:34:00,83.56,debit,p2p,online_retail,posted
T00008089,A000384,2025-07-01 16:00:00,2407.8,credit,ach,,posted
T00008090,A000384,2025-04-14 04:48:00,3385.84,credit,ach,,posted
T00008091,A000384,2025-10-02 08:59:00,84.27,debit,card,online_retail,posted
T00008092,A000384,2025-10-03 08:34:00,66.16,debit,card,dining,posted
T00008093,A000384,2025-03-17 07:39:00,97.07,debit,p2p,utilities,posted
T00008094,A000384,2025-07-06 21:54:00,20.78,debit,card,healthcare,posted
T00008095,A000384,2025-04-02 13:35:00,1698.77,credit,ach,,posted
T00008096,A000384,2025-09-22 04:09:00,6.74,debit,ach,online_retail,posted
T00008097,A000384,2025-05-11 11:42:00,20.68,debit,card,online_retail,posted
T00008098,A000384,2025-04-22 15:08:00,184.51,debit,ach,fuel,posted
T00008099,A000384,2025-09-06 18:38:00,81.02,debit,card,entertainment,posted
T00008100,A000385,2025-09-24 01:26:00,19.78,debit,atm,grocery,posted
T00008101,A000385,2025-12-09 15:19:00,3091.43,credit,ach,,posted
T00008102,A000385,2025-09-20 00:09:00,26.79,debit,card,entertainment,posted
T00008103,A000385,2025-07-11 00:27:00,37.95,debit,card,travel,posted
T00008104,A000385,2025-09-13 21:48:00,57.96,debit,p2p,grocery,posted
T00008105,A000385,2025-10-30 17:59:00,7.77,debit,p2p,utilities,posted
T00008106,A000385,2025-09-06 08:04:00,17.24,debit,ach,grocery,posted
T00008107,A000385,2025-11-19 02:15:00,4.34,debit,ach,fuel,posted
T00008108,A000385,2025-11-20 10:52:00,771.08,credit,ach,,posted
T00008109,A000385,2025-10-05 16:54:00,3294.58,credit,ach,,posted
T00008110,A000385,2025-09-26 15:20:00,25.29,debit,p2p,utilities,posted
T00008111,A000385,2025-11-03 12:14:00,29.01,debit,p2p,online_retail,posted
T00008112,A000385,2025-12-16 14:59:00,3350.3,credit,ach,,posted
T00008113,A000385,2025-10-25 19:57:00,3.57,debit,card,entertainment,posted
T00008114,A000385,2025-10-02 06:13:00,37.24,debit,ach,fuel,posted
T00008115,A000385,2025-12-27 14:46:00,3420.01,credit,ach,,posted
T00008116,A000385,2025-07-12 07:26:00,3845.6,credit,ach,,posted
T00008117,A000385,2025-08-09 12:19:00,2922.02,credit,ach,,posted
T00008118,A000385,2025-12-09 20:52:00,2853.32,credit,ach,,posted
T00008119,A000386,2025-12-07 09:40:00,113.8,debit,p2p,healthcare,posted
T00008120,A000386,2025-05-13 02:41:00,3232.69,credit,ach,,posted
T00008121,A000386,2024-11-20 23:08:00,3365.66,credit,ach,,posted
T00008122,A000386,2024-10-25 08:10:00,1730.22,credit,ach,,posted
T00008123,A000386,2025-04-19 10:47:00,66.35,debit,card,travel,posted
T00008124,A000386,2024-12-30 11:03:00,3739.58,credit,ach,,posted
T00008125,A000387,2024-10-06 11:04:00,1379.17,credit,ach,,posted
T00008126,A000387,2025-03-21 18:19:00,88.31,debit,card,travel,posted
T00008127,A000387,2025-02-10 04:33:00,3410.76,credit,ach,,declined
T00008128,A000387,2024-11-26 14:03:00,25.48,debit,atm,dining,posted
T00008129,A000387,2025-11-18 15:25:00,45.64,debit,card,utilities,posted
T00008130,A000387,2025-01-12 09:04:00,138.01,debit,atm,fuel,posted
T00008131,A000387,2025-10-05 02:43:00,707.82,credit,ach,,posted
T00008132,A000387,2025-02-12 10:55:00,10.95,debit,card,entertainment,posted
T00008133,A000387,2024-10-07 18:43:00,124.25,debit,p2p,utilities,posted
T00008134,A000387,2024-11-03 11:10:00,3150.89,credit,ach,,posted
T00008135,A000387,2025-10-09 19:53:00,29.97,debit,ach,fuel,posted
T00008136,A000387,2025-08-18 12:44:00,24.58,debit,p2p,healthcare,posted
T00008137,A000387,2025-08-26 12:40:00,47.13,debit,card,healthcare,posted
T00008138,A000388,2025-11-25 05:33:00,11.3,debit,atm,entertainment,posted
T00008139,A000388,2025-09-23 17:40:00,108.89,debit,ach,dining,posted
T00008140,A000388,2025-08-29 22:12:00,26.17,debit,card,travel,declined
T00008141,A000388,2025-10-09 07:07:00,994.81,credit,ach,,posted
T00008142,A000388,2025-08-24 13:46:00,18.29,debit,p2p,travel,posted
T00008143,A000389,2025-12-20 18:30:00,13.12,debit,atm,travel,posted
T00008144,A000389,2025-12-27 18:38:00,748.44,credit,ach,,posted
T00008145,A000389,2025-12-12 05:39:00,20.57,debit,card,utilities,posted
T00008146,A000389,2025-12-31 06:48:00,3139.54,credit,ach,,posted
T00008147,A000389,2025-12-25 22:41:00,3867.9,credit,ach,,posted
T00008148,A000389,2025-12-16 12:01:00,1494.74,credit,ach,,posted
T00008149,A000390,2025-10-14 15:17:00,2451.23,credit,ach,,posted
T00008150,A000390,2025-10-13 03:28:00,5.21,debit,p2p,fuel,posted
T00008151,A000390,2025-11-22 05:46:00,2813.86,credit,ach,,posted
T00008152,A000390,2025-10-20 07:29:00,2373.73,credit,ach,,posted
T00008153,A000390,2025-12-17 12:48:00,2175.69,credit,ach,,posted
T00008154,A000390,2025-11-11 01:18:00,6.49,debit,card,grocery,posted
T00008155,A000390,2025-09-13 00:20:00,112.81,debit,card,grocery,posted
T00008156,A000390,2025-10-21 03:16:00,1419.96,credit,ach,,posted
T00008157,A000390,2025-10-29 03:55:00,45.51,debit,card,travel,posted
T00008158,A000390,2025-12-11 03:03:00,6.32,debit,p2p,fuel,posted
T00008159,A000390,2025-10-18 17:22:00,123.58,debit,p2p,utilities,posted
T00008160,A000390,2025-09-24 19:33:00,15.15,debit,card,healthcare,posted
T00008161,A000390,2025-11-19 13:40:00,2646.2,credit,ach,,posted
T00008162,A000390,2025-12-23 07:33:00,49.31,debit,atm,fuel,posted
T00008163,A000390,2025-10-17 06:29:00,31.12,debit,p2p,fuel,posted
T00008164,A000390,2025-10-10 00:41:00,2402.66,credit,ach,,posted
T00008165,A000390,2025-12-16 17:28:00,1932.2,credit,ach,,posted
T00008166,A000390,2025-12-19 14:31:00,16.61,debit,p2p,entertainment,posted
T00008167,A000391,2025-11-30 16:13:00,23.98,debit,card,online_retail,posted
T00008168,A000391,2025-12-16 11:28:00,206.8,debit,card,healthcare,posted
T00008169,A000391,2025-10-31 13:47:00,2953.36,credit,ach,,posted
T00008170,A000391,2025-12-13 00:00:00,769.0,credit,ach,,posted
T00008171,A000391,2025-12-06 20:03:00,134.46,debit,card,online_retail,posted
T00008172,A000392,2025-10-02 00:00:00,50.42,debit,atm,travel,posted
T00008173,A000392,2025-09-16 20:57:00,68.93,debit,ach,dining,posted
T00008174,A000392,2025-05-07 23:28:00,1.8,debit,ach,healthcare,posted
T00008175,A000392,2025-12-28 23:12:00,1756.35,credit,ach,,posted
T00008176,A000392,2025-12-22 03:44:00,15.7,debit,card,online_retail,posted
T00008177,A000392,2025-10-30 18:12:00,27.99,debit,atm,fuel,posted
T00008178,A000392,2025-04-15 08:47:00,42.9,debit,p2p,online_retail,posted
T00008179,A000392,2025-12-21 02:45:00,55.22,debit,card,utilities,posted
T00008180,A000392,2025-09-09 11:31:00,74.8,debit,card,online_retail,posted
T00008181,A000393,2025-01-04 04:35:00,39.07,debit,atm,travel,posted
T00008182,A000393,2025-12-22 05:06:00,26.03,debit,p2p,online_retail,posted
T00008183,A000393,2024-09-08 01:45:00,24.77,debit,card,fuel,posted
T00008184,A000393,2025-07-22 14:01:00,6.26,debit,card,utilities,posted
T00008185,A000393,2024-12-26 08:48:00,3936.52,credit,ach,,posted
T00008186,A000393,2025-07-09 19:20:00,75.94,debit,card,entertainment,posted
T00008187,A000393,2025-03-09 19:31:00,49.34,debit,p2p,online_retail,posted
T00008188,A000393,2024-12-12 21:25:00,3412.45,credit,ach,,posted
T00008189,A000393,2024-11-16 08:48:00,60.14,debit,card,travel,posted
T00008190,A000394,2025-10-15 10:26:00,141.77,debit,card,healthcare,posted
T00008191,A000394,2025-10-21 17:52:00,41.07,debit,card,healthcare,posted
T00008192,A000394,2025-12-11 01:06:00,54.27,debit,ach,travel,posted
T00008193,A000394,2025-11-15 17:50:00,13.13,debit,p2p,entertainment,posted
T00008194,A000394,2025-12-20 00:22:00,852.79,credit,ach,,posted
T00008195,A000394,2025-07-29 01:36:00,3475.31,credit,ach,,posted
T00008196,A000394,2025-12-08 10:59:00,34.01,debit,ach,travel,declined
T00008197,A000394,2025-07-09 00:11:00,3335.51,credit,ach,,declined
T00008198,A000394,2025-09-08 07:59:00,3.04,debit,card,travel,posted
T00008199,A000394,2025-11-06 08:49:00,58.78,debit,card,entertainment,posted
T00008200,A000394,2025-08-16 21:03:00,28.56,debit,atm,travel,posted
T00008201,A000394,2025-06-02 19:34:00,33.6,debit,card,fuel,posted
T00008202,A000394,2025-11-10 23:04:00,19.4,debit,p2p,dining,posted
T00008203,A000394,2025-11-28 21:13:00,3333.93,credit,ach,,posted
T00008204,A000394,2025-05-21 12:59:00,14.89,debit,card,dining,posted
T00008205,A000394,2025-06-05 14:30:00,34.17,debit,card,grocery,posted
T00008206,A000394,2025-07-31 14:40:00,14.86,debit,card,dining,posted
T00008207,A000394,2025-12-10 15:21:00,30.45,debit,p2p,grocery,declined
T00008208,A000394,2025-06-30 06:54:00,83.88,debit,card,utilities,posted
T00008209,A000394,2025-09-17 00:29:00,21.75,debit,ach,healthcare,posted
T00008210,A000394,2025-06-17 15:13:00,739.15,debit,atm,dining,posted
T00008211,A000394,2025-12-18 10:37:00,44.44,debit,card,healthcare,declined
T00008212,A000394,2025-11-06 09:43:00,21.26,debit,ach,dining,posted
T00008213,A000394,2025-05-19 07:16:00,2394.25,credit,ach,,posted
T00008214,A000394,2025-09-14 16:20:00,1612.1,credit,ach,,posted
T00008215,A000394,2025-12-25 04:40:00,14.59,debit,p2p,dining,posted
T00008216,A000394,2025-06-10 21:47:00,13.0,debit,p2p,grocery,posted
T00008217,A000394,2025-05-30 18:42:00,48.88,debit,atm,healthcare,posted
T00008218,A000395,2025-08-11 01:53:00,40.5,debit,atm,travel,posted
T00008219,A000395,2025-05-18 04:03:00,58.54,debit,card,grocery,posted
T00008220,A000395,2025-11-30 16:18:00,17.23,debit,card,entertainment,posted
T00008221,A000395,2025-12-09 14:59:00,15.46,debit,card,grocery,posted
T00008222,A000395,2025-06-21 03:07:00,3.07,debit,card,fuel,posted
T00008223,A000395,2025-12-18 10:04:00,3579.42,credit,ach,,posted
T00008224,A000395,2025-10-10 19:25:00,41.59,debit,atm,healthcare,posted
T00008225,A000395,2025-10-16 15:48:00,31.34,debit,card,healthcare,posted
T00008226,A000395,2025-08-12 11:21:00,3638.64,credit,ach,,posted
T00008227,A000395,2025-12-17 03:25:00,65.92,debit,p2p,utilities,posted
T00008228,A000395,2025-10-05 23:00:00,12.8,debit,ach,online_retail,posted
T00008229,A000395,2025-12-20 15:33:00,16.27,debit,card,healthcare,posted
T00008230,A000395,2025-08-24 02:59:00,7.96,debit,ach,grocery,posted
T00008231,A000395,2025-09-02 08:39:00,54.04,debit,card,healthcare,posted
T00008232,A000395,2025-05-23 04:55:00,1163.69,credit,ach,,posted
T00008233,A000396,2025-07-30 14:55:00,26.01,debit,card,utilities,posted
T00008234,A000396,2025-02-13 11:57:00,16.4,debit,p2p,dining,posted
T00008235,A000396,2025-04-26 19:15:00,44.09,debit,card,dining,posted
T00008236,A000396,2024-08-25 10:59:00,16.65,debit,card,travel,declined
T00008237,A000396,2025-08-04 23:13:00,17.5,debit,p2p,dining,posted
T00008238,A000396,2024-08-25 20:57:00,3133.75,credit,ach,,posted
T00008239,A000396,2024-11-14 22:36:00,33.9,debit,ach,dining,posted
T00008240,A000396,2025-02-16 13:27:00,589.16,credit,ach,,posted
T00008241,A000396,2024-08-01 20:17:00,46.45,debit,card,dining,posted
T00008242,A000396,2024-10-27 12:47:00,3310.11,credit,ach,,posted
T00008243,A000396,2024-09-09 23:48:00,2077.38,credit,ach,,posted
T00008244,A000396,2025-04-15 21:48:00,19.02,debit,atm,fuel,posted
T00008245,A000396,2025-09-07 13:22:00,1.54,debit,card,healthcare,posted
T00008246,A000396,2025-09-08 01:12:00,3265.54,credit,ach,,posted
T00008247,A000396,2025-07-03 18:48:00,15.73,debit,card,grocery,posted
T00008248,A000396,2025-02-06 15:22:00,10.13,debit,ach,travel,reversed
T00008249,A000396,2024-09-18 05:38:00,74.05,debit,atm,grocery,posted
T00008250,A000396,2024-06-19 18:05:00,47.88,debit,atm,fuel,posted
T00008251,A000396,2025-07-29 20:50:00,2567.53,credit,ach,,posted
T00008252,A000396,2025-09-24 10:40:00,86.91,debit,card,dining,posted
T00008253,A000396,2025-08-25 22:47:00,23.65,debit,ach,online_retail,reversed
T00008254,A000396,2025-12-16 16:11:00,35.59,debit,p2p,dining,posted
T00008255,A000396,2024-04-25 03:11:00,20.88,debit,atm,utilities,posted
T00008256,A000396,2024-10-21 10:10:00,7.82,debit,atm,utilities,posted
T00008257,A000396,2025-11-16 02:12:00,1426.44,credit,ach,,posted
T00008258,A000396,2025-04-26 04:31:00,99.29,debit,ach,utilities,posted
T00008259,A000396,2024-11-13 02:40:00,696.53,credit,ach,,posted
T00008260,A000396,2024-10-08 13:20:00,3148.44,credit,ach,,posted
T00008261,A000396,2024-10-17 18:37:00,3197.86,credit,ach,,posted
T00008262,A000396,2024-05-14 20:59:00,1720.75,credit,ach,,posted
T00008263,A000396,2025-12-23 02:43:00,65.92,debit,atm,healthcare,posted
T00008264,A000396,2025-10-29 08:49:00,2943.17,credit,ach,,posted
T00008265,A000397,2025-12-27 15:44:00,16.15,debit,p2p,online_retail,posted
T00008266,A000397,2025-12-05 22:48:00,2680.87,credit,ach,,posted
T00008267,A000397,2025-12-03 06:18:00,7.77,debit,card,dining,posted
T00008268,A000397,2025-12-20 11:19:00,1906.69,credit,ach,,posted
T00008269,A000397,2025-12-17 20:17:00,30.92,debit,atm,online_retail,posted
T00008270,A000397,2025-12-18 13:18:00,3735.72,credit,ach,,posted
T00008271,A000397,2025-12-30 12:35:00,42.98,debit,ach,online_retail,posted
T00008272,A000397,2025-12-29 12:53:00,24.67,debit,card,grocery,posted
T00008273,A000397,2025-12-04 07:39:00,27.31,debit,p2p,dining,posted
T00008274,A000397,2025-12-06 03:31:00,571.53,credit,ach,,posted
T00008275,A000397,2025-12-18 17:41:00,64.81,debit,card,grocery,posted
T00008276,A000397,2025-12-06 23:43:00,171.52,debit,ach,grocery,posted
T00008277,A000397,2025-12-16 21:14:00,24.19,debit,p2p,dining,posted
T00008278,A000397,2025-12-29 14:30:00,1884.51,credit,ach,,posted
T00008279,A000397,2025-12-16 15:55:00,8.74,debit,ach,grocery,posted
T00008280,A000397,2025-12-20 10:55:00,112.1,debit,p2p,utilities,posted
T00008281,A000397,2025-12-28 09:17:00,22.46,debit,card,healthcare,posted
T00008282,A000397,2025-12-14 07:32:00,22.63,debit,card,fuel,posted
T00008283,A000397,2025-12-16 13:28:00,19.98,debit,card,fuel,posted
T00008284,A000397,2025-12-11 02:44:00,36.06,debit,card,dining,posted
T00008285,A000397,2025-12-15 17:06:00,34.14,debit,ach,travel,posted
T00008286,A000397,2025-12-19 21:21:00,62.49,debit,ach,dining,posted
T00008287,A000397,2025-12-14 20:24:00,19.12,debit,card,fuel,posted
T00008288,A000397,2025-12-22 05:33:00,13.37,debit,card,entertainment,posted
T00008289,A000397,2025-12-30 05:20:00,7.9,debit,card,entertainment,posted
T00008290,A000397,2025-12-16 03:22:00,22.97,debit,card,dining,posted
T00008291,A000397,2025-12-15 04:30:00,44.49,debit,atm,fuel,declined
T00008292,A000397,2025-12-03 13:06:00,2757.9,credit,ach,,posted
T00008293,A000397,2025-12-10 13:35:00,227.7,debit,atm,entertainment,posted
T00008294,A000397,2025-12-28 17:00:00,3014.17,credit,ach,,posted
T00008295,A000397,2025-12-29 11:10:00,3524.49,credit,ach,,posted
T00008296,A000397,2025-12-24 11:38:00,64.01,debit,atm,utilities,posted
T00008297,A000397,2025-12-17 09:37:00,34.59,debit,card,online_retail,posted
T00008298,A000397,2025-12-09 19:27:00,30.88,debit,card,grocery,posted
T00008299,A000397,2025-12-11 04:20:00,17.14,debit,p2p,travel,posted
T00008300,A000397,2025-12-28 10:30:00,3739.49,credit,ach,,posted
T00008301,A000397,2025-12-25 11:12:00,80.51,debit,p2p,utilities,posted
T00008302,A000397,2025-12-26 08:47:00,152.38,debit,ach,fuel,posted
T00008303,A000397,2025-12-22 04:31:00,52.14,debit,card,grocery,posted
T00008304,A000398,2025-12-07 08:03:00,40.19,debit,ach,travel,posted
T00008305,A000398,2025-12-15 16:21:00,22.92,debit,card,fuel,posted
T00008306,A000398,2025-12-07 09:57:00,620.92,credit,ach,,declined
T00008307,A000398,2025-11-18 03:47:00,40.09,debit,atm,online_retail,posted
T00008308,A000398,2025-12-18 20:20:00,3061.69,credit,ach,,posted
T00008309,A000398,2025-12-24 04:07:00,72.6,debit,card,healthcare,posted
T00008310,A000398,2025-11-28 17:06:00,48.95,debit,ach,healthcare,posted
T00008311,A000398,2025-11-15 03:29:00,191.5,debit,card,online_retail,posted
T00008312,A000398,2025-11-25 14:03:00,41.4,debit,card,healthcare,posted
T00008313,A000398,2025-11-17 08:40:00,115.67,debit,ach,fuel,posted
T00008314,A000398,2025-12-28 22:36:00,1592.17,credit,ach,,posted
T00008315,A000398,2025-11-17 18:02:00,11.15,debit,card,online_retail,posted
T00008316,A000398,2025-11-30 00:18:00,28.35,debit,atm,travel,posted
T00008317,A000398,2025-11-14 14:15:00,22.24,debit,atm,entertainment,posted
T00008318,A000398,2025-12-28 08:03:00,28.04,debit,ach,utilities,posted
T00008319,A000398,2025-12-31 19:44:00,3280.31,credit,ach,,declined
T00008320,A000398,2025-11-27 07:16:00,33.63,debit,card,healthcare,posted
T00008321,A000398,2025-11-13 04:11:00,55.12,debit,card,healthcare,posted
T00008322,A000398,2025-11-17 22:46:00,82.12,debit,p2p,online_retail,posted
T00008323,A000398,2025-11-21 21:42:00,3.3,debit,card,utilities,posted
T00008324,A000398,2025-11-20 04:34:00,51.59,debit,card,entertainment,posted
T00008325,A000398,2025-12-08 19:51:00,23.7,debit,p2p,dining,posted
T00008326,A000398,2025-12-21 03:12:00,12.85,debit,card,travel,posted
T00008327,A000399,2025-12-20 02:24:00,44.37,debit,card,dining,posted
T00008328,A000399,2025-12-04 10:07:00,1637.42,credit,ach,,posted
T00008329,A000399,2025-12-02 11:50:00,1576.79,credit,ach,,posted
T00008330,A000399,2025-12-19 07:38:00,22.23,debit,card,healthcare,posted
T00008331,A000399,2025-12-10 19:51:00,27.36,debit,ach,utilities,posted
T00008332,A000399,2025-12-08 10:49:00,7.59,debit,ach,fuel,posted
T00008333,A000399,2025-12-27 04:02:00,12.62,debit,p2p,healthcare,posted
T00008334,A000399,2025-12-23 18:26:00,36.55,debit,card,grocery,posted
T00008335,A000399,2025-12-11 00:06:00,66.44,debit,card,online_retail,posted
T00008336,A000399,2025-12-14 06:04:00,2719.86,credit,ach,,posted
T00008337,A000399,2025-11-25 22:00:00,12.52,debit,card,dining,posted
T00008338,A000399,2025-12-18 16:29:00,90.48,debit,card,healthcare,posted
T00008339,A000399,2025-12-09 08:02:00,24.11,debit,p2p,online_retail,posted
T00008340,A000399,2025-12-23 18:07:00,2.48,debit,ach,entertainment,posted
T00008341,A000399,2025-12-03 19:56:00,47.53,debit,ach,online_retail,posted
T00008342,A000399,2025-11-30 09:18:00,46.56,debit,card,fuel,posted
T00008343,A000399,2025-12-15 12:03:00,2849.73,credit,ach,,reversed
T00008344,A000399,2025-12-14 15:19:00,169.15,debit,ach,fuel,declined
T00008345,A000399,2025-11-30 17:22:00,8.33,debit,card,online_retail,posted
T00008346,A000399,2025-12-23 19:29:00,43.4,debit,card,entertainment,posted
T00008347,A000399,2025-12-13 03:29:00,8.8,debit,p2p,travel,posted
T00008348,A000399,2025-12-08 13:38:00,1553.29,credit,ach,,posted
T00008349,A000399,2025-12-16 15:11:00,679.76,credit,ach,,posted
T00008350,A000399,2025-12-05 03:03:00,71.29,debit,ach,dining,posted
T00008351,A000399,2025-12-29 18:46:00,18.96,debit,ach,travel,posted
T00008352,A000399,2025-12-13 18:08:00,1632.37,credit,ach,,posted
T00008353,A000399,2025-12-03 23:17:00,29.72,debit,card,utilities,posted
T00008354,A000399,2025-12-20 05:51:00,77.93,debit,card,dining,posted
T00008355,A000399,2025-11-27 23:17:00,3948.63,credit,ach,,posted
T00008356,A000399,2025-12-20 04:07:00,3681.64,credit,ach,,posted
T00008357,A000400,2025-08-19 07:53:00,39.23,debit,atm,fuel,posted
T00008358,A000400,2025-11-04 03:10:00,1013.25,credit,ach,,declined
T00008359,A000400,2025-08-22 02:33:00,25.89,debit,card,dining,posted
T00008360,A000400,2025-06-14 19:39:00,31.45,debit,card,healthcare,posted
T00008361,A000400,2025-07-02 02:41:00,1277.43,credit,ach,,posted
T00008362,A000400,2025-07-27 19:14:00,19.33,debit,card,fuel,posted
T00008363,A000400,2025-08-02 11:45:00,26.21,debit,atm,entertainment,posted
T00008364,A000401,2025-11-14 05:46:00,13.35,debit,atm,travel,posted
T00008365,A000401,2025-11-12 10:57:00,13.27,debit,ach,travel,posted
T00008366,A000401,2025-11-26 22:08:00,77.11,debit,card,grocery,posted
T00008367,A000401,2025-09-08 21:22:00,101.8,debit,atm,healthcare,posted
T00008368,A000401,2025-11-21 13:23:00,32.24,debit,ach,online_retail,posted
T00008369,A000401,2025-09-06 18:07:00,14.5,debit,atm,online_retail,posted
T00008370,A000401,2025-10-02 03:16:00,139.57,debit,card,fuel,posted
T00008371,A000401,2025-07-31 07:03:00,4.95,debit,card,utilities,posted
T00008372,A000401,2025-10-05 09:23:00,9.35,debit,atm,grocery,posted
T00008373,A000401,2025-12-21 10:35:00,3123.01,credit,ach,,posted
T00008374,A000401,2025-10-05 00:59:00,1.95,debit,card,healthcare,posted
T00008375,A000401,2025-08-14 10:29:00,2820.77,credit,ach,,posted
T00008376,A000401,2025-09-25 01:00:00,35.0,debit,card,fuel,posted
T00008377,A000401,2025-10-04 09:21:00,13.23,debit,card,fuel,posted
T00008378,A000401,2025-08-02 06:45:00,40.05,debit,card,grocery,posted
T00008379,A000402,2025-11-13 13:33:00,42.78,debit,p2p,grocery,posted
T00008380,A000402,2025-12-09 08:57:00,24.46,debit,atm,fuel,posted
T00008381,A000402,2025-09-19 12:37:00,73.73,debit,card,healthcare,posted
T00008382,A000402,2025-12-15 18:14:00,33.13,debit,p2p,healthcare,declined
T00008383,A000402,2025-10-08 11:30:00,3317.76,credit,ach,,posted
T00008384,A000403,2025-08-14 04:49:00,25.51,debit,ach,utilities,posted
T00008385,A000403,2025-08-14 14:20:00,61.07,debit,ach,online_retail,posted
T00008386,A000403,2025-07-31 11:31:00,2874.86,credit,ach,,posted
T00008387,A000403,2025-08-02 16:52:00,699.57,credit,ach,,posted
T00008388,A000403,2025-12-18 21:14:00,3914.57,credit,ach,,posted
T00008389,A000403,2025-11-06 01:28:00,67.07,debit,atm,travel,posted
T00008390,A000403,2025-11-11 04:23:00,39.97,debit,card,online_retail,posted
T00008391,A000403,2025-07-05 05:09:00,2959.34,credit,ach,,posted
T00008392,A000403,2025-06-04 02:29:00,18.09,debit,atm,travel,posted
T00008393,A000403,2025-10-30 18:52:00,15.9,debit,card,travel,posted
T00008394,A000404,2025-12-10 13:05:00,18.38,debit,atm,entertainment,posted
T00008395,A000404,2025-10-17 11:30:00,968.3,credit,ach,,posted
T00008396,A000404,2025-08-01 21:47:00,19.96,debit,atm,entertainment,posted
T00008397,A000404,2025-09-17 15:14:00,2561.8,credit,ach,,posted
T00008398,A000404,2025-11-15 04:07:00,2048.59,credit,ach,,posted
T00008399,A000404,2025-08-02 05:31:00,140.86,debit,card,entertainment,posted
T00008400,A000404,2025-08-09 08:05:00,17.26,debit,atm,healthcare,posted
T00008401,A000405,2025-12-12 11:57:00,838.66,credit,ach,,posted
T00008402,A000405,2025-12-18 10:38:00,11.96,debit,card,dining,posted
T00008403,A000405,2025-12-17 16:26:00,2789.56,credit,ach,,posted
T00008404,A000405,2025-12-21 09:58:00,3284.33,credit,ach,,posted
T00008405,A000405,2025-12-16 04:22:00,1629.28,credit,ach,,posted
T00008406,A000405,2025-12-21 06:38:00,107.02,debit,ach,grocery,posted
T00008407,A000405,2025-12-23 22:48:00,17.24,debit,card,entertainment,posted
T00008408,A000405,2025-12-29 13:29:00,13.75,debit,card,grocery,posted
T00008409,A000405,2025-12-10 03:47:00,85.21,debit,card,travel,posted
T00008410,A000405,2025-12-16 21:10:00,2983.84,credit,ach,,posted
T00008411,A000405,2025-12-25 23:58:00,13.75,debit,card,healthcare,posted
T00008412,A000405,2025-12-14 12:30:00,10.08,debit,p2p,fuel,posted
T00008413,A000405,2025-12-28 12:58:00,3837.59,credit,ach,,posted
T00008414,A000405,2025-12-29 20:31:00,2915.4,credit,ach,,posted
T00008415,A000405,2025-12-18 06:36:00,140.31,debit,p2p,healthcare,posted
T00008416,A000405,2025-12-24 18:12:00,10.91,debit,card,online_retail,posted
T00008417,A000405,2025-12-24 02:40:00,163.42,debit,card,healthcare,posted
T00008418,A000405,2025-12-21 06:44:00,48.39,debit,card,dining,posted
T00008419,A000405,2025-12-30 06:40:00,44.25,debit,card,utilities,posted
T00008420,A000405,2025-12-18 20:38:00,55.43,debit,card,grocery,posted
T00008421,A000405,2025-12-23 08:53:00,1.33,debit,card,entertainment,posted
T00008422,A000405,2025-12-28 18:13:00,50.05,debit,atm,healthcare,posted
T00008423,A000405,2025-12-29 05:33:00,20.26,debit,p2p,healthcare,posted
T00008424,A000405,2025-12-13 05:45:00,45.19,debit,card,grocery,posted
T00008425,A000405,2025-12-24 12:17:00,224.39,debit,p2p,utilities,posted
T00008426,A000405,2025-12-27 05:53:00,13.05,debit,card,healthcare,posted
T00008427,A000405,2025-12-29 02:30:00,12.52,debit,p2p,entertainment,posted
T00008428,A000405,2025-12-13 07:27:00,8.56,debit,card,fuel,declined
T00008429,A000406,2024-12-09 02:26:00,21.97,debit,atm,grocery,posted
T00008430,A000406,2024-11-28 09:57:00,2179.99,credit,ach,,posted
T00008431,A000406,2025-07-24 19:31:00,3710.48,credit,ach,,posted
T00008432,A000406,2025-10-19 19:13:00,20.69,debit,card,utilities,posted
T00008433,A000406,2024-10-30 01:42:00,70.02,debit,p2p,healthcare,posted
T00008434,A000406,2025-08-06 18:43:00,59.3,debit,p2p,utilities,posted
T00008435,A000406,2024-12-16 21:20:00,11.65,debit,card,online_retail,posted
T00008436,A000406,2025-06-27 17:52:00,1013.1,credit,ach,,posted
T00008437,A000406,2025-10-30 04:46:00,43.23,debit,card,utilities,posted
T00008438,A000406,2025-09-17 16:53:00,268.2,debit,ach,utilities,posted
T00008439,A000406,2025-05-12 07:16:00,8.75,debit,card,online_retail,posted
T00008440,A000406,2024-10-21 16:31:00,329.6,debit,card,fuel,posted
T00008441,A000406,2025-03-18 00:55:00,3850.01,credit,ach,,posted
T00008442,A000406,2025-05-29 03:59:00,9.92,debit,ach,utilities,posted
T00008443,A000406,2025-11-20 20:32:00,24.33,debit,p2p,healthcare,posted
T00008444,A000406,2024-12-12 03:33:00,27.1,debit,atm,utilities,posted
T00008445,A000406,2024-11-24 10:01:00,5.31,debit,p2p,online_retail,posted
T00008446,A000406,2024-12-12 14:29:00,10.03,debit,atm,utilities,posted
T00008447,A000406,2025-06-01 10:58:00,71.93,debit,atm,travel,declined
T00008448,A000406,2024-11-22 23:20:00,15.88,debit,card,utilities,posted
T00008449,A000406,2025-08-23 16:39:00,1633.78,credit,ach,,posted
T00008450,A000406,2025-08-31 02:42:00,29.96,debit,ach,healthcare,posted
T00008451,A000406,2025-01-19 17:23:00,166.3,debit,ach,fuel,posted
T00008452,A000406,2025-12-11 16:22:00,9.15,debit,card,dining,posted
T00008453,A000406,2025-08-15 06:26:00,3957.25,credit,ach,,declined
T00008454,A000406,2025-09-27 23:31:00,2945.77,credit,ach,,posted
T00008455,A000406,2025-01-25 10:19:00,49.58,debit,card,dining,posted
T00008456,A000406,2024-11-12 07:44:00,14.75,debit,card,travel,posted
T00008457,A000406,2025-05-25 05:09:00,54.54,debit,atm,grocery,posted
T00008458,A000406,2024-08-18 03:42:00,587.01,credit,ach,,posted
T00008459,A000407,2025-12-31 23:10:00,12.39,debit,card,grocery,posted
T00008460,A000407,2025-12-31 01:40:00,18.46,debit,card,healthcare,posted
T00008461,A000407,2025-12-31 11:20:00,66.14,debit,ach,healthcare,posted
T00008462,A000407,2025-12-31 17:54:00,39.51,debit,card,online_retail,posted
T00008463,A000407,2025-12-31 12:01:00,989.88,credit,ach,,posted
T00008464,A000407,2025-12-31 15:29:00,29.05,debit,card,grocery,posted
T00008465,A000407,2025-12-31 12:15:00,6.5,debit,atm,entertainment,posted
T00008466,A000407,2025-12-31 23:14:00,2895.27,credit,ach,,posted
T00008467,A000407,2025-12-31 12:28:00,14.32,debit,card,travel,posted
T00008468,A000407,2025-12-31 19:52:00,3171.93,credit,ach,,posted
T00008469,A000407,2025-12-31 17:30:00,7.37,debit,atm,entertainment,posted
T00008470,A000407,2025-12-31 20:29:00,11.4,debit,card,dining,posted
T00008471,A000407,2025-12-31 16:47:00,107.61,debit,card,utilities,posted
T00008472,A000407,2025-12-31 21:35:00,42.39,debit,p2p,utilities,posted
T00008473,A000407,2025-12-31 19:13:00,83.94,debit,ach,fuel,posted
T00008474,A000407,2025-12-31 01:24:00,30.3,debit,card,healthcare,declined
T00008475,A000407,2025-12-31 14:19:00,1691.79,credit,ach,,posted
T00008476,A000407,2025-12-31 15:20:00,3643.82,credit,ach,,posted
T00008477,A000407,2025-12-31 10:23:00,33.98,debit,card,fuel,posted
T00008478,A000407,2025-12-31 17:30:00,22.29,debit,p2p,online_retail,posted
T00008479,A000407,2025-12-31 19:26:00,105.29,debit,p2p,grocery,posted
T00008480,A000407,2025-12-31 15:05:00,28.75,debit,atm,dining,posted
T00008481,A000407,2025-12-31 15:18:00,37.15,debit,card,online_retail,posted
T00008482,A000407,2025-12-31 00:01:00,20.02,debit,card,dining,posted
T00008483,A000408,2025-12-28 15:02:00,92.03,debit,card,travel,posted
T00008484,A000408,2025-12-28 08:48:00,88.07,debit,card,utilities,posted
T00008485,A000408,2025-12-11 15:17:00,16.44,debit,card,grocery,posted
T00008486,A000408,2025-12-16 07:50:00,129.67,debit,ach,online_retail,posted
T00008487,A000408,2025-12-21 09:06:00,12.67,debit,card,fuel,declined
T00008488,A000408,2025-12-20 20:55:00,9.33,debit,p2p,healthcare,posted
T00008489,A000408,2025-12-23 18:40:00,6.0,debit,ach,fuel,posted
T00008490,A000408,2025-12-16 17:34:00,4.89,debit,card,fuel,posted
T00008491,A000408,2025-12-11 11:12:00,18.34,debit,card,fuel,posted
T00008492,A000408,2025-12-13 17:18:00,31.01,debit,card,online_retail,posted
T00008493,A000408,2025-12-20 14:09:00,552.75,credit,ach,,posted
T00008494,A000408,2025-12-16 09:06:00,59.03,debit,card,travel,posted
T00008495,A000408,2025-12-13 20:42:00,19.18,debit,card,entertainment,posted
T00008496,A000408,2025-12-24 08:34:00,211.37,debit,card,utilities,posted
T00008497,A000408,2025-12-30 14:26:00,1989.71,credit,ach,,posted
T00008498,A000408,2025-12-14 22:41:00,85.26,debit,card,fuel,posted
T00008499,A000408,2025-12-26 15:25:00,31.51,debit,card,healthcare,posted
T00008500,A000408,2025-12-09 15:10:00,14.2,debit,card,online_retail,posted
T00008501,A000408,2025-12-23 10:01:00,1135.13,credit,ach,,posted
T00008502,A000408,2025-12-07 19:05:00,881.84,credit,ach,,posted
T00008503,A000408,2025-12-14 18:43:00,2835.48,credit,ach,,posted
T00008504,A000408,2025-12-26 18:01:00,41.93,debit,card,grocery,posted
T00008505,A000408,2025-12-26 01:27:00,28.37,debit,card,entertainment,posted
T00008506,A000408,2025-12-26 15:03:00,1600.43,credit,ach,,posted
T00008507,A000408,2025-12-24 20:32:00,46.62,debit,card,healthcare,posted
T00008508,A000408,2025-12-25 09:40:00,8.49,debit,ach,utilities,posted
T00008509,A000408,2025-12-17 15:31:00,54.75,debit,card,fuel,posted
T00008510,A000408,2025-12-17 06:32:00,3310.48,credit,ach,,posted
T00008511,A000408,2025-12-09 06:45:00,5.36,debit,p2p,healthcare,posted
T00008512,A000408,2025-12-27 16:49:00,1890.44,credit,ach,,declined
T00008513,A000408,2025-12-14 10:26:00,2590.34,credit,ach,,posted
T00008514,A000409,2025-08-24 09:31:00,20.82,debit,p2p,fuel,posted
T00008515,A000409,2025-10-24 06:04:00,45.85,debit,card,healthcare,posted
T00008516,A000409,2025-10-14 16:33:00,1871.77,credit,ach,,posted
T00008517,A000409,2025-12-02 03:52:00,40.16,debit,card,entertainment,posted
T00008518,A000409,2025-08-13 17:47:00,42.73,debit,card,healthcare,posted
T00008519,A000409,2025-08-05 01:09:00,1909.66,credit,ach,,posted
T00008520,A000409,2025-08-20 09:48:00,2087.24,credit,ach,,posted
T00008521,A000409,2025-09-04 02:45:00,21.89,debit,atm,dining,posted
T00008522,A000409,2025-08-24 16:14:00,69.45,debit,p2p,fuel,posted
T00008523,A000409,2025-08-25 01:45:00,104.18,debit,p2p,online_retail,posted
T00008524,A000409,2025-12-06 10:39:00,42.1,debit,p2p,fuel,posted
T00008525,A000409,2025-09-06 03:49:00,16.61,debit,p2p,healthcare,posted
T00008526,A000409,2025-09-26 17:55:00,2218.49,credit,ach,,posted
T00008527,A000409,2025-11-17 04:26:00,192.53,debit,card,online_retail,posted
T00008528,A000409,2025-08-12 02:34:00,22.98,debit,card,grocery,declined
T00008529,A000409,2025-12-04 17:49:00,95.63,debit,atm,entertainment,posted
T00008530,A000409,2025-08-04 07:19:00,31.11,debit,card,healthcare,declined
T00008531,A000409,2025-11-30 09:43:00,21.34,debit,atm,online_retail,posted
T00008532,A000409,2025-11-21 08:29:00,7.09,debit,p2p,travel,posted
T00008533,A000409,2025-12-16 23:13:00,22.14,debit,card,healthcare,posted
T00008534,A000409,2025-10-03 18:28:00,731.17,credit,ach,,posted
T00008535,A000409,2025-10-30 15:20:00,2102.43,credit,ach,,posted
T00008536,A000409,2025-08-05 06:18:00,3350.44,credit,ach,,posted
T00008537,A000409,2025-11-10 14:12:00,7.75,debit,ach,grocery,posted
T00008538,A000409,2025-09-14 14:39:00,964.79,credit,ach,,posted
T00008539,A000409,2025-10-26 08:02:00,42.14,debit,card,healthcare,posted
T00008540,A000409,2025-08-20 00:14:00,10.37,debit,card,grocery,posted
T00008541,A000409,2025-10-17 20:21:00,2509.39,credit,ach,,posted
T00008542,A000409,2025-11-28 09:46:00,825.51,credit,ach,,posted
T00008543,A000409,2025-12-26 16:06:00,3075.23,credit,ach,,posted
T00008544,A000409,2025-12-21 02:12:00,81.22,debit,p2p,online_retail,posted
T00008545,A000410,2025-12-21 04:34:00,3610.11,credit,ach,,posted
T00008546,A000410,2025-12-07 21:34:00,2327.05,credit,ach,,posted
T00008547,A000410,2025-12-31 20:54:00,41.12,debit,card,dining,posted
T00008548,A000410,2025-12-30 16:52:00,674.58,credit,ach,,posted
T00008549,A000410,2025-11-26 08:42:00,3515.97,credit,ach,,posted
T00008550,A000410,2025-11-23 03:44:00,40.4,debit,p2p,dining,posted
T00008551,A000410,2025-12-02 14:02:00,81.18,debit,card,fuel,posted
T00008552,A000410,2025-12-27 11:41:00,21.92,debit,atm,utilities,posted
T00008553,A000410,2025-11-26 23:39:00,708.61,credit,ach,,posted
T00008554,A000410,2025-12-24 20:07:00,2.24,debit,p2p,utilities,posted
T00008555,A000410,2025-11-16 23:34:00,4.83,debit,ach,fuel,posted
T00008556,A000410,2025-12-31 06:25:00,14.35,debit,card,entertainment,posted
T00008557,A000410,2025-12-06 02:20:00,9.02,debit,card,healthcare,posted
T00008558,A000410,2025-12-20 09:04:00,46.55,debit,ach,utilities,posted
T00008559,A000410,2025-12-09 06:50:00,55.29,debit,ach,dining,posted
T00008560,A000410,2025-11-18 07:51:00,8.42,debit,card,fuel,posted
T00008561,A000410,2025-12-20 18:10:00,18.79,debit,ach,healthcare,posted
T00008562,A000410,2025-11-21 06:29:00,33.22,debit,p2p,grocery,posted
T00008563,A000410,2025-12-02 14:23:00,3.04,debit,card,travel,posted
T00008564,A000410,2025-12-03 20:56:00,1123.81,credit,ach,,posted
T00008565,A000410,2025-11-13 01:50:00,907.21,credit,ach,,posted
T00008566,A000410,2025-11-30 19:15:00,46.78,debit,p2p,fuel,posted
T00008567,A000410,2025-11-23 02:48:00,48.45,debit,atm,online_retail,posted
T00008568,A000410,2025-12-07 13:51:00,6.56,debit,atm,utilities,posted
T00008569,A000410,2025-11-14 17:46:00,2863.84,credit,ach,,posted
T00008570,A000410,2025-12-24 17:25:00,2375.22,credit,ach,,posted
T00008571,A000410,2025-11-18 15:47:00,32.66,debit,ach,utilities,posted
T00008572,A000410,2025-12-29 10:11:00,2625.95,credit,ach,,posted
T00008573,A000410,2025-12-25 19:41:00,13.54,debit,p2p,dining,posted
T00008574,A000410,2025-11-16 14:25:00,9.67,debit,atm,entertainment,posted
T00008575,A000410,2025-11-17 11:08:00,11.32,debit,ach,travel,posted
T00008576,A000410,2025-12-04 09:07:00,142.92,debit,atm,online_retail,posted
T00008577,A000410,2025-11-30 09:20:00,17.6,debit,atm,dining,posted
T00008578,A000411,2025-03-23 04:40:00,84.24,debit,p2p,dining,posted
T00008579,A000411,2025-09-20 23:50:00,2.47,debit,card,online_retail,posted
T00008580,A000411,2025-09-13 00:21:00,49.85,debit,card,fuel,posted
T00008581,A000411,2024-09-20 18:29:00,8.47,debit,card,online_retail,posted
T00008582,A000411,2024-09-02 05:49:00,42.96,debit,atm,entertainment,declined
T00008583,A000411,2025-09-13 17:05:00,2472.78,credit,ach,,posted
T00008584,A000411,2024-11-13 00:08:00,43.4,debit,card,fuel,declined
T00008585,A000411,2025-03-12 13:21:00,16.26,debit,p2p,fuel,posted
T00008586,A000411,2025-04-20 04:11:00,3730.08,credit,ach,,posted
T00008587,A000411,2024-11-23 01:29:00,9.99,debit,ach,travel,posted
T00008588,A000411,2025-12-19 02:05:00,52.0,debit,p2p,grocery,posted
T00008589,A000411,2025-10-08 04:54:00,10.74,debit,card,entertainment,posted
T00008590,A000411,2025-11-16 08:35:00,12.72,debit,card,healthcare,posted
T00008591,A000411,2024-11-22 14:09:00,20.33,debit,card,healthcare,posted
T00008592,A000411,2025-01-15 09:06:00,63.88,debit,card,utilities,posted
T00008593,A000411,2025-11-30 16:43:00,16.61,debit,ach,entertainment,posted
T00008594,A000411,2025-05-16 03:57:00,21.89,debit,card,entertainment,posted
T00008595,A000411,2025-10-06 05:25:00,30.65,debit,p2p,fuel,posted
T00008596,A000411,2025-09-28 11:21:00,85.25,debit,card,travel,posted
T00008597,A000411,2025-02-06 01:38:00,6.63,debit,card,dining,posted
T00008598,A000411,2025-07-23 21:15:00,2826.26,credit,ach,,posted
T00008599,A000411,2025-08-10 11:16:00,167.19,debit,p2p,grocery,posted
T00008600,A000411,2024-11-05 19:06:00,35.42,debit,p2p,entertainment,posted
T00008601,A000411,2025-09-11 12:42:00,25.43,debit,ach,online_retail,posted
T00008602,A000411,2024-11-22 09:54:00,7.88,debit,card,healthcare,posted
T00008603,A000411,2025-03-26 20:49:00,38.49,debit,ach,utilities,posted
T00008604,A000411,2025-07-24 01:03:00,128.13,debit,card,grocery,posted
T00008605,A000411,2025-09-29 01:12:00,2245.23,credit,ach,,posted
T00008606,A000411,2025-12-30 09:15:00,17.57,debit,ach,dining,posted
T00008607,A000411,2025-09-28 10:34:00,1.13,debit,card,utilities,posted
T00008608,A000412,2025-12-25 19:59:00,36.59,debit,card,entertainment,posted
T00008609,A000412,2025-12-30 00:14:00,70.34,debit,card,fuel,posted
T00008610,A000412,2025-12-03 13:44:00,1859.63,credit,ach,,posted
T00008611,A000412,2025-12-05 15:39:00,14.43,debit,atm,healthcare,posted
T00008612,A000412,2025-12-21 15:51:00,13.93,debit,atm,grocery,posted
T00008613,A000412,2025-11-30 01:04:00,49.3,debit,card,dining,posted
T00008614,A000412,2025-11-30 12:53:00,32.0,debit,atm,grocery,posted
T00008615,A000412,2025-12-19 05:15:00,1930.83,credit,ach,,posted
T00008616,A000412,2025-12-26 07:45:00,25.61,debit,atm,utilities,posted
T00008617,A000412,2025-12-30 18:43:00,13.03,debit,p2p,fuel,posted
T00008618,A000412,2025-12-10 02:14:00,87.61,debit,card,fuel,posted
T00008619,A000412,2025-12-07 20:32:00,189.48,debit,ach,grocery,posted
T00008620,A000412,2025-12-21 14:53:00,23.02,debit,ach,healthcare,posted
T00008621,A000412,2025-12-18 22:20:00,35.8,debit,p2p,utilities,posted
T00008622,A000412,2025-12-05 13:40:00,38.87,debit,atm,dining,posted
T00008623,A000412,2025-12-20 12:35:00,74.54,debit,p2p,dining,posted
T00008624,A000412,2025-12-16 21:07:00,24.45,debit,card,utilities,posted
T00008625,A000412,2025-12-29 00:00:00,27.81,debit,card,dining,posted
T00008626,A000412,2025-12-26 22:04:00,3166.52,credit,ach,,posted
T00008627,A000412,2025-12-13 19:21:00,8.39,debit,card,healthcare,posted
T00008628,A000412,2025-12-23 18:19:00,23.37,debit,card,online_retail,posted
T00008629,A000413,2025-11-23 09:09:00,2977.99,credit,ach,,posted
T00008630,A000413,2025-12-21 18:37:00,47.5,debit,card,grocery,posted
T00008631,A000413,2025-09-07 23:37:00,37.39,debit,atm,fuel,posted
T00008632,A000413,2025-11-27 10:51:00,346.46,debit,atm,healthcare,posted
T00008633,A000413,2025-09-07 16:15:00,7.79,debit,p2p,travel,posted
T00008634,A000414,2025-08-23 09:52:00,64.52,debit,p2p,healthcare,posted
T00008635,A000414,2025-08-17 11:18:00,49.25,debit,ach,online_retail,posted
T00008636,A000414,2025-09-04 11:12:00,69.11,debit,atm,utilities,posted
T00008637,A000414,2025-07-22 14:02:00,126.92,debit,card,travel,declined
T00008638,A000414,2025-07-28 13:31:00,39.75,debit,p2p,entertainment,posted
T00008639,A000414,2025-07-03 14:36:00,14.25,debit,card,healthcare,posted
T00008640,A000414,2025-08-01 18:53:00,8.46,debit,ach,travel,posted
T00008641,A000414,2025-10-29 15:10:00,3254.54,credit,ach,,posted
T00008642,A000414,2025-07-30 16:21:00,34.55,debit,p2p,dining,posted
T00008643,A000414,2025-12-02 08:53:00,14.17,debit,card,healthcare,posted
T00008644,A000414,2025-11-03 00:23:00,2104.62,credit,ach,,posted
T00008645,A000414,2025-07-23 10:11:00,170.18,debit,card,grocery,posted
T00008646,A000414,2025-08-11 00:57:00,1693.33,credit,ach,,posted
T00008647,A000414,2025-12-07 15:20:00,30.72,debit,ach,travel,posted
T00008648,A000414,2025-11-28 09:51:00,31.2,debit,p2p,travel,posted
T00008649,A000414,2025-07-01 22:43:00,1016.26,credit,ach,,posted
T00008650,A000414,2025-12-23 20:44:00,19.46,debit,p2p,dining,posted
T00008651,A000414,2025-10-03 20:06:00,36.89,debit,p2p,entertainment,posted
T00008652,A000414,2025-07-24 03:31:00,50.46,debit,card,healthcare,posted
T00008653,A000414,2025-10-08 17:32:00,19.7,debit,ach,utilities,posted
T00008654,A000414,2025-07-14 14:12:00,968.45,credit,ach,,posted
T00008655,A000414,2025-08-05 08:45:00,30.74,debit,ach,utilities,posted
T00008656,A000414,2025-10-30 21:23:00,2.95,debit,card,entertainment,posted
T00008657,A000414,2025-08-28 22:15:00,56.18,debit,card,online_retail,posted
T00008658,A000414,2025-09-03 01:52:00,71.87,debit,atm,utilities,posted
T00008659,A000414,2025-08-11 14:51:00,543.28,credit,ach,,posted
T00008660,A000415,2025-12-17 18:11:00,51.29,debit,ach,online_retail,posted
T00008661,A000415,2025-12-26 08:05:00,36.14,debit,atm,fuel,posted
T00008662,A000415,2025-11-12 14:02:00,737.35,credit,ach,,posted
T00008663,A000415,2025-12-14 20:05:00,2525.01,credit,ach,,posted
T00008664,A000415,2025-10-05 04:59:00,2883.71,credit,ach,,posted
T00008665,A000415,2025-12-24 22:17:00,50.85,debit,card,fuel,posted
T00008666,A000415,2025-11-01 20:43:00,83.4,debit,card,entertainment,posted
T00008667,A000415,2025-10-30 09:18:00,28.32,debit,card,travel,posted
T00008668,A000415,2025-10-26 21:36:00,6.95,debit,p2p,online_retail,posted
T00008669,A000415,2025-11-13 23:27:00,20.18,debit,card,dining,posted
T00008670,A000415,2025-10-27 04:22:00,14.76,debit,p2p,utilities,posted
T00008671,A000415,2025-12-08 15:19:00,24.37,debit,ach,online_retail,posted
T00008672,A000415,2025-11-20 08:14:00,18.85,debit,atm,online_retail,posted
T00008673,A000415,2025-11-16 11:47:00,10.25,debit,p2p,utilities,posted
T00008674,A000415,2025-12-24 11:55:00,15.04,debit,card,grocery,posted
T00008675,A000415,2025-12-08 04:26:00,2493.66,credit,ach,,posted
T00008676,A000415,2025-12-07 23:57:00,58.1,debit,ach,healthcare,posted
T00008677,A000415,2025-12-29 20:35:00,56.27,debit,card,entertainment,posted
T00008678,A000415,2025-09-20 02:03:00,93.53,debit,card,grocery,posted
T00008679,A000415,2025-11-14 13:27:00,95.47,debit,atm,online_retail,posted
T00008680,A000415,2025-12-07 21:35:00,3411.83,credit,ach,,posted
T00008681,A000415,2025-11-18 11:52:00,18.51,debit,atm,entertainment,posted
T00008682,A000415,2025-10-12 16:25:00,15.6,debit,atm,online_retail,posted
T00008683,A000415,2025-12-03 11:06:00,2841.76,credit,ach,,posted
T00008684,A000415,2025-10-11 12:27:00,92.05,debit,atm,grocery,posted
T00008685,A000415,2025-10-01 23:31:00,9.42,debit,card,healthcare,posted
T00008686,A000415,2025-09-19 03:05:00,9.66,debit,atm,dining,posted
T00008687,A000415,2025-11-13 08:34:00,27.36,debit,card,travel,posted
T00008688,A000415,2025-11-14 03:56:00,567.53,credit,ach,,posted
T00008689,A000416,2025-10-29 12:37:00,19.66,debit,card,online_retail,posted
T00008690,A000416,2025-09-11 03:19:00,44.63,debit,atm,travel,posted
T00008691,A000416,2025-10-13 06:43:00,37.28,debit,card,healthcare,posted
T00008692,A000416,2025-12-31 03:30:00,2958.22,credit,ach,,posted
T00008693,A000416,2025-11-26 19:31:00,2174.35,credit,ach,,posted
T00008694,A000416,2025-12-27 03:27:00,10.16,debit,card,online_retail,posted
T00008695,A000416,2025-10-03 08:23:00,47.68,debit,p2p,grocery,posted
T00008696,A000416,2025-11-23 06:31:00,2514.17,credit,ach,,declined
T00008697,A000416,2025-11-01 03:25:00,87.97,debit,card,entertainment,posted
T00008698,A000416,2025-09-10 03:19:00,4.61,debit,card,entertainment,posted
T00008699,A000416,2025-12-04 07:25:00,58.61,debit,atm,entertainment,posted
T00008700,A000416,2025-12-11 20:50:00,3920.31,credit,ach,,posted
T00008701,A000416,2025-09-30 06:43:00,72.63,debit,card,online_retail,posted
T00008702,A000416,2025-11-08 17:43:00,1617.21,credit,ach,,posted
T00008703,A000416,2025-12-01 00:31:00,16.58,debit,card,online_retail,posted
T00008704,A000416,2025-11-13 06:36:00,37.39,debit,p2p,dining,declined
T00008705,A000416,2025-12-08 21:25:00,206.2,debit,card,utilities,posted
T00008706,A000416,2025-10-23 00:54:00,16.69,debit,card,utilities,posted
T00008707,A000416,2025-11-29 23:36:00,423.45,debit,ach,utilities,posted
T00008708,A000416,2025-12-04 10:32:00,18.12,debit,card,utilities,posted
T00008709,A000416,2025-12-03 17:09:00,135.19,debit,card,grocery,posted
T00008710,A000416,2025-11-02 16:51:00,42.76,debit,card,dining,posted
T00008711,A000416,2025-10-18 00:18:00,6.54,debit,p2p,entertainment,declined
T00008712,A000416,2025-09-24 08:01:00,14.67,debit,card,grocery,posted
T00008713,A000416,2025-11-20 05:30:00,2321.8,credit,ach,,posted
T00008714,A000416,2025-12-31 19:53:00,1609.15,credit,ach,,posted
T00008715,A000416,2025-09-26 22:25:00,9.2,debit,card,entertainment,posted
T00008716,A000416,2025-09-17 11:28:00,7.98,debit,card,entertainment,posted
T00008717,A000416,2025-10-26 20:38:00,1874.22,credit,ach,,posted
T00008718,A000416,2025-11-14 08:15:00,27.46,debit,p2p,travel,declined
T00008719,A000416,2025-10-30 18:04:00,27.33,debit,card,grocery,posted
T00008720,A000416,2025-10-02 00:40:00,23.16,debit,p2p,healthcare,posted
T00008721,A000416,2025-12-04 15:54:00,14.26,debit,p2p,travel,posted
T00008722,A000416,2025-12-04 06:48:00,2411.57,credit,ach,,posted
T00008723,A000416,2025-10-09 21:39:00,3123.54,credit,ach,,posted
T00008724,A000416,2025-09-19 10:45:00,25.59,debit,p2p,entertainment,posted
T00008725,A000417,2025-07-09 02:04:00,82.56,debit,card,utilities,posted
T00008726,A000417,2025-06-08 13:06:00,1374.49,credit,ach,,declined
T00008727,A000417,2025-09-30 17:43:00,97.3,debit,atm,grocery,posted
T00008728,A000417,2025-09-27 23:56:00,76.95,debit,p2p,healthcare,posted
T00008729,A000417,2025-10-22 13:41:00,2964.15,credit,ach,,posted
T00008730,A000417,2025-12-10 13:57:00,40.69,debit,card,fuel,posted
T00008731,A000417,2025-09-01 23:52:00,49.59,debit,p2p,healthcare,posted
T00008732,A000417,2025-06-25 18:01:00,200.08,debit,atm,dining,posted
T00008733,A000417,2025-08-07 21:51:00,6.25,debit,card,grocery,posted
T00008734,A000417,2025-07-20 15:42:00,41.1,debit,atm,grocery,posted
T00008735,A000417,2025-07-21 16:33:00,846.41,credit,ach,,posted
T00008736,A000417,2025-07-04 20:52:00,1967.28,credit,ach,,posted
T00008737,A000417,2025-09-09 21:55:00,118.12,debit,card,utilities,posted
T00008738,A000417,2025-07-07 23:17:00,15.68,debit,card,grocery,posted
T00008739,A000417,2025-12-04 11:34:00,58.8,debit,card,dining,posted
T00008740,A000417,2025-07-22 21:34:00,43.42,debit,card,grocery,reversed
T00008741,A000417,2025-09-25 13:30:00,3987.15,credit,ach,,posted
T00008742,A000417,2025-09-24 19:17:00,1803.25,credit,ach,,posted
T00008743,A000417,2025-10-08 16:49:00,169.59,debit,card,healthcare,posted
T00008744,A000417,2025-08-21 11:56:00,744.82,credit,ach,,posted
T00008745,A000417,2025-08-31 05:15:00,6.82,debit,ach,healthcare,posted
T00008746,A000417,2025-10-17 16:42:00,17.63,debit,card,grocery,posted
T00008747,A000417,2025-08-10 00:17:00,60.04,debit,ach,online_retail,posted
T00008748,A000417,2025-12-01 12:02:00,2090.9,credit,ach,,posted
T00008749,A000417,2025-12-21 22:32:00,77.82,debit,card,healthcare,posted
T00008750,A000417,2025-12-24 04:52:00,70.01,debit,ach,travel,posted
T00008751,A000417,2025-07-15 06:55:00,2535.96,credit,ach,,posted
T00008752,A000417,2025-06-24 07:26:00,630.27,credit,ach,,posted
T00008753,A000417,2025-07-07 14:45:00,101.04,debit,card,healthcare,posted
T00008754,A000417,2025-09-17 15:55:00,8.61,debit,atm,dining,posted
T00008755,A000417,2025-08-17 20:37:00,97.73,debit,card,grocery,posted
T00008756,A000417,2025-12-31 10:24:00,50.03,debit,ach,utilities,posted
T00008757,A000417,2025-10-21 20:28:00,147.32,debit,card,fuel,posted
T00008758,A000417,2025-06-10 14:59:00,98.31,debit,card,healthcare,posted
T00008759,A000417,2025-11-18 03:16:00,3.65,debit,p2p,travel,posted
T00008760,A000418,2025-11-25 10:57:00,77.68,debit,atm,grocery,posted
T00008761,A000418,2025-10-16 11:06:00,37.17,debit,card,healthcare,posted
T00008762,A000418,2025-11-07 07:15:00,19.15,debit,ach,grocery,posted
T00008763,A000418,2025-12-09 04:09:00,173.29,debit,card,entertainment,posted
T00008764,A000418,2025-12-12 23:39:00,19.8,debit,card,travel,posted
T00008765,A000418,2025-10-03 00:09:00,5.17,debit,card,dining,posted
T00008766,A000418,2025-09-28 01:24:00,28.04,debit,card,fuel,posted
T00008767,A000418,2025-12-24 13:38:00,3523.7,credit,ach,,posted
T00008768,A000418,2025-09-28 23:11:00,48.17,debit,card,utilities,posted
T00008769,A000418,2025-10-02 21:35:00,3430.09,credit,ach,,posted
T00008770,A000419,2025-12-31 04:29:00,139.75,debit,card,online_retail,posted
T00008771,A000419,2025-12-06 06:44:00,20.78,debit,card,grocery,posted
T00008772,A000419,2025-09-10 12:34:00,315.25,debit,p2p,online_retail,posted
T00008773,A000419,2025-09-13 04:41:00,3263.65,credit,ach,,posted
T00008774,A000419,2025-12-31 07:07:00,1422.83,credit,ach,,posted
T00008775,A000419,2025-12-08 05:28:00,1.46,debit,card,online_retail,posted
T00008776,A000419,2025-09-30 21:35:00,20.11,debit,card,travel,posted
T00008777,A000419,2025-08-12 13:11:00,218.11,debit,p2p,dining,posted
T00008778,A000419,2025-11-20 06:43:00,44.53,debit,card,utilities,posted
T00008779,A000419,2025-08-31 08:09:00,49.03,debit,atm,grocery,posted
T00008780,A000419,2025-10-29 23:07:00,2713.18,credit,ach,,posted
T00008781,A000419,2025-11-23 22:24:00,3268.7,credit,ach,,posted
T00008782,A000419,2025-10-19 09:45:00,3340.64,credit,ach,,posted
T00008783,A000419,2025-08-29 00:45:00,2981.23,credit,ach,,posted
T00008784,A000419,2025-11-18 17:35:00,38.96,debit,ach,grocery,posted
T00008785,A000419,2025-11-27 00:45:00,1167.07,credit,ach,,posted
T00008786,A000419,2025-09-22 16:54:00,3673.55,credit,ach,,posted
T00008787,A000419,2025-08-03 06:37:00,812.44,credit,ach,,posted
T00008788,A000419,2025-08-06 01:36:00,86.55,debit,ach,dining,posted
T00008789,A000419,2025-10-07 03:29:00,92.11,debit,card,grocery,posted
T00008790,A000419,2025-11-02 05:47:00,12.69,debit,atm,online_retail,posted
T00008791,A000419,2025-09-19 16:30:00,2173.85,credit,ach,,posted
T00008792,A000419,2025-10-14 21:19:00,3805.96,credit,ach,,posted
T00008793,A000419,2025-08-07 11:35:00,20.09,debit,card,entertainment,posted
T00008794,A000419,2025-09-28 19:25:00,1429.56,credit,ach,,posted
T00008795,A000419,2025-10-07 12:25:00,2198.7,credit,ach,,posted
T00008796,A000419,2025-12-02 08:09:00,582.92,credit,ach,,posted
T00008797,A000419,2025-07-28 03:47:00,56.63,debit,card,dining,posted
T00008798,A000419,2025-08-09 19:28:00,70.32,debit,card,utilities,posted
T00008799,A000419,2025-07-27 05:17:00,3856.47,credit,ach,,posted
T00008800,A000419,2025-09-18 11:02:00,77.58,debit,card,travel,posted
T00008801,A000419,2025-10-22 15:18:00,923.4,credit,ach,,posted
T00008802,A000420,2025-11-29 07:59:00,43.32,debit,card,utilities,posted
T00008803,A000420,2025-12-30 07:36:00,40.1,debit,ach,dining,posted
T00008804,A000420,2025-11-05 10:52:00,39.38,debit,p2p,utilities,posted
T00008805,A000420,2025-06-15 16:48:00,945.95,credit,ach,,posted
T00008806,A000420,2025-08-28 03:51:00,67.4,debit,card,utilities,posted
T00008807,A000420,2025-10-15 02:29:00,47.72,debit,p2p,online_retail,posted
T00008808,A000420,2025-06-28 18:23:00,11.24,debit,card,fuel,posted
T00008809,A000420,2025-07-06 14:01:00,3170.64,credit,ach,,posted
T00008810,A000420,2025-12-05 23:55:00,15.63,debit,card,grocery,posted
T00008811,A000420,2025-12-06 09:19:00,28.65,debit,ach,entertainment,posted
T00008812,A000420,2025-12-21 18:33:00,48.19,debit,ach,entertainment,posted
T00008813,A000420,2025-07-15 07:12:00,837.04,debit,atm,online_retail,posted
T00008814,A000421,2025-11-28 17:32:00,2496.82,credit,ach,,posted
T00008815,A000421,2025-11-08 11:10:00,12.34,debit,p2p,online_retail,posted
T00008816,A000421,2025-10-27 23:12:00,1746.26,credit,ach,,posted
T00008817,A000421,2025-11-26 23:32:00,31.74,debit,ach,utilities,posted
T00008818,A000421,2025-10-27 19:52:00,3725.28,credit,ach,,posted
T00008819,A000421,2025-10-29 18:28:00,24.87,debit,atm,online_retail,posted
T00008820,A000421,2025-11-29 16:42:00,11.95,debit,p2p,utilities,declined
T00008821,A000421,2025-11-01 03:27:00,901.05,credit,ach,,posted
T00008822,A000421,2025-11-26 21:21:00,16.58,debit,p2p,healthcare,posted
T00008823,A000421,2025-11-30 01:59:00,23.85,debit,atm,grocery,posted
T00008824,A000421,2025-11-12 00:25:00,20.0,debit,card,online_retail,posted
T00008825,A000421,2025-12-17 01:15:00,22.68,debit,atm,entertainment,posted
T00008826,A000421,2025-10-26 06:26:00,48.38,debit,p2p,dining,posted
T00008827,A000421,2025-11-22 22:57:00,0.96,debit,card,healthcare,posted
T00008828,A000422,2025-08-16 20:45:00,73.5,debit,card,fuel,posted
T00008829,A000422,2025-08-14 21:03:00,14.21,debit,atm,healthcare,posted
T00008830,A000422,2025-12-10 07:48:00,1074.49,credit,ach,,posted
T00008831,A000422,2025-06-01 07:00:00,2860.05,credit,ach,,posted
T00008832,A000422,2025-07-08 01:33:00,82.52,debit,p2p,travel,posted
T00008833,A000422,2025-08-08 18:25:00,2280.76,credit,ach,,posted
T00008834,A000422,2025-10-11 08:58:00,10.68,debit,card,dining,posted
T00008835,A000422,2025-12-14 02:30:00,6.93,debit,atm,dining,posted
T00008836,A000422,2025-10-22 09:08:00,53.53,debit,p2p,grocery,posted
T00008837,A000422,2025-06-24 10:19:00,2629.6,credit,ach,,posted
T00008838,A000422,2025-10-02 07:49:00,37.01,debit,card,grocery,posted
T00008839,A000422,2025-09-29 00:57:00,16.0,debit,card,fuel,posted
T00008840,A000422,2025-07-15 12:00:00,18.02,debit,card,fuel,posted
T00008841,A000422,2025-09-18 03:10:00,1153.46,credit,ach,,posted
T00008842,A000422,2025-10-26 23:20:00,16.8,debit,ach,healthcare,posted
T00008843,A000422,2025-08-05 17:03:00,1872.78,credit,ach,,posted
T00008844,A000422,2025-12-17 12:43:00,42.05,debit,p2p,entertainment,posted
T00008845,A000422,2025-08-18 13:51:00,15.54,debit,card,utilities,posted
T00008846,A000422,2025-06-28 07:12:00,74.63,debit,card,utilities,posted
T00008847,A000422,2025-08-12 05:31:00,3315.97,credit,ach,,posted
T00008848,A000422,2025-11-30 06:38:00,22.01,debit,p2p,dining,posted
T00008849,A000422,2025-06-25 20:46:00,1024.01,credit,ach,,posted
T00008850,A000422,2025-08-15 13:41:00,2590.63,credit,ach,,posted
T00008851,A000422,2025-07-26 04:40:00,35.37,debit,card,travel,posted
T00008852,A000422,2025-07-01 15:25:00,43.35,debit,card,grocery,posted
T00008853,A000422,2025-08-06 21:33:00,552.43,credit,ach,,posted
T00008854,A000423,2025-06-10 19:17:00,3702.62,credit,ach,,posted
T00008855,A000423,2025-09-13 16:53:00,8.02,debit,ach,healthcare,posted
T00008856,A000423,2025-01-26 14:32:00,298.47,debit,card,dining,posted
T00008857,A000423,2025-01-27 12:56:00,109.32,debit,ach,fuel,posted
T00008858,A000423,2025-04-17 09:09:00,1106.83,credit,ach,,posted
T00008859,A000423,2025-02-23 01:27:00,32.82,debit,card,utilities,posted
T00008860,A000423,2025-10-12 17:49:00,1187.15,credit,ach,,posted
T00008861,A000423,2024-12-11 09:52:00,32.2,debit,card,dining,posted
T00008862,A000423,2025-05-04 08:47:00,54.5,debit,card,grocery,posted
T00008863,A000423,2025-07-05 12:37:00,2477.49,credit,ach,,posted
T00008864,A000423,2025-08-27 22:55:00,29.44,debit,card,entertainment,posted
T00008865,A000423,2025-01-11 15:55:00,51.77,debit,p2p,online_retail,posted
T00008866,A000423,2025-05-12 07:02:00,299.96,debit,card,entertainment,posted
T00008867,A000423,2024-12-11 12:15:00,31.98,debit,card,entertainment,posted
T00008868,A000423,2024-12-14 14:56:00,2489.94,credit,ach,,posted
T00008869,A000423,2025-04-29 03:49:00,2528.85,credit,ach,,posted
T00008870,A000423,2025-09-06 06:42:00,813.29,credit,ach,,posted
T00008871,A000423,2025-08-02 07:42:00,70.02,debit,card,healthcare,posted
T00008872,A000423,2025-06-02 12:46:00,20.21,debit,p2p,grocery,posted
T00008873,A000423,2025-01-12 16:44:00,2169.06,credit,ach,,posted
T00008874,A000423,2025-12-11 03:33:00,68.45,debit,card,dining,posted
T00008875,A000423,2025-11-02 06:17:00,34.65,debit,atm,dining,posted
T00008876,A000423,2025-11-23 15:20:00,112.83,debit,atm,healthcare,posted
T00008877,A000423,2025-04-12 15:31:00,139.74,debit,p2p,online_retail,posted
T00008878,A000424,2025-08-24 02:37:00,81.47,debit,card,dining,posted
T00008879,A000424,2025-09-07 01:47:00,86.91,debit,p2p,healthcare,posted
T00008880,A000424,2025-05-13 21:30:00,27.84,debit,p2p,fuel,posted
T00008881,A000424,2025-05-17 16:05:00,1365.73,credit,ach,,posted
T00008882,A000424,2025-03-07 18:42:00,77.68,debit,card,grocery,posted
T00008883,A000424,2025-05-29 10:14:00,969.35,credit,ach,,posted
T00008884,A000424,2025-05-04 02:44:00,63.63,debit,p2p,utilities,posted
T00008885,A000424,2025-07-23 21:56:00,50.06,debit,p2p,dining,posted
T00008886,A000424,2025-09-07 17:40:00,1153.07,credit,ach,,posted
T00008887,A000424,2025-01-10 00:14:00,38.05,debit,card,entertainment,posted
T00008888,A000424,2025-03-03 10:23:00,2826.42,credit,ach,,posted
T00008889,A000424,2025-09-28 06:26:00,6.33,debit,p2p,dining,posted
T00008890,A000424,2025-08-25 04:45:00,140.98,debit,card,fuel,posted
T00008891,A000424,2025-01-26 09:16:00,1879.32,credit,ach,,posted
T00008892,A000424,2025-11-29 01:51:00,25.98,debit,p2p,utilities,posted
T00008893,A000424,2025-11-11 08:54:00,8.62,debit,p2p,fuel,posted
T00008894,A000424,2025-04-03 18:14:00,89.56,debit,ach,utilities,posted
T00008895,A000424,2025-12-02 13:23:00,3.59,debit,p2p,online_retail,posted
T00008896,A000424,2025-09-09 00:14:00,76.46,debit,atm,online_retail,posted
T00008897,A000424,2025-03-02 15:24:00,2596.78,credit,ach,,posted
T00008898,A000424,2025-09-09 12:30:00,15.5,debit,p2p,dining,posted
T00008899,A000424,2025-07-03 05:02:00,35.91,debit,card,utilities,posted
T00008900,A000424,2025-08-28 08:06:00,6.18,debit,card,travel,posted
T00008901,A000424,2025-06-02 22:07:00,6.8,debit,card,dining,posted
T00008902,A000424,2025-10-22 08:09:00,82.7,debit,card,dining,posted
T00008903,A000424,2025-11-05 14:10:00,1847.06,credit,ach,,posted
T00008904,A000424,2025-08-22 02:38:00,1967.99,credit,ach,,posted
T00008905,A000424,2025-08-26 11:02:00,40.36,debit,card,travel,posted
T00008906,A000424,2025-09-24 16:45:00,30.26,debit,card,fuel,reversed
T00008907,A000424,2025-09-05 16:43:00,110.09,debit,atm,entertainment,posted
T00008908,A000424,2025-06-23 05:35:00,9.75,debit,p2p,fuel,posted
T00008909,A000424,2025-02-20 22:01:00,1235.55,credit,ach,,posted
T00008910,A000424,2025-08-30 14:53:00,1273.71,credit,ach,,posted
T00008911,A000424,2025-07-01 22:23:00,1220.68,credit,ach,,posted
T00008912,A000424,2025-09-16 07:11:00,143.3,debit,atm,dining,posted
T00008913,A000424,2025-08-26 10:16:00,36.05,debit,card,grocery,posted
T00008914,A000424,2025-02-16 13:27:00,39.42,debit,atm,dining,posted
T00008915,A000424,2025-03-21 16:07:00,31.85,debit,p2p,utilities,declined
T00008916,A000424,2025-02-24 02:21:00,46.34,debit,p2p,grocery,posted
T00008917,A000425,2025-11-25 10:20:00,2670.93,credit,ach,,posted
T00008918,A000425,2025-12-24 14:05:00,42.41,debit,card,grocery,posted
T00008919,A000425,2025-12-24 13:11:00,42.78,debit,p2p,fuel,posted
T00008920,A000425,2025-12-23 21:19:00,30.5,debit,atm,healthcare,posted
T00008921,A000425,2025-12-19 17:10:00,27.25,debit,card,utilities,posted
T00008922,A000425,2025-12-16 17:34:00,135.44,debit,ach,grocery,posted
T00008923,A000425,2025-12-26 10:20:00,2444.21,credit,ach,,declined
T00008924,A000425,2025-12-21 02:00:00,38.9,debit,p2p,entertainment,posted
T00008925,A000425,2025-11-27 14:15:00,4.58,debit,card,dining,posted
T00008926,A000425,2025-12-11 11:53:00,27.68,debit,card,grocery,posted
T00008927,A000425,2025-11-23 15:14:00,2403.76,credit,ach,,posted
T00008928,A000425,2025-12-11 16:07:00,3170.24,credit,ach,,posted
T00008929,A000425,2025-12-22 05:52:00,19.73,debit,ach,fuel,posted
T00008930,A000425,2025-12-31 10:34:00,14.97,debit,ach,travel,posted
T00008931,A000425,2025-12-28 11:51:00,15.59,debit,p2p,fuel,posted
T00008932,A000425,2025-11-23 16:21:00,92.63,debit,card,dining,posted
T00008933,A000425,2025-11-29 07:47:00,323.43,debit,card,online_retail,posted
T00008934,A000425,2025-12-04 10:25:00,24.55,debit,atm,grocery,posted
T00008935,A000425,2025-11-25 12:44:00,6.71,debit,ach,fuel,posted
T00008936,A000425,2025-12-25 20:38:00,10.01,debit,card,travel,posted
T00008937,A000425,2025-12-04 17:11:00,86.06,debit,atm,healthcare,posted
T00008938,A000425,2025-12-28 01:03:00,34.52,debit,atm,dining,posted
T00008939,A000425,2025-12-20 01:55:00,689.8,credit,ach,,posted
T00008940,A000425,2025-11-27 05:09:00,65.48,debit,card,entertainment,posted
T00008941,A000425,2025-12-08 16:29:00,41.63,debit,p2p,travel,posted
T00008942,A000425,2025-12-19 18:58:00,50.28,debit,card,dining,posted
T00008943,A000425,2025-12-22 22:42:00,8.82,debit,card,fuel,posted
T00008944,A000425,2025-11-29 09:50:00,3125.89,credit,ach,,posted
T00008945,A000425,2025-12-31 11:08:00,11.87,debit,card,online_retail,posted
T00008946,A000425,2025-12-30 18:10:00,4.29,debit,card,entertainment,posted
T00008947,A000425,2025-12-19 21:44:00,39.21,debit,card,grocery,posted
T00008948,A000425,2025-11-28 07:52:00,5.9,debit,atm,online_retail,posted
T00008949,A000425,2025-12-13 08:44:00,14.4,debit,p2p,entertainment,posted
T00008950,A000425,2025-12-13 11:00:00,25.23,debit,card,dining,posted
T00008951,A000426,2025-10-12 02:20:00,117.99,debit,card,fuel,posted
T00008952,A000426,2025-10-23 21:12:00,21.51,debit,card,online_retail,posted
T00008953,A000426,2025-07-15 17:14:00,196.34,debit,p2p,online_retail,posted
T00008954,A000426,2025-08-19 06:19:00,3.46,debit,card,grocery,posted
T00008955,A000426,2025-07-03 21:50:00,3040.14,credit,ach,,posted
T00008956,A000426,2025-06-10 19:58:00,28.22,debit,card,healthcare,posted
T00008957,A000426,2025-09-24 16:08:00,24.45,debit,card,healthcare,posted
T00008958,A000426,2025-09-23 20:19:00,16.91,debit,card,fuel,posted
T00008959,A000426,2025-10-31 00:06:00,4.38,debit,card,travel,posted
T00008960,A000426,2025-12-29 07:15:00,39.84,debit,p2p,healthcare,posted
T00008961,A000426,2025-09-13 12:30:00,3974.26,credit,ach,,posted
T00008962,A000426,2025-06-01 11:43:00,2502.75,credit,ach,,posted
T00008963,A000426,2025-05-23 05:10:00,52.0,debit,card,healthcare,posted
T00008964,A000426,2025-07-08 07:26:00,104.4,debit,card,utilities,posted
T00008965,A000426,2025-12-15 21:51:00,44.1,debit,atm,dining,posted
T00008966,A000426,2025-05-04 13:28:00,2636.52,credit,ach,,posted
T00008967,A000426,2025-08-01 06:40:00,15.08,debit,atm,dining,posted
T00008968,A000426,2025-05-25 20:35:00,72.58,debit,ach,utilities,posted
T00008969,A000426,2025-12-17 12:14:00,37.34,debit,p2p,utilities,posted
T00008970,A000426,2025-05-17 09:46:00,159.79,debit,ach,grocery,posted
T00008971,A000426,2025-12-21 21:21:00,33.67,debit,card,dining,posted
T00008972,A000426,2025-05-27 16:38:00,115.65,debit,card,grocery,posted
T00008973,A000426,2025-08-14 21:43:00,14.28,debit,atm,grocery,posted
T00008974,A000426,2025-05-04 10:58:00,1958.05,credit,ach,,posted
T00008975,A000426,2025-10-30 22:18:00,235.63,debit,card,entertainment,posted
T00008976,A000426,2025-11-10 17:45:00,8.26,debit,card,travel,posted
T00008977,A000426,2025-06-30 15:22:00,96.54,debit,card,travel,posted
T00008978,A000426,2025-10-24 03:53:00,2107.86,credit,ach,,posted
T00008979,A000426,2025-10-28 09:18:00,12.18,debit,card,fuel,posted
T00008980,A000426,2025-05-07 13:07:00,64.94,debit,p2p,online_retail,posted
T00008981,A000426,2025-05-20 01:26:00,30.3,debit,p2p,healthcare,posted
T00008982,A000426,2025-05-02 05:20:00,130.5,debit,ach,dining,posted
T00008983,A000426,2025-07-02 05:25:00,56.16,debit,card,grocery,posted
T00008984,A000426,2025-11-05 04:32:00,172.07,debit,card,dining,reversed
T00008985,A000426,2025-07-31 11:08:00,26.19,debit,ach,entertainment,posted
T00008986,A000426,2025-12-28 00:20:00,112.28,debit,atm,healthcare,posted
T00008987,A000427,2025-07-11 11:13:00,8.57,debit,card,healthcare,declined
T00008988,A000427,2025-11-20 19:26:00,42.9,debit,ach,healthcare,posted
T00008989,A000427,2025-11-23 18:52:00,3952.36,credit,ach,,posted
T00008990,A000427,2025-10-25 03:25:00,11.33,debit,atm,healthcare,posted
T00008991,A000427,2025-06-29 09:58:00,114.52,debit,card,travel,posted
T00008992,A000427,2025-06-19 07:04:00,10.6,debit,atm,entertainment,posted
T00008993,A000427,2025-11-03 07:00:00,57.5,debit,p2p,grocery,posted
T00008994,A000427,2025-12-28 08:22:00,96.6,debit,card,travel,posted
T00008995,A000427,2025-06-25 03:12:00,61.21,debit,card,utilities,posted
T00008996,A000427,2025-09-22 14:05:00,1194.22,credit,ach,,posted
T00008997,A000428,2025-12-16 05:40:00,205.44,debit,atm,online_retail,declined
T00008998,A000428,2025-12-13 07:52:00,14.27,debit,card,healthcare,posted
T00008999,A000428,2025-11-27 22:27:00,32.13,debit,card,utilities,posted
T00009000,A000428,2025-11-05 20:52:00,12.02,debit,card,entertainment,posted
T00009001,A000428,2025-09-27 15:38:00,10.53,debit,p2p,travel,posted
T00009002,A000428,2025-12-09 20:15:00,6.62,debit,atm,grocery,posted
T00009003,A000428,2025-06-30 22:05:00,55.91,debit,ach,travel,posted
T00009004,A000428,2025-08-09 05:34:00,60.96,debit,p2p,travel,posted
T00009005,A000428,2025-09-21 03:04:00,100.8,debit,ach,online_retail,posted
T00009006,A000428,2025-05-30 06:32:00,3177.16,credit,ach,,posted
T00009007,A000428,2025-06-29 19:49:00,3171.47,credit,ach,,posted
T00009008,A000428,2025-08-07 08:46:00,108.7,debit,card,online_retail,posted
T00009009,A000428,2025-04-29 23:58:00,65.86,debit,card,healthcare,posted
T00009010,A000428,2025-12-06 21:38:00,1174.67,credit,ach,,posted
T00009011,A000428,2025-10-20 02:22:00,96.33,debit,p2p,utilities,posted
T00009012,A000428,2025-12-06 02:33:00,6.7,debit,atm,entertainment,posted
T00009013,A000428,2025-12-22 12:26:00,1768.78,credit,ach,,posted
T00009014,A000428,2025-04-16 21:40:00,119.7,debit,card,dining,declined
T00009015,A000428,2025-11-09 10:04:00,529.27,credit,ach,,posted
T00009016,A000428,2025-10-13 14:25:00,17.34,debit,ach,fuel,posted
T00009017,A000428,2025-09-28 18:35:00,25.09,debit,card,fuel,posted
T00009018,A000429,2025-11-23 06:49:00,20.59,debit,card,grocery,posted
T00009019,A000429,2025-12-31 18:16:00,3593.19,credit,ach,,posted
T00009020,A000429,2025-11-17 12:12:00,7.2,debit,card,online_retail,posted
T00009021,A000429,2025-11-05 22:16:00,23.61,debit,card,fuel,posted
T00009022,A000429,2025-11-05 09:28:00,64.18,debit,p2p,dining,posted
T00009023,A000429,2025-11-17 11:36:00,54.37,debit,card,healthcare,posted
T00009024,A000429,2025-12-17 03:30:00,1554.44,credit,ach,,posted
T00009025,A000429,2025-11-12 14:07:00,46.56,debit,card,dining,posted
T00009026,A000429,2025-12-07 22:31:00,16.88,debit,card,grocery,posted
T00009027,A000429,2025-11-25 21:39:00,309.29,debit,card,travel,posted
T00009028,A000429,2025-11-11 22:08:00,3679.7,credit,ach,,posted
T00009029,A000429,2025-12-31 14:39:00,54.69,debit,atm,grocery,posted
T00009030,A000429,2025-12-25 05:34:00,1705.3,credit,ach,,posted
T00009031,A000429,2025-12-27 10:44:00,1136.25,credit,ach,,posted
T00009032,A000429,2025-12-07 17:45:00,7.63,debit,card,dining,posted
T00009033,A000429,2025-12-09 13:35:00,1558.12,credit,ach,,posted
T00009034,A000429,2025-12-16 10:41:00,6.47,debit,ach,grocery,posted
T00009035,A000429,2025-11-28 09:57:00,979.62,credit,ach,,posted
T00009036,A000429,2025-11-06 16:35:00,7.56,debit,card,entertainment,posted
T00009037,A000429,2025-11-03 13:44:00,2831.58,credit,ach,,posted
T00009038,A000429,2025-12-11 17:57:00,3187.85,credit,ach,,posted
T00009039,A000429,2025-11-25 07:32:00,10.13,debit,p2p,utilities,posted
T00009040,A000429,2025-11-06 18:16:00,1454.02,credit,ach,,posted
T00009041,A000429,2025-11-30 22:48:00,3209.46,credit,ach,,posted
T00009042,A000429,2025-12-25 05:19:00,99.54,debit,p2p,entertainment,posted
T00009043,A000429,2025-11-15 02:51:00,2841.67,credit,ach,,posted
T00009044,A000429,2025-11-13 22:05:00,2283.89,credit,ach,,posted
T00009045,A000429,2025-12-28 20:48:00,47.55,debit,p2p,grocery,posted
T00009046,A000429,2025-11-16 16:58:00,150.11,debit,card,grocery,posted
T00009047,A000429,2025-11-11 02:42:00,14.24,debit,ach,travel,posted
T00009048,A000429,2025-12-01 12:04:00,3970.23,credit,ach,,posted
T00009049,A000429,2025-12-02 21:46:00,67.75,debit,ach,online_retail,declined
T00009050,A000429,2025-12-20 19:31:00,1517.76,credit,ach,,posted
T00009051,A000429,2025-12-15 15:48:00,42.61,debit,atm,online_retail,posted
T00009052,A000429,2025-12-28 21:49:00,2993.55,credit,ach,,posted
T00009053,A000429,2025-11-24 02:29:00,45.99,debit,atm,online_retail,posted
T00009054,A000429,2025-11-26 20:53:00,22.38,debit,card,healthcare,posted
T00009055,A000429,2025-12-31 07:18:00,3.68,debit,card,travel,posted
T00009056,A000430,2025-10-24 06:00:00,2231.15,credit,ach,,posted
T00009057,A000430,2025-10-18 09:19:00,20.16,debit,card,utilities,posted
T00009058,A000430,2025-11-07 05:31:00,190.66,debit,card,dining,posted
T00009059,A000430,2025-12-15 05:17:00,12.49,debit,card,grocery,posted
T00009060,A000430,2025-12-22 22:16:00,151.61,debit,ach,fuel,posted
T00009061,A000430,2025-11-03 10:43:00,80.11,debit,card,fuel,posted
T00009062,A000430,2025-12-17 11:36:00,20.02,debit,ach,utilities,declined
T00009063,A000430,2025-11-14 00:00:00,299.55,debit,ach,dining,posted
T00009064,A000430,2025-11-02 07:21:00,50.34,debit,card,dining,posted
T00009065,A000430,2025-11-17 23:54:00,6.59,debit,ach,utilities,posted
T00009066,A000430,2025-12-05 22:24:00,125.68,debit,ach,grocery,posted
T00009067,A000430,2025-10-18 15:27:00,8.01,debit,card,travel,posted
T00009068,A000430,2025-12-28 13:07:00,15.74,debit,card,entertainment,posted
T00009069,A000430,2025-11-23 19:19:00,2448.66,credit,ach,,posted
T00009070,A000430,2025-11-05 13:20:00,40.65,debit,ach,grocery,posted
T00009071,A000431,2025-07-03 19:18:00,2292.86,credit,ach,,posted
T00009072,A000431,2025-09-24 03:21:00,17.03,debit,p2p,online_retail,posted
T00009073,A000431,2025-09-11 23:23:00,40.04,debit,ach,dining,posted
T00009074,A000431,2025-10-21 10:22:00,3647.2,credit,ach,,posted
T00009075,A000431,2025-05-23 09:38:00,2334.76,credit,ach,,posted
T00009076,A000431,2025-09-16 03:51:00,7.03,debit,card,grocery,posted
T00009077,A000431,2025-09-01 21:27:00,265.15,debit,card,healthcare,posted
T00009078,A000431,2025-10-28 16:09:00,2506.06,credit,ach,,posted
T00009079,A000431,2025-09-26 07:19:00,3449.43,credit,ach,,posted
T00009080,A000431,2025-09-26 14:32:00,22.93,debit,card,online_retail,posted
T00009081,A000431,2025-07-14 12:11:00,13.44,debit,atm,entertainment,posted
T00009082,A000431,2025-09-25 10:51:00,26.33,debit,ach,travel,posted
T00009083,A000431,2025-08-29 11:39:00,79.39,debit,atm,fuel,declined
T00009084,A000431,2025-12-21 16:19:00,34.88,debit,card,entertainment,posted
T00009085,A000431,2025-05-02 11:01:00,81.16,debit,card,entertainment,posted
T00009086,A000431,2025-06-14 23:39:00,176.25,debit,card,dining,posted
T00009087,A000431,2025-05-05 11:17:00,89.91,debit,card,fuel,posted
T00009088,A000431,2025-05-15 22:53:00,123.32,debit,card,online_retail,posted
T00009089,A000431,2025-06-14 01:28:00,42.04,debit,card,online_retail,posted
T00009090,A000431,2025-05-29 12:01:00,1474.74,credit,ach,,posted
T00009091,A000431,2025-05-25 02:30:00,78.67,debit,p2p,healthcare,posted
T00009092,A000431,2025-08-18 08:15:00,69.67,debit,atm,utilities,posted
T00009093,A000431,2025-05-03 14:01:00,3804.57,credit,ach,,posted
T00009094,A000431,2025-11-15 05:14:00,11.1,debit,card,online_retail,posted
T00009095,A000431,2025-10-23 03:03:00,53.76,debit,card,grocery,posted
T00009096,A000431,2025-05-24 20:06:00,20.34,debit,card,healthcare,posted
T00009097,A000431,2025-07-08 19:41:00,15.74,debit,card,fuel,declined
T00009098,A000432,2025-10-25 03:39:00,23.14,debit,card,entertainment,posted
T00009099,A000432,2025-10-27 15:02:00,1818.66,credit,ach,,posted
T00009100,A000432,2025-11-26 18:08:00,114.33,debit,card,utilities,posted
T00009101,A000432,2025-12-06 03:34:00,56.83,debit,p2p,online_retail,posted
T00009102,A000432,2025-11-12 01:55:00,3078.98,credit,ach,,posted
T00009103,A000432,2025-10-24 21:46:00,250.84,debit,card,utilities,posted
T00009104,A000433,2025-12-02 09:36:00,33.91,debit,ach,fuel,posted
T00009105,A000433,2025-12-27 20:04:00,2782.02,credit,ach,,posted
T00009106,A000433,2025-10-24 13:44:00,24.21,debit,atm,travel,posted
T00009107,A000433,2025-12-08 07:42:00,6.86,debit,p2p,entertainment,posted
T00009108,A000433,2025-12-11 12:34:00,12.74,debit,atm,utilities,posted
T00009109,A000433,2025-11-23 02:25:00,14.18,debit,card,utilities,posted
T00009110,A000433,2025-11-20 10:11:00,76.27,debit,p2p,travel,posted
T00009111,A000433,2025-10-29 08:11:00,3012.9,credit,ach,,posted
T00009112,A000433,2025-11-05 20:15:00,10.35,debit,card,utilities,posted
T00009113,A000433,2025-11-04 15:18:00,16.09,debit,card,online_retail,posted
T00009114,A000433,2025-11-03 00:46:00,40.08,debit,card,fuel,posted
T00009115,A000433,2025-12-08 03:43:00,22.46,debit,card,utilities,posted
T00009116,A000433,2025-12-19 11:08:00,43.47,debit,p2p,grocery,posted
T00009117,A000433,2025-10-26 04:01:00,3096.72,credit,ach,,posted
T00009118,A000433,2025-12-14 23:38:00,9.87,debit,ach,online_retail,posted
T00009119,A000433,2025-10-23 23:05:00,31.18,debit,card,grocery,posted
T00009120,A000433,2025-10-28 01:20:00,11.5,debit,card,healthcare,posted
T00009121,A000433,2025-10-16 05:47:00,2479.17,credit,ach,,posted
T00009122,A000433,2025-10-21 14:32:00,21.6,debit,ach,entertainment,posted
T00009123,A000433,2025-11-27 21:00:00,3331.64,credit,ach,,posted
T00009124,A000433,2025-11-26 18:13:00,2005.56,credit,ach,,posted
T00009125,A000433,2025-12-18 08:12:00,6.74,debit,card,online_retail,posted
T00009126,A000433,2025-12-28 08:54:00,2771.51,credit,ach,,posted
T00009127,A000433,2025-12-14 04:29:00,20.01,debit,card,healthcare,posted
T00009128,A000433,2025-11-07 13:12:00,6.53,debit,ach,online_retail,posted
T00009129,A000433,2025-11-21 19:43:00,3755.07,credit,ach,,posted
T00009130,A000433,2025-12-22 17:21:00,32.66,debit,card,healthcare,posted
T00009131,A000433,2025-11-11 03:57:00,17.32,debit,card,grocery,posted
T00009132,A000433,2025-11-30 22:58:00,100.78,debit,atm,fuel,posted
T00009133,A000433,2025-12-24 13:01:00,64.74,debit,p2p,grocery,posted
T00009134,A000433,2025-11-16 04:20:00,141.65,debit,card,fuel,posted
T00009135,A000433,2025-12-15 05:06:00,74.69,debit,atm,entertainment,posted
T00009136,A000433,2025-12-24 20:57:00,76.98,debit,ach,fuel,posted
T00009137,A000433,2025-11-26 00:03:00,4.62,debit,card,online_retail,posted
T00009138,A000433,2025-12-18 23:14:00,15.45,debit,ach,entertainment,posted
T00009139,A000433,2025-11-09 04:49:00,1648.62,credit,ach,,posted
T00009140,A000434,2025-03-02 10:36:00,12.84,debit,atm,dining,declined
T00009141,A000434,2025-03-10 22:05:00,29.2,debit,ach,fuel,posted
T00009142,A000434,2024-10-30 01:46:00,14.03,debit,p2p,online_retail,posted
T00009143,A000434,2025-12-22 01:14:00,145.75,debit,card,travel,posted
T00009144,A000434,2024-09-25 07:25:00,1883.71,credit,ach,,posted
T00009145,A000434,2025-05-19 08:36:00,12.78,debit,ach,fuel,posted
T00009146,A000434,2025-05-24 01:59:00,18.11,debit,card,healthcare,posted
T00009147,A000434,2025-07-16 00:40:00,39.47,debit,p2p,grocery,posted
T00009148,A000434,2025-11-21 12:00:00,3946.14,credit,ach,,posted
T00009149,A000435,2025-12-22 05:13:00,87.49,debit,card,fuel,posted
T00009150,A000435,2025-12-10 21:50:00,45.02,debit,p2p,grocery,posted
T00009151,A000435,2025-12-28 01:06:00,80.43,debit,card,dining,posted
T00009152,A000435,2025-12-24 13:31:00,1708.17,credit,ach,,posted
T00009153,A000435,2025-12-25 02:03:00,17.39,debit,card,utilities,posted
T00009154,A000435,2025-12-09 23:15:00,31.26,debit,card,dining,posted
T00009155,A000435,2025-12-21 05:24:00,20.72,debit,card,utilities,posted
T00009156,A000435,2025-12-14 19:25:00,2654.15,credit,ach,,posted
T00009157,A000435,2025-12-14 20:50:00,15.6,debit,card,travel,posted
T00009158,A000435,2025-12-06 13:07:00,15.65,debit,card,dining,posted
T00009159,A000435,2025-12-14 00:28:00,2360.49,credit,ach,,posted
T00009160,A000435,2025-12-10 04:49:00,12.88,debit,card,utilities,posted
T00009161,A000435,2025-12-25 00:09:00,84.87,debit,atm,dining,posted
T00009162,A000435,2025-12-08 08:49:00,8.89,debit,card,utilities,posted
T00009163,A000435,2025-12-04 01:38:00,68.94,debit,p2p,entertainment,posted
T00009164,A000435,2025-12-17 15:25:00,19.1,debit,atm,travel,declined
T00009165,A000435,2025-12-10 05:22:00,45.25,debit,atm,utilities,posted
T00009166,A000435,2025-12-14 11:06:00,46.17,debit,p2p,entertainment,posted
T00009167,A000435,2025-12-29 04:39:00,932.97,credit,ach,,posted
T00009168,A000435,2025-12-28 13:37:00,3516.45,credit,ach,,posted
T00009169,A000435,2025-12-17 02:29:00,22.32,debit,atm,fuel,posted
T00009170,A000436,2025-12-31 04:03:00,31.05,debit,atm,healthcare,posted
T00009171,A000436,2025-12-30 06:56:00,57.02,debit,card,travel,posted
T00009172,A000436,2025-12-15 15:26:00,892.7,credit,ach,,declined
T00009173,A000436,2025-12-17 16:06:00,142.96,debit,card,dining,posted
T00009174,A000436,2025-12-13 03:47:00,29.77,debit,ach,entertainment,posted
T00009175,A000436,2025-12-18 21:31:00,18.31,debit,p2p,utilities,reversed
T00009176,A000436,2025-12-11 13:41:00,25.87,debit,atm,healthcare,posted
T00009177,A000436,2025-12-28 03:21:00,51.86,debit,card,online_retail,posted
T00009178,A000436,2025-12-22 03:42:00,19.39,debit,p2p,fuel,posted
T00009179,A000436,2025-12-23 16:32:00,15.48,debit,atm,online_retail,posted
T00009180,A000436,2025-12-17 23:11:00,1279.74,credit,ach,,posted
T00009181,A000436,2025-12-31 17:26:00,32.22,debit,ach,travel,posted
T00009182,A000436,2025-12-27 17:40:00,20.22,debit,atm,travel,posted
T00009183,A000436,2025-12-28 09:31:00,21.31,debit,p2p,travel,posted
T00009184,A000436,2025-12-16 04:47:00,54.86,debit,p2p,utilities,posted
T00009185,A000436,2025-12-23 14:37:00,879.94,credit,ach,,posted
T00009186,A000436,2025-12-18 16:37:00,80.85,debit,card,travel,posted
T00009187,A000436,2025-12-21 04:59:00,2847.4,credit,ach,,posted
T00009188,A000436,2025-12-22 17:10:00,17.26,debit,atm,grocery,posted
T00009189,A000436,2025-12-31 10:36:00,15.83,debit,card,online_retail,posted
T00009190,A000436,2025-12-13 09:34:00,23.65,debit,card,healthcare,posted
T00009191,A000436,2025-12-28 16:58:00,52.8,debit,card,grocery,posted
T00009192,A000436,2025-12-09 00:17:00,19.97,debit,atm,online_retail,posted
T00009193,A000436,2025-12-13 22:59:00,13.59,debit,card,travel,posted
T00009194,A000436,2025-12-09 10:10:00,1437.29,credit,ach,,posted
T00009195,A000436,2025-12-27 02:39:00,304.47,debit,atm,grocery,posted
T00009196,A000437,2025-07-16 09:32:00,4.41,debit,card,utilities,posted
T00009197,A000437,2025-12-06 18:05:00,58.01,debit,ach,travel,posted
T00009198,A000437,2025-06-24 19:44:00,20.64,debit,card,travel,posted
T00009199,A000437,2025-11-29 07:11:00,8.96,debit,p2p,travel,posted
T00009200,A000437,2025-09-02 20:46:00,86.36,debit,ach,entertainment,posted
T00009201,A000437,2025-10-11 05:25:00,25.41,debit,ach,entertainment,posted
T00009202,A000437,2025-05-31 10:19:00,3795.3,credit,ach,,posted
T00009203,A000437,2025-11-22 19:53:00,8.35,debit,atm,online_retail,posted
T00009204,A000437,2025-12-18 05:54:00,15.12,debit,atm,online_retail,posted
T00009205,A000437,2025-12-25 01:20:00,89.2,debit,atm,utilities,posted
T00009206,A000437,2025-05-10 08:38:00,144.65,debit,atm,utilities,posted
T00009207,A000437,2025-04-28 02:00:00,63.29,debit,p2p,grocery,posted
T00009208,A000437,2025-10-01 09:28:00,2227.24,credit,ach,,posted
T00009209,A000437,2025-12-04 12:52:00,24.28,debit,atm,dining,posted
T00009210,A000437,2025-06-16 15:45:00,2528.55,credit,ach,,posted
T00009211,A000437,2025-06-21 22:06:00,22.05,debit,ach,grocery,posted
T00009212,A000437,2025-05-20 09:36:00,32.49,debit,card,grocery,posted
T00009213,A000437,2025-09-09 12:31:00,86.35,debit,card,online_retail,posted
T00009214,A000437,2025-07-04 15:34:00,85.07,debit,atm,healthcare,posted
T00009215,A000438,2025-12-03 05:48:00,6.6,debit,p2p,entertainment,posted
T00009216,A000438,2025-03-24 14:40:00,5.99,debit,card,entertainment,posted
T00009217,A000438,2025-06-13 18:05:00,57.14,debit,card,grocery,posted
T00009218,A000438,2025-09-18 22:58:00,37.96,debit,card,fuel,posted
T00009219,A000438,2025-07-18 01:01:00,107.64,debit,atm,utilities,posted
T00009220,A000438,2025-08-03 10:38:00,9.05,debit,card,utilities,posted
T00009221,A000438,2025-04-21 05:13:00,2030.47,credit,ach,,posted
T00009222,A000438,2025-11-15 08:12:00,26.21,debit,ach,travel,posted
T00009223,A000438,2025-03-10 10:08:00,45.42,debit,ach,dining,posted
T00009224,A000438,2025-09-04 20:02:00,41.24,debit,p2p,dining,posted
T00009225,A000438,2025-03-27 13:17:00,69.98,debit,card,utilities,posted
T00009226,A000438,2025-04-19 11:56:00,11.27,debit,card,grocery,posted
T00009227,A000438,2025-06-19 10:34:00,11.33,debit,card,travel,posted
T00009228,A000438,2025-08-27 13:26:00,31.93,debit,card,utilities,posted
T00009229,A000438,2025-03-06 18:36:00,7.18,debit,atm,grocery,posted
T00009230,A000438,2025-07-19 15:44:00,933.11,credit,ach,,posted
T00009231,A000438,2025-09-30 00:56:00,2789.53,credit,ach,,posted
T00009232,A000438,2025-06-28 05:31:00,57.82,debit,card,healthcare,posted
T00009233,A000438,2025-04-24 11:57:00,32.92,debit,card,fuel,posted
T00009234,A000438,2025-05-22 03:28:00,1814.06,credit,ach,,posted
T00009235,A000438,2025-03-21 20:49:00,3.14,debit,card,grocery,posted
T00009236,A000438,2025-09-15 08:39:00,17.31,debit,ach,grocery,posted
T00009237,A000438,2025-09-02 06:25:00,13.11,debit,card,fuel,posted
T00009238,A000438,2025-07-13 13:51:00,101.14,debit,p2p,utilities,posted
T00009239,A000438,2025-08-04 02:49:00,6.64,debit,card,travel,posted
T00009240,A000438,2025-10-19 09:12:00,13.2,debit,atm,dining,posted
T00009241,A000438,2025-07-10 02:44:00,43.51,debit,p2p,entertainment,posted
T00009242,A000438,2025-01-25 08:32:00,12.14,debit,p2p,dining,posted
T00009243,A000438,2025-02-12 08:58:00,3887.98,credit,ach,,posted
T00009244,A000438,2025-03-28 10:02:00,141.02,debit,atm,travel,posted
T00009245,A000438,2025-05-26 22:41:00,16.76,debit,ach,healthcare,posted
T00009246,A000438,2025-02-27 09:26:00,22.12,debit,ach,online_retail,posted
T00009247,A000438,2025-11-24 04:49:00,845.28,credit,ach,,posted
T00009248,A000438,2025-12-29 04:18:00,13.5,debit,atm,grocery,posted
T00009249,A000438,2025-10-18 17:38:00,32.97,debit,ach,travel,posted
T00009250,A000438,2025-10-30 07:39:00,3991.36,credit,ach,,posted
T00009251,A000438,2025-03-31 03:40:00,6.29,debit,p2p,utilities,posted
T00009252,A000438,2025-09-07 22:45:00,37.71,debit,card,online_retail,posted
T00009253,A000438,2025-03-03 14:28:00,34.01,debit,card,dining,posted
T00009254,A000439,2025-10-04 07:08:00,1882.94,credit,ach,,posted
T00009255,A000439,2025-03-23 09:37:00,34.49,debit,card,entertainment,reversed
T00009256,A000439,2025-10-21 22:16:00,18.23,debit,ach,entertainment,declined
T00009257,A000439,2025-09-02 21:13:00,1488.46,credit,ach,,posted
T00009258,A000439,2025-03-15 22:39:00,85.91,debit,card,fuel,posted
T00009259,A000439,2025-11-18 09:47:00,44.49,debit,card,grocery,posted
T00009260,A000439,2025-08-30 14:07:00,23.14,debit,ach,online_retail,posted
T00009261,A000439,2025-10-19 21:03:00,70.27,debit,card,fuel,posted
T00009262,A000439,2025-06-13 11:00:00,32.61,debit,ach,healthcare,posted
T00009263,A000439,2025-07-25 13:09:00,71.41,debit,card,travel,posted
T00009264,A000439,2025-11-16 03:17:00,60.78,debit,card,online_retail,posted
T00009265,A000439,2025-05-11 02:43:00,123.33,debit,card,dining,posted
T00009266,A000439,2025-01-27 15:29:00,1867.45,credit,ach,,posted
T00009267,A000439,2025-04-08 16:29:00,103.43,debit,atm,fuel,posted
T00009268,A000439,2025-10-21 04:52:00,99.25,debit,atm,grocery,posted
T00009269,A000439,2025-07-09 14:25:00,56.39,debit,p2p,travel,posted
T00009270,A000439,2025-09-24 04:22:00,601.89,credit,ach,,posted
T00009271,A000439,2025-09-03 09:05:00,416.4,debit,card,online_retail,posted
T00009272,A000439,2025-10-23 18:23:00,2.43,debit,card,online_retail,posted
T00009273,A000439,2025-07-19 05:13:00,35.42,debit,card,utilities,posted
T00009274,A000439,2025-03-27 02:58:00,13.1,debit,atm,utilities,posted
T00009275,A000439,2025-05-29 08:06:00,1571.32,credit,ach,,posted
T00009276,A000439,2025-04-17 16:39:00,41.43,debit,card,dining,posted
T00009277,A000439,2025-08-22 10:45:00,57.67,debit,card,travel,posted
T00009278,A000439,2025-08-06 03:39:00,46.76,debit,card,dining,posted
T00009279,A000439,2025-08-13 21:40:00,15.14,debit,p2p,utilities,posted
T00009280,A000439,2025-04-21 00:03:00,1787.45,credit,ach,,posted
T00009281,A000439,2025-08-05 12:12:00,12.89,debit,p2p,entertainment,posted
T00009282,A000439,2025-02-25 04:57:00,25.45,debit,ach,travel,posted
T00009283,A000439,2025-05-13 06:30:00,10.6,debit,card,travel,posted
T00009284,A000439,2025-11-18 01:05:00,80.96,debit,ach,travel,posted
T00009285,A000439,2025-04-24 15:49:00,416.47,debit,atm,utilities,posted
T00009286,A000439,2025-03-03 12:41:00,10.91,debit,p2p,healthcare,posted
T00009287,A000439,2025-10-25 05:16:00,19.04,debit,card,entertainment,declined
T00009288,A000440,2025-10-21 22:19:00,30.93,debit,card,fuel,posted
T00009289,A000440,2025-12-21 06:06:00,3.19,debit,atm,grocery,posted
T00009290,A000440,2025-06-26 15:19:00,36.38,debit,ach,utilities,posted
T00009291,A000440,2025-10-14 06:58:00,50.52,debit,ach,utilities,posted
T00009292,A000440,2025-09-03 11:15:00,58.68,debit,atm,online_retail,posted
T00009293,A000440,2025-06-06 10:37:00,10.97,debit,p2p,fuel,posted
T00009294,A000440,2025-09-20 18:07:00,217.22,debit,card,healthcare,posted
T00009295,A000440,2025-08-01 03:45:00,17.57,debit,p2p,online_retail,posted
T00009296,A000440,2025-08-09 02:12:00,49.16,debit,card,healthcare,posted
T00009297,A000440,2025-09-04 02:20:00,1778.22,credit,ach,,posted
T00009298,A000440,2025-12-03 17:46:00,9.04,debit,card,grocery,posted
T00009299,A000440,2025-12-19 16:04:00,1111.59,credit,ach,,posted
T00009300,A000440,2025-06-25 03:53:00,895.19,credit,ach,,posted
T00009301,A000440,2025-11-29 05:41:00,62.91,debit,card,online_retail,posted
T00009302,A000440,2025-10-11 04:31:00,3163.56,credit,ach,,posted
T00009303,A000440,2025-10-16 12:22:00,1172.04,debit,atm,fuel,posted
T00009304,A000440,2025-10-23 11:33:00,98.51,debit,atm,travel,posted
T00009305,A000440,2025-11-04 23:37:00,26.84,debit,card,dining,posted
T00009306,A000440,2025-12-05 23:11:00,23.94,debit,ach,utilities,posted
T00009307,A000440,2025-12-04 17:09:00,360.88,debit,card,entertainment,posted
T00009308,A000440,2025-11-17 01:05:00,48.1,debit,card,dining,posted
T00009309,A000441,2025-11-27 11:44:00,20.96,debit,card,fuel,posted
T00009310,A000441,2025-09-17 06:02:00,33.08,debit,card,fuel,posted
T00009311,A000441,2025-09-29 02:49:00,8.39,debit,p2p,grocery,posted
T00009312,A000441,2025-10-13 08:02:00,12.81,debit,card,travel,posted
T00009313,A000441,2025-08-28 23:23:00,53.57,debit,card,healthcare,posted
T00009314,A000441,2025-09-08 11:51:00,27.84,debit,p2p,dining,posted
T00009315,A000441,2025-10-18 11:42:00,13.49,debit,p2p,dining,posted
T00009316,A000442,2024-09-10 20:14:00,780.79,credit,ach,,posted
T00009317,A000442,2025-06-07 17:40:00,40.12,debit,card,utilities,posted
T00009318,A000442,2025-05-04 20:46:00,9.32,debit,card,online_retail,posted
T00009319,A000442,2024-11-05 06:57:00,19.42,debit,card,grocery,posted
T00009320,A000442,2025-12-04 14:21:00,46.72,debit,p2p,dining,posted
T00009321,A000442,2024-12-25 19:18:00,52.41,debit,ach,fuel,declined
T00009322,A000442,2025-05-11 21:07:00,32.76,debit,p2p,entertainment,posted
T00009323,A000442,2024-09-07 14:16:00,24.39,debit,ach,online_retail,posted
T00009324,A000442,2025-10-06 21:29:00,202.48,debit,atm,healthcare,posted
T00009325,A000443,2024-11-21 22:28:00,1606.16,credit,ach,,posted
T00009326,A000443,2025-10-17 06:28:00,690.52,credit,ach,,posted
T00009327,A000443,2024-07-01 12:49:00,137.61,debit,card,dining,posted
T00009328,A000443,2025-11-01 23:09:00,2.91,debit,card,grocery,posted
T00009329,A000443,2025-03-05 05:06:00,5.79,debit,p2p,fuel,posted
T00009330,A000443,2025-07-23 04:09:00,33.89,debit,card,utilities,posted
T00009331,A000443,2024-09-18 19:43:00,2036.38,credit,ach,,posted
T00009332,A000443,2024-09-21 23:15:00,3231.63,credit,ach,,posted
T00009333,A000443,2024-05-08 00:51:00,46.06,debit,card,utilities,posted
T00009334,A000443,2025-04-08 03:12:00,29.25,debit,p2p,entertainment,posted
T00009335,A000443,2025-04-06 08:50:00,9.0,debit,atm,fuel,posted
T00009336,A000443,2024-09-30 18:41:00,21.51,debit,p2p,fuel,posted
T00009337,A000443,2024-11-13 23:08:00,2.06,debit,card,fuel,posted
T00009338,A000443,2024-12-03 07:09:00,9.78,debit,card,healthcare,posted
T00009339,A000443,2025-02-13 11:24:00,2300.72,credit,ach,,posted
T00009340,A000443,2025-07-21 04:41:00,723.79,credit,ach,,posted
T00009341,A000443,2025-11-14 09:31:00,64.26,debit,card,travel,posted
T00009342,A000443,2024-06-19 23:44:00,2825.5,credit,ach,,posted
T00009343,A000444,2025-11-06 07:24:00,85.71,debit,card,entertainment,posted
T00009344,A000444,2025-10-18 17:45:00,30.06,debit,ach,grocery,posted
T00009345,A000444,2025-10-17 06:52:00,76.08,debit,card,grocery,posted
T00009346,A000444,2025-11-15 20:54:00,1272.17,credit,ach,,posted
T00009347,A000444,2025-11-17 10:02:00,12.03,debit,card,fuel,posted
T00009348,A000444,2025-11-14 05:08:00,27.61,debit,card,dining,posted
T00009349,A000444,2025-12-02 16:46:00,71.31,debit,card,travel,posted
T00009350,A000444,2025-11-25 03:10:00,106.12,debit,p2p,healthcare,posted
T00009351,A000444,2025-11-07 05:20:00,13.12,debit,p2p,dining,posted
T00009352,A000444,2025-11-25 08:32:00,75.68,debit,ach,entertainment,posted
T00009353,A000444,2025-09-23 18:55:00,2549.43,credit,ach,,declined
T00009354,A000444,2025-12-12 23:48:00,3812.41,credit,ach,,posted
T00009355,A000444,2025-11-09 05:23:00,14.85,debit,card,healthcare,posted
T00009356,A000444,2025-10-09 17:20:00,36.17,debit,card,dining,posted
T00009357,A000444,2025-09-21 07:51:00,18.76,debit,p2p,grocery,posted
T00009358,A000444,2025-10-13 15:14:00,2094.29,credit,ach,,posted
T00009359,A000444,2025-12-29 14:49:00,61.91,debit,atm,travel,posted
T00009360,A000444,2025-11-03 16:55:00,15.07,debit,card,online_retail,posted
T00009361,A000444,2025-11-25 10:34:00,89.62,debit,card,entertainment,posted
T00009362,A000444,2025-10-29 07:14:00,21.78,debit,card,utilities,posted
T00009363,A000444,2025-12-26 08:09:00,131.74,debit,card,healthcare,posted
T00009364,A000444,2025-11-23 22:26:00,894.79,credit,ach,,posted
T00009365,A000444,2025-10-20 15:23:00,14.69,debit,atm,fuel,posted
T00009366,A000444,2025-11-22 19:56:00,9.02,debit,card,dining,posted
T00009367,A000444,2025-11-09 21:37:00,67.17,debit,card,grocery,posted
T00009368,A000444,2025-12-23 00:57:00,59.86,debit,card,utilities,posted
T00009369,A000444,2025-10-16 06:03:00,2060.5,credit,ach,,posted
T00009370,A000444,2025-12-30 18:21:00,42.94,debit,ach,utilities,posted
T00009371,A000445,2025-06-02 19:10:00,12.57,debit,p2p,grocery,posted
T00009372,A000445,2025-11-05 08:52:00,699.01,credit,ach,,posted
T00009373,A000445,2025-07-23 12:13:00,9.41,debit,card,travel,posted
T00009374,A000445,2025-07-12 18:08:00,47.88,debit,card,grocery,posted
T00009375,A000445,2025-07-14 04:10:00,50.95,debit,card,fuel,posted
T00009376,A000445,2025-05-31 04:23:00,110.6,debit,atm,utilities,posted
T00009377,A000445,2025-07-06 13:44:00,288.85,debit,card,online_retail,posted
T00009378,A000445,2025-12-05 22:00:00,1182.0,credit,ach,,posted
T00009379,A000445,2025-06-29 10:15:00,1695.82,credit,ach,,posted
T00009380,A000445,2025-07-09 14:37:00,22.61,debit,card,entertainment,posted
T00009381,A000445,2025-04-25 18:39:00,24.86,debit,card,fuel,posted
T00009382,A000445,2025-09-10 03:50:00,921.03,credit,ach,,posted
T00009383,A000445,2025-02-10 08:48:00,2508.99,credit,ach,,posted
T00009384,A000445,2025-02-19 17:18:00,3201.47,credit,ach,,posted
T00009385,A000445,2025-06-14 03:41:00,23.45,debit,ach,fuel,posted
T00009386,A000445,2025-12-14 17:06:00,47.53,debit,ach,utilities,posted
T00009387,A000445,2025-10-12 08:14:00,23.54,debit,ach,entertainment,posted
T00009388,A000446,2025-09-13 11:07:00,2457.04,credit,ach,,posted
T00009389,A000446,2025-12-17 17:30:00,6.09,debit,ach,utilities,posted
T00009390,A000446,2025-12-05 10:53:00,776.07,credit,ach,,posted
T00009391,A000446,2025-12-08 19:30:00,3106.32,credit,ach,,posted
T00009392,A000446,2025-11-13 11:05:00,20.32,debit,card,fuel,posted
T00009393,A000446,2025-09-18 09:29:00,107.33,debit,card,fuel,posted
T00009394,A000446,2025-10-28 13:06:00,72.44,debit,card,dining,posted
T00009395,A000446,2025-12-13 10:20:00,24.8,debit,p2p,fuel,posted
T00009396,A000446,2025-11-08 14:01:00,21.94,debit,ach,fuel,posted
T00009397,A000446,2025-11-09 12:28:00,3981.13,credit,ach,,posted
T00009398,A000446,2025-11-01 08:41:00,14.65,debit,card,utilities,posted
T00009399,A000446,2025-12-11 09:48:00,32.22,debit,p2p,entertainment,posted
T00009400,A000446,2025-11-28 17:35:00,60.09,debit,atm,utilities,posted
T00009401,A000446,2025-09-05 13:37:00,69.41,debit,ach,fuel,posted
T00009402,A000446,2025-10-27 17:01:00,19.15,debit,atm,dining,posted
T00009403,A000446,2025-12-23 13:09:00,83.0,debit,ach,grocery,posted
T00009404,A000446,2025-10-02 22:53:00,76.1,debit,card,entertainment,posted
T00009405,A000446,2025-08-26 20:40:00,1294.58,credit,ach,,posted
T00009406,A000446,2025-09-08 19:15:00,88.12,debit,card,utilities,posted
T00009407,A000446,2025-10-28 00:51:00,611.02,credit,ach,,posted
T00009408,A000446,2025-09-13 09:29:00,1026.09,credit,ach,,posted
T00009409,A000446,2025-08-24 11:25:00,21.08,debit,card,online_retail,posted
T00009410,A000446,2025-08-26 17:09:00,28.51,debit,atm,utilities,posted
T00009411,A000446,2025-11-03 10:21:00,63.65,debit,card,dining,posted
T00009412,A000447,2025-10-09 11:38:00,44.57,debit,p2p,grocery,posted
T00009413,A000447,2025-10-25 08:29:00,174.7,debit,atm,grocery,posted
T00009414,A000447,2025-02-28 16:18:00,34.64,debit,card,dining,posted
T00009415,A000447,2025-09-18 23:03:00,46.39,debit,ach,fuel,posted
T00009416,A000447,2025-09-10 16:57:00,754.61,credit,ach,,posted
T00009417,A000447,2025-05-12 18:21:00,3989.05,credit,ach,,posted
T00009418,A000447,2025-04-05 06:55:00,1107.58,credit,ach,,posted
T00009419,A000447,2025-02-06 11:08:00,20.81,debit,ach,healthcare,posted
T00009420,A000447,2024-10-20 20:38:00,249.73,debit,p2p,fuel,posted
T00009421,A000447,2025-08-15 14:33:00,102.75,debit,card,entertainment,posted
T00009422,A000447,2025-01-27 15:10:00,60.37,debit,ach,online_retail,posted
T00009423,A000447,2025-05-25 12:14:00,10.75,debit,ach,utilities,posted
T00009424,A000447,2024-11-26 03:06:00,2713.29,credit,ach,,posted
T00009425,A000447,2025-08-24 17:47:00,166.86,debit,atm,utilities,posted
T00009426,A000447,2025-03-22 16:38:00,32.61,debit,card,online_retail,posted
T00009427,A000447,2025-03-26 08:08:00,3975.49,credit,ach,,posted
T00009428,A000447,2024-12-31 05:44:00,47.17,debit,card,healthcare,posted
T00009429,A000447,2024-10-01 00:43:00,77.42,debit,p2p,healthcare,posted
T00009430,A000447,2025-05-23 13:59:00,2399.38,credit,ach,,posted
T00009431,A000447,2025-01-14 01:20:00,133.73,debit,p2p,fuel,posted
T00009432,A000447,2025-05-31 04:44:00,91.09,debit,p2p,travel,posted
T00009433,A000447,2025-02-09 02:25:00,2972.54,credit,ach,,posted
T00009434,A000447,2025-07-08 09:02:00,232.2,debit,card,dining,posted
T00009435,A000447,2025-02-17 14:14:00,2664.96,credit,ach,,posted
T00009436,A000447,2025-09-30 11:08:00,12.16,debit,atm,dining,posted
T00009437,A000447,2025-01-27 11:01:00,21.63,debit,card,online_retail,posted
T00009438,A000447,2024-11-07 08:00:00,2309.57,credit,ach,,declined
T00009439,A000447,2025-08-10 10:38:00,39.63,debit,card,healthcare,posted
T00009440,A000447,2025-11-22 09:33:00,36.25,debit,p2p,entertainment,posted
T00009441,A000447,2025-10-02 06:09:00,3559.35,credit,ach,,posted
T00009442,A000447,2025-07-07 16:41:00,2586.52,credit,ach,,posted
T00009443,A000447,2025-02-06 02:06:00,6.17,debit,card,grocery,posted
T00009444,A000447,2025-08-04 00:24:00,9.77,debit,card,dining,declined
T00009445,A000448,2025-05-21 21:06:00,877.61,credit,ach,,posted
T00009446,A000448,2025-12-31 23:56:00,2327.57,credit,ach,,posted
T00009447,A000448,2025-05-25 23:22:00,26.81,debit,p2p,grocery,posted
T00009448,A000448,2025-11-17 07:37:00,173.54,debit,ach,grocery,posted
T00009449,A000448,2025-10-17 15:47:00,41.75,debit,card,online_retail,posted
T00009450,A000448,2025-10-28 05:06:00,57.45,debit,atm,online_retail,posted
T00009451,A000448,2025-08-13 08:31:00,26.52,debit,card,utilities,posted
T00009452,A000448,2025-06-14 21:23:00,959.89,credit,ach,,declined
T00009453,A000448,2025-12-18 04:01:00,15.63,debit,atm,online_retail,posted
T00009454,A000448,2025-10-05 00:30:00,2657.83,credit,ach,,posted
T00009455,A000448,2025-08-15 20:34:00,13.36,debit,card,utilities,posted
T00009456,A000448,2025-06-09 07:24:00,62.07,debit,card,grocery,posted
T00009457,A000448,2025-05-19 03:11:00,68.06,debit,card,dining,posted
T00009458,A000448,2025-05-24 05:58:00,50.58,debit,atm,online_retail,posted
T00009459,A000449,2025-09-05 14:37:00,25.62,debit,p2p,dining,posted
T00009460,A000449,2025-06-24 04:50:00,5.17,debit,ach,entertainment,posted
T00009461,A000449,2025-08-30 06:09:00,39.06,debit,card,online_retail,posted
T00009462,A000449,2025-03-09 21:18:00,3295.99,credit,ach,,posted
T00009463,A000449,2025-07-29 01:19:00,135.41,debit,ach,grocery,posted
T00009464,A000449,2025-03-09 04:26:00,1155.38,credit,ach,,posted
T00009465,A000449,2025-03-25 14:19:00,103.36,debit,p2p,healthcare,posted
T00009466,A000449,2025-02-23 15:55:00,3887.96,credit,ach,,posted
T00009467,A000449,2025-07-16 04:54:00,54.67,debit,p2p,healthcare,posted
T00009468,A000449,2025-07-04 04:54:00,3433.47,credit,ach,,posted
T00009469,A000449,2025-06-12 15:08:00,16.73,debit,card,travel,posted
T00009470,A000449,2025-09-30 02:38:00,138.99,debit,atm,entertainment,posted
T00009471,A000449,2025-12-01 00:08:00,62.42,debit,p2p,fuel,posted
T00009472,A000449,2025-03-06 07:49:00,1168.24,credit,ach,,declined
T00009473,A000449,2025-09-26 14:56:00,48.12,debit,card,grocery,posted
T00009474,A000449,2025-05-29 22:22:00,18.54,debit,card,healthcare,posted
T00009475,A000449,2025-06-18 17:19:00,31.22,debit,card,entertainment,posted
T00009476,A000449,2025-05-05 07:42:00,93.53,debit,atm,healthcare,posted
T00009477,A000449,2025-08-08 05:17:00,15.7,debit,ach,entertainment,posted
T00009478,A000449,2025-03-10 02:14:00,3002.04,credit,ach,,posted
T00009479,A000449,2025-01-20 09:13:00,60.09,debit,ach,dining,posted
T00009480,A000449,2025-01-17 10:12:00,89.83,debit,p2p,grocery,posted
T00009481,A000449,2024-12-18 19:21:00,12.11,debit,ach,online_retail,posted
T00009482,A000449,2025-12-09 05:25:00,1413.26,credit,ach,,posted
T00009483,A000449,2025-05-20 15:51:00,3041.96,credit,ach,,posted
T00009484,A000449,2025-04-07 13:15:00,1404.07,credit,ach,,posted
T00009485,A000449,2025-09-03 20:42:00,523.81,debit,ach,dining,posted
T00009486,A000449,2025-07-06 13:44:00,11.97,debit,p2p,fuel,posted
T00009487,A000449,2025-04-13 13:05:00,37.52,debit,atm,grocery,posted
T00009488,A000449,2024-12-26 13:43:00,85.08,debit,card,dining,posted
T00009489,A000449,2025-02-04 18:35:00,30.05,debit,atm,healthcare,posted
T00009490,A000449,2025-04-01 10:06:00,76.27,debit,ach,dining,posted
T00009491,A000449,2025-02-08 12:13:00,3156.57,credit,ach,,posted
T00009492,A000449,2024-12-20 13:57:00,15.25,debit,card,grocery,posted
T00009493,A000449,2025-04-17 12:14:00,37.28,debit,p2p,online_retail,posted
T00009494,A000449,2025-10-29 21:27:00,9.42,debit,p2p,dining,posted
T00009495,A000449,2025-12-26 18:02:00,42.29,debit,card,dining,posted
T00009496,A000449,2024-12-14 06:47:00,37.09,debit,ach,travel,posted
T00009497,A000449,2025-07-08 06:41:00,19.59,debit,card,healthcare,posted
T00009498,A000449,2025-05-30 08:11:00,3758.19,credit,ach,,posted
T00009499,A000450,2024-12-15 14:41:00,30.06,debit,ach,fuel,posted
T00009500,A000450,2025-11-29 22:51:00,19.3,debit,p2p,dining,posted
T00009501,A000450,2025-07-03 16:54:00,22.87,debit,card,utilities,posted
T00009502,A000450,2025-12-23 12:01:00,21.2,debit,atm,utilities,posted
T00009503,A000450,2025-12-06 10:00:00,2316.09,credit,ach,,posted
T00009504,A000450,2024-11-23 08:17:00,77.21,debit,card,dining,declined
T00009505,A000450,2025-05-07 06:44:00,83.34,debit,card,entertainment,posted
T00009506,A000450,2025-11-27 14:18:00,61.58,debit,atm,grocery,posted
T00009507,A000450,2025-10-21 20:18:00,64.88,debit,atm,online_retail,posted
T00009508,A000450,2025-01-12 22:42:00,30.35,debit,card,utilities,posted
T00009509,A000450,2025-08-25 14:18:00,14.94,debit,p2p,entertainment,posted
T00009510,A000450,2025-11-19 20:59:00,758.83,credit,ach,,posted
T00009511,A000450,2025-10-21 23:10:00,33.2,debit,card,entertainment,posted
T00009512,A000450,2025-12-11 01:25:00,24.85,debit,p2p,online_retail,declined
T00009513,A000451,2025-05-18 09:27:00,22.23,debit,card,grocery,posted
T00009514,A000451,2025-02-08 21:00:00,1798.79,credit,ach,,posted
T00009515,A000451,2025-12-08 13:30:00,1155.66,credit,ach,,posted
T00009516,A000451,2025-08-11 16:49:00,191.88,debit,card,dining,posted
T00009517,A000451,2025-07-19 07:41:00,564.55,credit,ach,,posted
T00009518,A000451,2025-10-21 13:38:00,2446.05,credit,ach,,posted
T00009519,A000451,2025-06-22 15:34:00,14.53,debit,card,utilities,posted
T00009520,A000452,2025-10-16 05:32:00,102.63,debit,card,healthcare,posted
T00009521,A000452,2025-09-18 13:57:00,15.37,debit,atm,healthcare,posted
T00009522,A000452,2025-10-01 16:36:00,69.98,debit,ach,healthcare,posted
T00009523,A000452,2025-12-11 03:20:00,254.22,debit,atm,entertainment,posted
T00009524,A000452,2025-10-28 18:08:00,26.33,debit,ach,healthcare,posted
T00009525,A000452,2025-11-22 01:49:00,3309.16,credit,ach,,posted
T00009526,A000452,2025-12-24 00:10:00,19.7,debit,ach,online_retail,declined
T00009527,A000452,2025-09-29 10:20:00,29.22,debit,card,fuel,posted
T00009528,A000452,2025-12-01 01:11:00,5.53,debit,card,healthcare,posted
T00009529,A000452,2025-12-25 13:39:00,22.15,debit,card,utilities,posted
T00009530,A000452,2025-12-05 14:18:00,23.83,debit,p2p,fuel,posted
T00009531,A000452,2025-10-12 12:37:00,646.22,debit,card,dining,posted
T00009532,A000452,2025-12-13 15:45:00,24.55,debit,p2p,healthcare,posted
T00009533,A000452,2025-11-24 08:28:00,5.92,debit,p2p,fuel,posted
T00009534,A000452,2025-12-27 17:06:00,40.74,debit,atm,fuel,posted
T00009535,A000452,2025-11-16 13:57:00,46.21,debit,card,fuel,posted
T00009536,A000452,2025-11-07 19:43:00,70.49,debit,ach,dining,posted
T00009537,A000452,2025-09-16 03:32:00,66.46,debit,card,entertainment,posted
T00009538,A000452,2025-10-26 11:55:00,2226.35,credit,ach,,posted
T00009539,A000452,2025-12-11 03:09:00,87.4,debit,card,utilities,posted
T00009540,A000453,2025-09-21 21:29:00,20.56,debit,atm,grocery,posted
T00009541,A000453,2025-10-17 09:29:00,11.92,debit,p2p,healthcare,posted
T00009542,A000453,2025-12-08 07:12:00,18.95,debit,atm,entertainment,posted
T00009543,A000453,2025-06-23 15:30:00,3501.64,credit,ach,,posted
T00009544,A000453,2025-06-14 06:31:00,41.76,debit,ach,utilities,posted
T00009545,A000453,2025-09-24 18:36:00,2356.13,credit,ach,,posted
T00009546,A000453,2025-10-13 15:34:00,19.77,debit,ach,entertainment,posted
T00009547,A000453,2025-09-12 17:22:00,8.32,debit,atm,entertainment,posted
T00009548,A000453,2025-08-22 04:50:00,36.44,debit,card,utilities,posted
T00009549,A000453,2025-09-10 20:06:00,12.12,debit,card,healthcare,posted
T00009550,A000453,2025-11-25 09:21:00,1064.62,credit,ach,,posted
T00009551,A000453,2025-11-24 16:36:00,34.17,debit,ach,dining,posted
T00009552,A000453,2025-11-25 10:38:00,20.57,debit,p2p,travel,posted
T00009553,A000453,2025-06-12 22:40:00,12.76,debit,p2p,dining,declined
T00009554,A000453,2025-11-27 19:40:00,33.01,debit,p2p,entertainment,posted
T00009555,A000453,2025-11-01 15:50:00,1460.5,credit,ach,,posted
T00009556,A000453,2025-07-01 09:44:00,50.31,debit,atm,entertainment,posted
T00009557,A000453,2025-07-01 06:46:00,78.91,debit,ach,dining,posted
T00009558,A000453,2025-11-08 22:59:00,172.15,debit,card,travel,posted
T00009559,A000453,2025-12-05 13:04:00,66.3,debit,p2p,online_retail,posted
T00009560,A000453,2025-10-04 02:36:00,111.13,debit,card,dining,posted
T00009561,A000453,2025-06-26 12:42:00,1596.24,credit,ach,,posted
T00009562,A000453,2025-11-11 15:52:00,34.67,debit,p2p,entertainment,posted
T00009563,A000453,2025-07-24 11:14:00,2994.85,credit,ach,,posted
T00009564,A000453,2025-08-04 13:40:00,32.02,debit,card,entertainment,posted
T00009565,A000453,2025-06-17 04:17:00,12.17,debit,card,travel,posted
T00009566,A000453,2025-06-19 05:37:00,122.01,debit,card,utilities,posted
T00009567,A000453,2025-10-01 20:27:00,25.98,debit,card,utilities,posted
T00009568,A000453,2025-07-14 06:31:00,12.35,debit,atm,travel,posted
T00009569,A000453,2025-06-08 13:26:00,15.31,debit,ach,healthcare,posted
T00009570,A000453,2025-08-02 07:12:00,72.52,debit,atm,utilities,posted
T00009571,A000453,2025-08-29 21:19:00,37.87,debit,atm,online_retail,posted
T00009572,A000453,2025-12-28 21:41:00,1891.58,credit,ach,,posted
T00009573,A000453,2025-10-09 15:53:00,4.83,debit,card,fuel,posted
T00009574,A000453,2025-08-27 19:03:00,31.23,debit,card,online_retail,posted
T00009575,A000453,2025-07-05 22:21:00,3533.03,credit,ach,,posted
T00009576,A000453,2025-10-05 16:23:00,39.04,debit,card,utilities,posted
T00009577,A000453,2025-12-29 06:32:00,577.47,credit,ach,,posted
T00009578,A000453,2025-12-30 08:39:00,6.23,debit,card,dining,posted
T00009579,A000454,2025-06-03 21:21:00,41.25,debit,card,utilities,posted
T00009580,A000454,2025-07-16 13:21:00,12.73,debit,atm,online_retail,posted
T00009581,A000454,2025-03-18 02:45:00,29.23,debit,card,travel,declined
T00009582,A000454,2025-12-12 22:46:00,59.04,debit,ach,travel,reversed
T00009583,A000454,2025-10-23 08:07:00,11.72,debit,atm,grocery,posted
T00009584,A000454,2025-04-27 00:05:00,109.55,debit,card,dining,posted
T00009585,A000454,2025-10-16 20:58:00,1818.3,credit,ach,,posted
T00009586,A000454,2025-05-24 00:21:00,3881.76,credit,ach,,posted
T00009587,A000454,2025-06-25 05:46:00,16.42,debit,card,fuel,posted
T00009588,A000454,2025-09-16 05:47:00,44.59,debit,card,online_retail,declined
T00009589,A000454,2025-12-25 20:15:00,2358.38,credit,ach,,posted
T00009590,A000455,2025-10-28 21:45:00,54.43,debit,ach,entertainment,posted
T00009591,A000455,2025-09-28 23:03:00,1306.58,credit,ach,,posted
T00009592,A000455,2025-12-18 16:43:00,84.15,debit,card,utilities,posted
T00009593,A000455,2025-09-01 20:21:00,1966.45,credit,ach,,posted
T00009594,A000455,2025-10-01 23:12:00,12.14,debit,p2p,fuel,posted
T00009595,A000455,2025-08-21 12:53:00,52.75,debit,atm,dining,posted
T00009596,A000455,2025-11-24 20:49:00,91.89,debit,card,online_retail,posted
T00009597,A000455,2025-12-11 13:31:00,1028.91,credit,ach,,posted
T00009598,A000455,2025-10-23 14:34:00,16.79,debit,atm,travel,posted
T00009599,A000455,2025-11-04 17:33:00,90.2,debit,atm,fuel,posted
T00009600,A000455,2025-09-10 15:00:00,15.39,debit,ach,dining,posted
T00009601,A000455,2025-08-29 03:50:00,3441.58,credit,ach,,posted
T00009602,A000455,2025-09-16 16:52:00,2.92,debit,card,fuel,posted
T00009603,A000455,2025-12-17 06:46:00,73.09,debit,ach,utilities,posted
T00009604,A000455,2025-09-08 20:08:00,7.84,debit,p2p,travel,posted
T00009605,A000455,2025-11-05 23:46:00,10.82,debit,atm,fuel,posted
T00009606,A000455,2025-08-10 05:16:00,13.33,debit,card,travel,posted
T00009607,A000455,2025-11-23 07:45:00,43.34,debit,card,dining,posted
T00009608,A000455,2025-08-26 15:55:00,3664.64,credit,ach,,posted
T00009609,A000455,2025-11-13 07:52:00,526.42,debit,atm,dining,posted
T00009610,A000455,2025-08-18 14:40:00,22.72,debit,card,fuel,posted
T00009611,A000455,2025-08-19 02:27:00,6.77,debit,card,grocery,posted
T00009612,A000455,2025-09-03 04:01:00,27.14,debit,ach,entertainment,posted
T00009613,A000455,2025-11-11 16:39:00,19.73,debit,atm,healthcare,posted
T00009614,A000455,2025-11-21 08:07:00,1975.16,credit,ach,,posted
T00009615,A000455,2025-11-21 16:41:00,3427.58,credit,ach,,posted
T00009616,A000456,2025-08-08 07:04:00,32.8,debit,atm,utilities,posted
T00009617,A000456,2025-11-21 07:13:00,76.87,debit,card,entertainment,posted
T00009618,A000456,2025-09-05 20:54:00,97.72,debit,ach,grocery,posted
T00009619,A000456,2025-10-17 20:24:00,59.34,debit,card,grocery,posted
T00009620,A000456,2025-09-17 13:13:00,54.56,debit,p2p,utilities,posted
T00009621,A000456,2025-06-21 21:04:00,39.93,debit,card,utilities,posted
T00009622,A000456,2025-09-12 13:42:00,14.25,debit,card,travel,posted
T00009623,A000456,2025-06-16 04:21:00,5.83,debit,ach,travel,posted
T00009624,A000456,2025-11-13 11:07:00,54.91,debit,ach,grocery,posted
T00009625,A000456,2025-08-01 14:23:00,19.72,debit,card,grocery,reversed
T00009626,A000456,2025-07-27 08:16:00,62.69,debit,card,dining,posted
T00009627,A000456,2025-12-09 20:31:00,28.82,debit,p2p,online_retail,posted
T00009628,A000456,2025-10-28 07:36:00,4.05,debit,card,fuel,posted
T00009629,A000456,2025-06-26 03:34:00,8.22,debit,p2p,entertainment,posted
T00009630,A000457,2025-12-15 08:42:00,125.45,debit,p2p,fuel,posted
T00009631,A000457,2025-12-08 20:09:00,3602.43,credit,ach,,posted
T00009632,A000457,2025-12-13 00:40:00,16.76,debit,p2p,travel,posted
T00009633,A000457,2025-12-03 23:56:00,70.71,debit,card,fuel,posted
T00009634,A000457,2025-12-29 15:02:00,44.34,debit,card,entertainment,posted
T00009635,A000457,2025-12-04 21:40:00,24.72,debit,atm,entertainment,posted
T00009636,A000457,2025-12-20 22:37:00,3546.22,credit,ach,,posted
T00009637,A000457,2025-12-17 19:41:00,88.96,debit,card,dining,posted
T00009638,A000457,2025-12-22 18:35:00,24.08,debit,ach,fuel,posted
T00009639,A000457,2025-12-04 14:36:00,2921.52,credit,ach,,posted
T00009640,A000457,2025-11-30 03:53:00,25.95,debit,card,entertainment,posted
T00009641,A000457,2025-12-04 15:00:00,45.84,debit,card,entertainment,posted
T00009642,A000457,2025-12-03 04:36:00,275.63,debit,ach,entertainment,posted
T00009643,A000457,2025-12-05 08:09:00,53.79,debit,card,dining,posted
T00009644,A000457,2025-12-23 15:10:00,2445.02,credit,ach,,posted
T00009645,A000457,2025-12-08 20:26:00,10.69,debit,card,entertainment,posted
T00009646,A000457,2025-12-30 04:15:00,8.74,debit,card,online_retail,posted
T00009647,A000457,2025-12-16 13:24:00,463.25,debit,ach,healthcare,posted
T00009648,A000457,2025-12-09 16:30:00,47.06,debit,p2p,utilities,posted
T00009649,A000457,2025-12-15 23:23:00,33.5,debit,p2p,utilities,posted
T00009650,A000457,2025-12-17 15:27:00,50.57,debit,p2p,entertainment,posted
T00009651,A000457,2025-12-26 06:20:00,39.91,debit,ach,travel,posted
T00009652,A000457,2025-12-23 21:40:00,20.41,debit,ach,online_retail,posted
T00009653,A000457,2025-12-27 16:34:00,51.8,debit,p2p,dining,posted
T00009654,A000457,2025-12-17 20:50:00,1094.61,credit,ach,,posted
T00009655,A000457,2025-12-20 23:18:00,54.08,debit,p2p,travel,reversed
T00009656,A000457,2025-12-05 18:51:00,2928.45,credit,ach,,posted
T00009657,A000457,2025-12-10 17:48:00,163.45,debit,card,entertainment,posted
T00009658,A000457,2025-12-18 19:16:00,26.38,debit,p2p,fuel,posted
T00009659,A000457,2025-12-06 04:07:00,8.24,debit,atm,grocery,posted
T00009660,A000457,2025-11-30 04:38:00,883.7,credit,ach,,posted
T00009661,A000457,2025-11-30 18:50:00,22.16,debit,card,entertainment,posted
T00009662,A000458,2025-08-14 02:45:00,2860.81,credit,ach,,posted
T00009663,A000458,2025-05-30 08:05:00,2232.37,credit,ach,,posted
T00009664,A000458,2025-10-06 20:48:00,57.7,debit,ach,entertainment,posted
T00009665,A000458,2025-05-23 09:25:00,71.52,debit,atm,healthcare,posted
T00009666,A000458,2025-10-09 02:07:00,2444.05,credit,ach,,posted
T00009667,A000458,2025-10-02 22:57:00,8.18,debit,ach,travel,posted
T00009668,A000458,2025-06-11 14:13:00,31.91,debit,card,utilities,posted
T00009669,A000458,2025-05-03 08:29:00,3.66,debit,card,travel,posted
T00009670,A000458,2025-12-11 14:50:00,68.86,debit,atm,grocery,posted
T00009671,A000458,2025-06-03 21:13:00,7.11,debit,p2p,dining,posted
T00009672,A000458,2025-12-22 01:27:00,1214.39,credit,ach,,posted
T00009673,A000458,2025-07-08 19:27:00,54.05,debit,card,grocery,posted
T00009674,A000458,2025-10-16 19:45:00,15.22,debit,card,online_retail,posted
T00009675,A000458,2025-05-16 14:10:00,7.67,debit,ach,grocery,posted
T00009676,A000458,2025-10-23 17:38:00,2812.95,credit,ach,,posted
T00009677,A000458,2025-05-31 09:29:00,7.05,debit,p2p,fuel,posted
T00009678,A000458,2025-06-16 17:00:00,847.42,credit,ach,,posted
T00009679,A000458,2025-12-11 22:48:00,17.58,debit,card,entertainment,posted
T00009680,A000458,2025-12-25 05:26:00,15.29,debit,p2p,entertainment,posted
T00009681,A000458,2025-09-10 17:51:00,158.88,debit,atm,fuel,posted
T00009682,A000458,2025-09-12 17:37:00,22.77,debit,ach,dining,posted
T00009683,A000458,2025-12-31 10:51:00,3678.6,credit,ach,,posted
T00009684,A000459,2025-04-18 13:15:00,85.29,debit,p2p,grocery,posted
T00009685,A000459,2025-07-12 18:04:00,11.04,debit,card,fuel,posted
T00009686,A000459,2024-12-27 02:33:00,20.01,debit,card,dining,posted
T00009687,A000459,2025-07-26 01:45:00,10.93,debit,ach,online_retail,posted
T00009688,A000459,2024-11-28 12:40:00,18.26,debit,atm,online_retail,posted
T00009689,A000459,2025-05-02 03:35:00,49.75,debit,p2p,dining,posted
T00009690,A000459,2024-11-21 00:25:00,50.24,debit,p2p,dining,posted
T00009691,A000459,2024-11-12 04:09:00,2168.52,credit,ach,,posted
T00009692,A000459,2025-09-26 18:16:00,10.07,debit,card,online_retail,posted
T00009693,A000459,2025-01-27 04:16:00,88.13,debit,atm,healthcare,declined
T00009694,A000460,2025-11-02 04:00:00,228.06,debit,card,entertainment,posted
T00009695,A000460,2025-11-26 03:14:00,2572.89,credit,ach,,posted
T00009696,A000460,2025-12-14 07:09:00,56.84,debit,card,dining,posted
T00009697,A000460,2025-11-20 01:49:00,1023.1,credit,ach,,posted
T00009698,A000460,2025-10-17 17:07:00,17.5,debit,card,online_retail,posted
T00009699,A000460,2025-10-15 12:41:00,119.44,debit,atm,online_retail,posted
T00009700,A000460,2025-12-13 18:07:00,2798.9,credit,ach,,posted
T00009701,A000460,2025-10-16 10:30:00,19.05,debit,ach,fuel,posted
T00009702,A000460,2025-11-22 13:58:00,50.25,debit,card,fuel,posted
T00009703,A000460,2025-11-30 16:18:00,77.54,debit,card,fuel,posted
T00009704,A000460,2025-10-25 06:12:00,1779.01,credit,ach,,posted
T00009705,A000460,2025-11-08 14:06:00,25.83,debit,ach,dining,posted
T00009706,A000460,2025-10-20 03:27:00,22.2,debit,atm,fuel,declined
T00009707,A000460,2025-10-27 21:50:00,12.32,debit,card,entertainment,posted
T00009708,A000460,2025-11-28 05:39:00,3121.61,credit,ach,,posted
T00009709,A000460,2025-12-07 15:15:00,2705.57,credit,ach,,posted
T00009710,A000460,2025-11-04 18:12:00,136.99,debit,card,dining,posted
T00009711,A000460,2025-10-24 02:25:00,2305.82,credit,ach,,posted
T00009712,A000460,2025-10-29 03:27:00,20.79,debit,card,entertainment,posted
T00009713,A000460,2025-10-22 16:44:00,1636.25,credit,ach,,posted
T00009714,A000460,2025-12-20 11:13:00,33.08,debit,p2p,fuel,declined
T00009715,A000460,2025-10-23 11:41:00,84.31,debit,ach,dining,posted
T00009716,A000460,2025-10-30 00:04:00,2251.03,credit,ach,,posted
T00009717,A000460,2025-11-21 03:28:00,2780.3,credit,ach,,posted
T00009718,A000461,2025-12-20 12:04:00,15.27,debit,card,utilities,posted
T00009719,A000461,2025-10-31 21:41:00,308.07,debit,ach,online_retail,posted
T00009720,A000461,2025-12-18 21:53:00,75.15,debit,card,online_retail,posted
T00009721,A000461,2025-11-02 15:16:00,93.89,debit,card,utilities,posted
T00009722,A000461,2025-12-25 14:25:00,15.61,debit,card,healthcare,posted
T00009723,A000461,2025-12-17 00:53:00,17.38,debit,card,grocery,posted
T00009724,A000461,2025-10-11 19:05:00,2094.94,credit,ach,,posted
T00009725,A000461,2025-12-13 05:07:00,1919.26,credit,ach,,posted
T00009726,A000461,2025-11-04 06:32:00,9.0,debit,card,online_retail,posted
T00009727,A000461,2025-12-05 00:21:00,25.16,debit,card,online_retail,posted
T00009728,A000461,2025-11-26 10:03:00,1984.1,credit,ach,,posted
T00009729,A000461,2025-11-06 23:17:00,8.87,debit,atm,utilities,posted
T00009730,A000461,2025-11-07 18:39:00,791.32,credit,ach,,posted
T00009731,A000461,2025-12-10 06:30:00,974.29,debit,atm,grocery,posted
T00009732,A000461,2025-10-14 21:48:00,21.56,debit,p2p,online_retail,posted
T00009733,A000461,2025-11-13 21:33:00,50.66,debit,card,grocery,posted
T00009734,A000461,2025-11-02 05:56:00,11.72,debit,p2p,healthcare,posted
T00009735,A000462,2025-09-13 09:00:00,13.61,debit,card,dining,reversed
T00009736,A000462,2025-11-10 02:37:00,361.57,debit,card,fuel,posted
T00009737,A000462,2025-10-10 23:58:00,1300.97,credit,ach,,posted
T00009738,A000462,2025-11-25 13:00:00,2843.85,credit,ach,,posted
T00009739,A000462,2025-11-19 04:11:00,21.77,debit,p2p,online_retail,posted
T00009740,A000462,2025-12-04 15:22:00,301.62,debit,atm,utilities,posted
T00009741,A000462,2025-10-31 06:10:00,14.75,debit,card,travel,posted
T00009742,A000462,2025-12-28 09:25:00,35.66,debit,ach,travel,posted
T00009743,A000462,2025-09-26 12:23:00,104.52,debit,p2p,entertainment,posted
T00009744,A000462,2025-10-17 23:54:00,157.67,debit,card,fuel,posted
T00009745,A000462,2025-11-23 14:38:00,62.16,debit,card,grocery,posted
T00009746,A000462,2025-12-26 03:43:00,12.41,debit,card,grocery,posted
T00009747,A000462,2025-11-20 02:35:00,3170.99,credit,ach,,posted
T00009748,A000462,2025-09-28 12:03:00,301.64,debit,ach,travel,posted
T00009749,A000462,2025-12-29 03:28:00,71.91,debit,p2p,healthcare,posted
T00009750,A000462,2025-11-04 18:37:00,10.38,debit,ach,grocery,posted
T00009751,A000462,2025-11-07 23:17:00,38.03,debit,card,fuel,posted
T00009752,A000462,2025-11-28 15:54:00,15.87,debit,card,travel,posted
T00009753,A000462,2025-10-25 22:36:00,2426.06,credit,ach,,posted
T00009754,A000462,2025-09-12 05:07:00,21.98,debit,card,fuel,posted
T00009755,A000462,2025-09-11 09:18:00,62.46,debit,p2p,online_retail,posted
T00009756,A000462,2025-11-30 10:39:00,1890.85,credit,ach,,posted
T00009757,A000462,2025-10-23 08:56:00,74.68,debit,card,grocery,posted
T00009758,A000462,2025-10-20 18:21:00,16.26,debit,card,entertainment,posted
T00009759,A000462,2025-10-08 05:37:00,78.01,debit,card,dining,posted
T00009760,A000462,2025-09-16 19:37:00,58.78,debit,p2p,grocery,posted
T00009761,A000462,2025-12-30 04:58:00,19.44,debit,p2p,utilities,posted
T00009762,A000462,2025-10-14 06:59:00,97.42,debit,card,healthcare,posted
T00009763,A000462,2025-10-05 02:35:00,15.07,debit,atm,travel,posted
T00009764,A000462,2025-10-08 15:08:00,130.33,debit,card,healthcare,posted
T00009765,A000462,2025-10-27 11:40:00,5.49,debit,card,grocery,posted
T00009766,A000463,2025-08-06 22:21:00,102.44,debit,card,healthcare,posted
T00009767,A000463,2025-12-07 15:26:00,2485.99,credit,ach,,posted
T00009768,A000463,2025-11-01 05:59:00,40.46,debit,card,utilities,posted
T00009769,A000463,2025-09-26 07:45:00,57.72,debit,card,grocery,posted
T00009770,A000463,2025-11-28 05:43:00,44.24,debit,atm,online_retail,posted
T00009771,A000463,2025-06-27 15:02:00,55.52,debit,p2p,dining,posted
T00009772,A000463,2025-09-14 17:45:00,40.01,debit,ach,fuel,declined
T00009773,A000463,2025-09-25 18:05:00,198.82,debit,ach,grocery,posted
T00009774,A000463,2025-12-12 15:14:00,10.12,debit,atm,dining,posted
T00009775,A000463,2025-08-03 16:05:00,885.33,credit,ach,,posted
T00009776,A000463,2025-07-18 07:54:00,35.14,debit,card,fuel,posted
T00009777,A000463,2025-08-14 10:31:00,3729.75,credit,ach,,posted
T00009778,A000463,2025-09-02 01:16:00,18.07,debit,ach,fuel,posted
T00009779,A000463,2025-09-06 09:30:00,2795.67,credit,ach,,declined
T00009780,A000463,2025-10-25 13:41:00,38.1,debit,card,fuel,posted
T00009781,A000463,2025-10-18 10:07:00,40.42,debit,card,entertainment,posted
T00009782,A000463,2025-08-30 16:20:00,48.86,debit,ach,entertainment,posted
T00009783,A000463,2025-09-30 03:38:00,25.16,debit,ach,dining,posted
T00009784,A000463,2025-11-08 14:44:00,278.19,debit,card,utilities,posted
T00009785,A000463,2025-10-31 12:10:00,61.96,debit,card,entertainment,posted
T00009786,A000463,2025-07-19 12:46:00,3297.68,credit,ach,,posted
T00009787,A000463,2025-06-26 05:44:00,17.53,debit,atm,travel,posted
T00009788,A000463,2025-06-29 18:51:00,3169.05,credit,ach,,posted
T00009789,A000463,2025-09-25 15:14:00,21.91,debit,card,dining,posted
T00009790,A000464,2025-11-05 10:52:00,31.64,debit,ach,healthcare,posted
T00009791,A000464,2025-09-18 04:03:00,36.45,debit,card,online_retail,declined
T00009792,A000464,2025-07-19 14:02:00,8.47,debit,card,utilities,posted
T00009793,A000464,2025-08-14 02:01:00,501.45,credit,ach,,posted
T00009794,A000464,2025-12-12 02:25:00,71.78,debit,ach,dining,posted
T00009795,A000464,2025-09-25 06:33:00,61.6,debit,ach,online_retail,posted
T00009796,A000464,2025-11-24 18:41:00,3439.7,credit,ach,,posted
T00009797,A000464,2025-07-26 21:12:00,394.29,debit,card,healthcare,posted
T00009798,A000464,2025-09-11 14:57:00,734.55,credit,ach,,posted
T00009799,A000464,2025-10-26 01:08:00,138.42,debit,atm,travel,posted
T00009800,A000464,2025-11-29 15:49:00,418.19,debit,atm,fuel,posted
T00009801,A000464,2025-07-06 17:38:00,10.69,debit,card,online_retail,posted
T00009802,A000464,2025-12-31 09:39:00,1794.08,credit,ach,,declined
T00009803,A000464,2025-08-16 11:12:00,26.72,debit,atm,dining,posted
T00009804,A000464,2025-12-02 10:08:00,1942.05,credit,ach,,posted
T00009805,A000464,2025-10-24 10:15:00,2.7,debit,card,fuel,posted
T00009806,A000464,2025-09-05 22:24:00,83.72,debit,atm,utilities,posted
T00009807,A000464,2025-08-23 06:07:00,3352.56,credit,ach,,posted
T00009808,A000465,2025-11-16 22:43:00,3900.14,credit,ach,,posted
T00009809,A000465,2025-12-29 01:33:00,97.73,debit,card,grocery,posted
T00009810,A000465,2025-12-09 03:24:00,2277.45,credit,ach,,posted
T00009811,A000465,2025-11-09 20:52:00,24.3,debit,p2p,travel,posted
T00009812,A000465,2025-11-23 17:27:00,1981.33,credit,ach,,posted
T00009813,A000465,2025-11-09 04:34:00,742.29,credit,ach,,declined
T00009814,A000465,2025-12-02 01:31:00,32.13,debit,p2p,grocery,posted
T00009815,A000465,2025-10-30 14:35:00,16.28,debit,ach,dining,posted
T00009816,A000465,2025-10-29 23:27:00,110.18,debit,card,healthcare,posted
T00009817,A000465,2025-12-16 17:59:00,45.33,debit,card,travel,posted
T00009818,A000465,2025-12-23 13:04:00,1503.22,credit,ach,,posted
T00009819,A000465,2025-12-14 07:33:00,22.58,debit,p2p,entertainment,posted
T00009820,A000465,2025-12-06 09:13:00,2960.6,credit,ach,,posted
T00009821,A000465,2025-12-30 21:23:00,36.26,debit,p2p,travel,posted
T00009822,A000465,2025-12-18 05:11:00,13.7,debit,p2p,dining,posted
T00009823,A000465,2025-11-16 10:01:00,36.22,debit,ach,travel,posted
T00009824,A000465,2025-11-28 10:00:00,21.7,debit,atm,fuel,posted
T00009825,A000465,2025-11-14 14:33:00,1955.89,credit,ach,,posted
T00009826,A000466,2025-03-22 15:05:00,36.64,debit,card,entertainment,posted
T00009827,A000466,2025-12-20 16:43:00,160.17,debit,card,dining,posted
T00009828,A000466,2025-10-02 08:24:00,69.58,debit,card,fuel,posted
T00009829,A000466,2025-04-23 18:01:00,2602.83,credit,ach,,posted
T00009830,A000466,2025-08-30 02:27:00,12.59,debit,p2p,grocery,posted
T00009831,A000466,2024-10-11 00:43:00,2457.85,credit,ach,,posted
T00009832,A000466,2025-08-04 07:58:00,2761.49,credit,ach,,posted
T00009833,A000466,2025-12-25 21:28:00,9.61,debit,atm,entertainment,posted
T00009834,A000466,2024-05-03 06:48:00,2288.64,credit,ach,,posted
T00009835,A000466,2024-05-26 21:15:00,501.82,debit,card,fuel,posted
T00009836,A000466,2025-01-04 07:45:00,67.95,debit,card,dining,declined
T00009837,A000466,2024-04-29 21:22:00,28.49,debit,card,entertainment,posted
T00009838,A000466,2025-12-19 18:17:00,3216.89,credit,ach,,posted
T00009839,A000466,2025-09-22 16:28:00,15.15,debit,p2p,healthcare,posted
T00009840,A000466,2025-11-02 01:07:00,109.36,debit,card,dining,posted
T00009841,A000466,2025-06-23 12:53:00,1088.06,credit,ach,,posted
T00009842,A000466,2025-06-08 21:05:00,3631.13,credit,ach,,posted
T00009843,A000466,2025-04-23 12:22:00,590.69,credit,ach,,posted
T00009844,A000466,2025-06-07 07:39:00,21.66,debit,ach,online_retail,posted
T00009845,A000466,2025-05-08 16:42:00,1647.83,credit,ach,,posted
T00009846,A000466,2024-08-09 14:42:00,68.14,debit,p2p,online_retail,posted
T00009847,A000466,2024-05-19 13:34:00,6.12,debit,p2p,utilities,posted
T00009848,A000466,2024-12-26 20:33:00,14.96,debit,atm,healthcare,posted
T00009849,A000466,2025-02-18 13:18:00,17.84,debit,card,fuel,posted
T00009850,A000466,2024-09-01 11:59:00,2373.39,credit,ach,,posted
T00009851,A000466,2024-06-26 21:33:00,2058.18,credit,ach,,posted
T00009852,A000466,2024-11-13 07:03:00,34.44,debit,ach,dining,posted
T00009853,A000466,2025-08-14 19:43:00,13.33,debit,ach,travel,posted
T00009854,A000466,2025-07-15 22:09:00,9.12,debit,atm,utilities,posted
T00009855,A000466,2024-06-10 07:50:00,84.45,debit,card,dining,posted
T00009856,A000466,2025-06-28 18:29:00,44.12,debit,card,dining,posted
T00009857,A000466,2024-11-16 05:08:00,9.41,debit,card,utilities,posted
T00009858,A000466,2025-02-15 03:54:00,503.73,credit,ach,,posted
T00009859,A000466,2025-12-27 03:50:00,1210.57,credit,ach,,declined
T00009860,A000466,2025-06-05 16:04:00,6.15,debit,ach,travel,posted
T00009861,A000466,2025-07-17 10:36:00,3762.53,credit,ach,,posted
T00009862,A000467,2025-03-16 21:15:00,431.27,debit,ach,entertainment,posted
T00009863,A000467,2025-09-19 18:37:00,15.42,debit,ach,healthcare,posted
T00009864,A000467,2024-12-08 18:29:00,20.37,debit,card,utilities,posted
T00009865,A000467,2025-11-27 23:28:00,103.21,debit,card,healthcare,declined
T00009866,A000467,2024-11-20 03:48:00,3965.56,credit,ach,,posted
T00009867,A000467,2025-09-28 10:35:00,39.88,debit,ach,online_retail,posted
T00009868,A000467,2025-11-18 20:50:00,2947.93,credit,ach,,posted
T00009869,A000467,2025-05-16 01:11:00,17.36,debit,card,grocery,posted
T00009870,A000467,2025-08-09 08:47:00,60.68,debit,card,entertainment,posted
T00009871,A000467,2025-06-26 07:07:00,28.75,debit,card,entertainment,posted
T00009872,A000467,2025-04-18 15:50:00,68.31,debit,p2p,entertainment,posted
T00009873,A000467,2025-09-14 04:49:00,80.92,debit,p2p,grocery,posted
T00009874,A000467,2025-01-25 07:04:00,89.63,debit,card,utilities,posted
T00009875,A000467,2025-11-24 18:09:00,1074.95,credit,ach,,posted
T00009876,A000467,2025-12-23 21:50:00,6.2,debit,atm,healthcare,posted
T00009877,A000467,2025-12-03 12:16:00,1817.0,credit,ach,,posted
T00009878,A000467,2025-05-07 16:35:00,60.88,debit,p2p,grocery,posted
T00009879,A000467,2024-12-20 03:12:00,66.66,debit,atm,entertainment,posted
T00009880,A000467,2025-05-05 14:24:00,61.21,debit,card,travel,posted
T00009881,A000467,2025-08-02 02:09:00,48.48,debit,card,healthcare,reversed
T00009882,A000467,2025-06-06 21:39:00,45.08,debit,atm,healthcare,declined
T00009883,A000467,2025-12-02 22:07:00,41.49,debit,card,utilities,posted
T00009884,A000467,2025-01-26 21:43:00,3391.25,credit,ach,,posted
T00009885,A000467,2025-02-24 11:45:00,91.08,debit,card,entertainment,posted
T00009886,A000467,2025-05-27 12:38:00,560.26,debit,ach,travel,posted
T00009887,A000468,2025-04-20 02:00:00,24.09,debit,p2p,travel,posted
T00009888,A000468,2025-08-12 04:20:00,99.26,debit,card,grocery,posted
T00009889,A000468,2025-03-14 18:34:00,26.98,debit,card,healthcare,posted
T00009890,A000468,2025-08-22 19:14:00,18.94,debit,card,entertainment,posted
T00009891,A000468,2025-04-30 19:11:00,279.68,debit,p2p,fuel,posted
T00009892,A000468,2025-11-25 05:09:00,1536.62,credit,ach,,posted
T00009893,A000468,2025-08-11 22:07:00,15.49,debit,p2p,online_retail,posted
T00009894,A000468,2025-12-19 11:39:00,50.74,debit,ach,grocery,posted
T00009895,A000468,2025-06-18 16:27:00,39.25,debit,atm,entertainment,posted
T00009896,A000468,2025-05-11 23:31:00,6.44,debit,card,utilities,posted
T00009897,A000468,2025-03-06 16:53:00,1496.43,credit,ach,,posted
T00009898,A000468,2025-11-23 03:27:00,21.37,debit,ach,travel,posted
T00009899,A000468,2025-03-23 01:37:00,1109.0,credit,ach,,posted
T00009900,A000468,2025-04-09 23:14:00,105.95,debit,card,dining,posted
T00009901,A000468,2025-09-15 15:12:00,3022.93,credit,ach,,posted
T00009902,A000468,2025-07-24 12:04:00,162.16,debit,card,online_retail,posted
T00009903,A000468,2025-03-17 16:39:00,27.05,debit,atm,utilities,posted
T00009904,A000468,2025-05-16 20:44:00,1999.41,credit,ach,,declined
T00009905,A000468,2025-03-02 06:26:00,1859.8,credit,ach,,posted
T00009906,A000468,2025-06-20 16:18:00,8.79,debit,atm,healthcare,posted
T00009907,A000468,2025-10-28 20:49:00,124.79,debit,card,healthcare,posted
T00009908,A000468,2025-09-03 20:45:00,52.75,debit,card,fuel,posted
T00009909,A000468,2025-10-18 08:55:00,8.32,debit,ach,grocery,posted
T00009910,A000468,2025-12-12 13:20:00,13.11,debit,atm,fuel,posted
T00009911,A000468,2025-08-07 08:18:00,51.37,debit,ach,utilities,posted
T00009912,A000468,2025-07-28 18:15:00,1339.27,credit,ach,,posted
T00009913,A000468,2025-12-02 15:26:00,3522.68,credit,ach,,posted
T00009914,A000468,2025-08-06 19:16:00,101.91,debit,card,entertainment,posted
T00009915,A000470,2025-07-21 23:39:00,137.75,debit,p2p,grocery,posted
T00009916,A000470,2025-06-29 16:10:00,3198.48,credit,ach,,posted
T00009917,A000470,2025-10-10 09:24:00,36.49,debit,atm,travel,posted
T00009918,A000470,2025-09-29 15:34:00,59.74,debit,p2p,grocery,posted
T00009919,A000470,2025-12-04 06:48:00,46.39,debit,p2p,healthcare,posted
T00009920,A000470,2025-10-13 15:21:00,18.19,debit,card,travel,posted
T00009921,A000470,2025-11-02 15:11:00,36.3,debit,ach,travel,posted
T00009922,A000470,2025-07-10 18:49:00,195.19,debit,p2p,online_retail,posted
T00009923,A000470,2025-10-24 09:28:00,26.11,debit,card,online_retail,posted
T00009924,A000470,2025-07-08 22:23:00,67.63,debit,card,healthcare,posted
T00009925,A000470,2025-10-02 09:08:00,36.33,debit,p2p,grocery,posted
T00009926,A000470,2025-09-26 11:01:00,33.89,debit,p2p,online_retail,posted
T00009927,A000470,2025-12-15 00:47:00,488.64,debit,card,dining,posted
T00009928,A000470,2025-12-28 16:57:00,24.38,debit,card,healthcare,posted
T00009929,A000470,2025-08-07 16:55:00,14.97,debit,card,grocery,posted
T00009930,A000470,2025-12-24 14:47:00,37.43,debit,card,grocery,posted
T00009931,A000470,2025-09-24 08:06:00,1205.69,credit,ach,,posted
T00009932,A000470,2025-11-25 19:24:00,82.14,debit,card,dining,posted
T00009933,A000471,2025-07-30 04:40:00,14.38,debit,card,fuel,posted
T00009934,A000471,2025-12-09 09:00:00,22.67,debit,card,online_retail,posted
T00009935,A000471,2025-08-09 14:46:00,54.59,debit,ach,travel,posted
T00009936,A000471,2025-09-16 03:34:00,78.24,debit,p2p,online_retail,posted
T00009937,A000471,2025-12-20 04:12:00,41.08,debit,card,online_retail,posted
T00009938,A000471,2025-12-17 20:33:00,39.68,debit,card,entertainment,posted
T00009939,A000471,2025-12-24 12:31:00,46.57,debit,card,travel,posted
T00009940,A000471,2025-12-07 12:43:00,12.22,debit,p2p,healthcare,posted
T00009941,A000471,2025-11-03 03:19:00,1261.57,credit,ach,,posted
T00009942,A000471,2025-12-21 11:30:00,21.56,debit,card,entertainment,posted
T00009943,A000472,2025-02-06 11:35:00,38.03,debit,ach,healthcare,posted
T00009944,A000472,2024-09-22 12:51:00,74.73,debit,card,entertainment,posted
T00009945,A000472,2025-05-24 14:15:00,3191.97,credit,ach,,posted
T00009946,A000472,2025-03-27 11:28:00,26.05,debit,atm,utilities,posted
T00009947,A000472,2024-11-24 14:53:00,2243.34,credit,ach,,posted
T00009948,A000472,2025-12-18 21:31:00,17.1,debit,card,healthcare,posted
T00009949,A000472,2025-10-19 13:05:00,5.63,debit,ach,travel,posted
T00009950,A000472,2025-07-21 11:02:00,11.78,debit,p2p,entertainment,posted
T00009951,A000472,2025-09-30 03:16:00,30.63,debit,card,dining,posted
T00009952,A000472,2025-07-10 21:46:00,53.59,debit,card,travel,posted
T00009953,A000472,2025-05-22 11:30:00,75.32,debit,ach,online_retail,posted
T00009954,A000472,2025-03-07 08:16:00,28.94,debit,p2p,utilities,posted
T00009955,A000472,2025-12-04 06:39:00,66.04,debit,card,grocery,posted
T00009956,A000472,2025-10-19 22:50:00,32.22,debit,card,utilities,posted
T00009957,A000472,2024-11-07 01:32:00,49.95,debit,p2p,online_retail,posted
T00009958,A000472,2025-06-20 00:17:00,10.59,debit,ach,travel,posted
T00009959,A000472,2025-02-13 23:40:00,25.3,debit,atm,fuel,posted
T00009960,A000472,2025-12-09 11:05:00,1491.67,credit,ach,,posted
T00009961,A000472,2025-04-07 08:38:00,30.52,debit,atm,healthcare,posted
T00009962,A000472,2024-10-18 10:47:00,14.5,debit,card,grocery,posted
T00009963,A000473,2025-12-29 22:25:00,27.95,debit,card,entertainment,posted
T00009964,A000473,2025-07-29 10:06:00,10.63,debit,card,fuel,posted
T00009965,A000473,2025-12-30 14:52:00,0.85,debit,card,healthcare,posted
T00009966,A000473,2025-03-03 20:29:00,3476.26,credit,ach,,posted
T00009967,A000473,2025-09-07 20:58:00,21.36,debit,p2p,entertainment,posted
T00009968,A000473,2025-12-27 07:00:00,108.08,debit,p2p,dining,posted
T00009969,A000473,2025-01-24 19:56:00,1091.37,credit,ach,,posted
T00009970,A000473,2025-07-26 10:48:00,4.0,debit,card,entertainment,posted
T00009971,A000473,2025-10-10 15:00:00,28.63,debit,ach,healthcare,posted
T00009972,A000473,2025-12-20 08:21:00,34.59,debit,card,entertainment,posted
T00009973,A000473,2025-05-06 18:37:00,94.06,debit,card,fuel,posted
T00009974,A000473,2025-10-04 18:30:00,73.58,debit,card,healthcare,posted
T00009975,A000474,2025-11-02 23:15:00,5.73,debit,p2p,fuel,posted
T00009976,A000474,2025-12-11 23:09:00,51.42,debit,card,dining,declined
T00009977,A000474,2025-12-05 11:25:00,11.56,debit,atm,healthcare,posted
T00009978,A000474,2025-10-19 10:27:00,3839.53,credit,ach,,posted
T00009979,A000474,2025-12-15 21:57:00,8.6,debit,card,travel,posted
T00009980,A000474,2025-12-28 07:46:00,11.31,debit,ach,entertainment,declined
T00009981,A000474,2025-12-20 15:46:00,117.75,debit,p2p,grocery,posted
T00009982,A000474,2025-12-21 09:45:00,34.18,debit,card,dining,posted
T00009983,A000474,2025-12-05 19:52:00,78.33,debit,card,fuel,posted
T00009984,A000474,2025-11-08 09:36:00,6.7,debit,p2p,grocery,posted
T00009985,A000474,2025-11-29 06:26:00,1475.31,credit,ach,,posted
T00009986,A000474,2025-10-19 11:04:00,190.6,debit,ach,entertainment,posted
T00009987,A000474,2025-11-15 09:03:00,92.5,debit,ach,online_retail,posted
T00009988,A000474,2025-12-12 20:47:00,19.53,debit,p2p,fuel,posted
T00009989,A000474,2025-12-09 13:34:00,1826.12,credit,ach,,posted
T00009990,A000474,2025-10-28 11:10:00,9.59,debit,ach,entertainment,posted
T00009991,A000474,2025-12-06 05:51:00,13.4,debit,card,utilities,posted
T00009992,A000474,2025-12-05 19:31:00,23.52,debit,card,utilities,posted
T00009993,A000474,2025-12-17 19:26:00,25.88,debit,p2p,entertainment,posted
T00009994,A000474,2025-12-05 20:35:00,1920.15,credit,ach,,posted
T00009995,A000474,2025-12-28 02:36:00,35.75,debit,ach,healthcare,posted
T00009996,A000474,2025-11-06 03:22:00,110.31,debit,ach,grocery,posted
T00009997,A000474,2025-12-11 07:17:00,87.91,debit,atm,travel,posted
T00009998,A000474,2025-10-28 21:31:00,3.55,debit,p2p,utilities,declined
T00009999,A000474,2025-12-15 00:46:00,32.01,debit,card,grocery,posted
T00010000,A000474,2025-12-03 17:58:00,1881.86,credit,ach,,posted
T00010001,A000474,2025-12-17 10:23:00,5.43,debit,ach,healthcare,posted
T00010002,A000474,2025-10-26 10:55:00,104.3,debit,p2p,grocery,posted
T00010003,A000474,2025-12-15 19:35:00,24.9,debit,card,travel,posted
T00010004,A000474,2025-12-27 22:04:00,51.62,debit,card,grocery,posted
T00010005,A000474,2025-12-08 06:43:00,45.16,debit,card,online_retail,posted
T00010006,A000474,2025-11-07 02:31:00,43.32,debit,card,dining,posted
T00010007,A000474,2025-12-08 13:55:00,77.73,debit,card,healthcare,posted
T00010008,A000475,2025-11-18 13:47:00,73.43,debit,ach,fuel,declined
T00010009,A000475,2025-12-25 12:16:00,2616.98,credit,ach,,posted
T00010010,A000475,2025-11-21 04:29:00,25.13,debit,card,utilities,posted
T00010011,A000475,2025-11-10 03:54:00,15.43,debit,ach,healthcare,posted
T00010012,A000475,2025-12-06 04:02:00,12.17,debit,ach,utilities,posted
T00010013,A000475,2025-11-01 14:01:00,682.19,credit,ach,,posted
T00010014,A000475,2025-12-29 18:58:00,209.43,debit,ach,healthcare,posted
T00010015,A000475,2025-12-26 20:01:00,85.18,debit,ach,grocery,posted
T00010016,A000475,2025-12-14 04:57:00,45.42,debit,card,utilities,posted
T00010017,A000475,2025-10-23 23:49:00,51.26,debit,p2p,entertainment,posted
T00010018,A000476,2025-03-06 13:07:00,37.12,debit,p2p,healthcare,posted
T00010019,A000476,2025-07-10 06:40:00,34.1,debit,atm,online_retail,posted
T00010020,A000476,2025-07-04 02:01:00,179.77,debit,card,fuel,posted
T00010021,A000476,2025-08-07 14:22:00,84.64,debit,ach,fuel,posted
T00010022,A000476,2025-06-18 09:45:00,34.97,debit,atm,utilities,posted
T00010023,A000476,2025-05-22 08:00:00,107.0,debit,card,entertainment,posted
T00010024,A000476,2025-10-29 10:29:00,9.62,debit,card,healthcare,posted
T00010025,A000476,2025-05-14 02:23:00,3382.27,credit,ach,,posted
T00010026,A000476,2025-08-08 16:03:00,38.07,debit,ach,fuel,posted
T00010027,A000476,2025-08-23 14:46:00,6.46,debit,p2p,healthcare,posted
T00010028,A000476,2025-06-23 02:52:00,3531.24,credit,ach,,posted
T00010029,A000476,2025-10-20 07:45:00,7.67,debit,card,dining,posted
T00010030,A000476,2025-10-21 06:44:00,129.98,debit,p2p,online_retail,declined
T00010031,A000476,2025-12-12 12:22:00,1530.58,credit,ach,,posted
T00010032,A000476,2025-03-06 12:17:00,106.69,debit,ach,healthcare,posted
T00010033,A000476,2025-10-01 18:55:00,75.82,debit,atm,travel,posted
T00010034,A000476,2025-10-30 09:35:00,1637.57,credit,ach,,posted
T00010035,A000476,2025-02-07 03:49:00,83.9,debit,ach,travel,posted
T00010036,A000476,2025-06-20 02:37:00,148.64,debit,p2p,travel,posted
T00010037,A000476,2025-07-18 18:20:00,15.06,debit,ach,utilities,posted
T00010038,A000476,2025-09-20 22:28:00,11.35,debit,ach,travel,posted
T00010039,A000476,2025-02-26 06:54:00,12.02,debit,atm,dining,posted
T00010040,A000476,2025-10-27 05:38:00,105.06,debit,card,utilities,posted
T00010041,A000476,2025-09-21 23:44:00,111.32,debit,ach,travel,posted
T00010042,A000476,2025-07-21 23:30:00,671.72,credit,ach,,posted
T00010043,A000476,2025-12-12 00:39:00,2859.17,credit,ach,,posted
T00010044,A000476,2025-04-08 16:02:00,3096.01,credit,ach,,posted
T00010045,A000476,2025-11-17 17:49:00,6.25,debit,card,fuel,posted
T00010046,A000476,2025-07-10 17:52:00,13.9,debit,ach,entertainment,posted
T00010047,A000476,2025-12-21 05:27:00,13.71,debit,card,online_retail,posted
T00010048,A000476,2025-10-26 08:15:00,20.34,debit,atm,utilities,posted
T00010049,A000476,2025-09-05 08:48:00,15.48,debit,card,grocery,declined
T00010050,A000476,2025-06-10 23:15:00,3621.0,credit,ach,,posted
T00010051,A000477,2025-11-07 15:34:00,89.87,debit,card,online_retail,posted
T00010052,A000477,2025-12-18 09:50:00,252.67,debit,p2p,online_retail,posted
T00010053,A000477,2025-10-18 09:38:00,129.97,debit,card,entertainment,posted
T00010054,A000477,2025-12-09 12:01:00,260.37,debit,card,grocery,posted
T00010055,A000477,2025-10-16 03:57:00,3.75,debit,card,utilities,posted
T00010056,A000477,2025-10-07 07:57:00,97.03,debit,ach,utilities,posted
T00010057,A000477,2025-11-20 23:03:00,49.97,debit,p2p,healthcare,posted
T00010058,A000477,2025-10-13 15:16:00,111.97,debit,ach,entertainment,posted
T00010059,A000477,2025-11-18 09:09:00,2395.44,credit,ach,,posted
T00010060,A000477,2025-10-28 09:31:00,92.88,debit,card,entertainment,posted
T00010061,A000477,2025-11-22 21:22:00,20.27,debit,p2p,utilities,posted
T00010062,A000477,2025-12-19 12:11:00,98.14,debit,atm,dining,posted
T00010063,A000477,2025-10-30 03:15:00,65.96,debit,ach,entertainment,posted
T00010064,A000477,2025-11-09 21:52:00,1.66,debit,atm,fuel,posted
T00010065,A000477,2025-10-19 10:17:00,21.33,debit,p2p,travel,reversed
T00010066,A000477,2025-11-10 21:28:00,20.2,debit,card,grocery,posted
T00010067,A000477,2025-12-08 20:49:00,91.33,debit,card,grocery,posted
T00010068,A000477,2025-10-25 05:28:00,17.67,debit,atm,online_retail,posted
T00010069,A000477,2025-11-03 01:16:00,114.76,debit,atm,utilities,posted
T00010070,A000477,2025-11-27 18:27:00,836.37,credit,ach,,posted
T00010071,A000477,2025-12-20 19:25:00,12.85,debit,card,healthcare,posted
T00010072,A000477,2025-12-14 21:51:00,3617.05,credit,ach,,posted
T00010073,A000477,2025-10-24 18:04:00,70.52,debit,card,healthcare,posted
T00010074,A000478,2025-10-10 02:28:00,16.92,debit,ach,healthcare,posted
T00010075,A000478,2025-12-06 00:36:00,1321.38,credit,ach,,posted
T00010076,A000478,2025-10-14 16:30:00,695.03,credit,ach,,posted
T00010077,A000478,2025-10-27 02:14:00,29.88,debit,p2p,grocery,posted
T00010078,A000478,2025-10-19 23:33:00,56.88,debit,card,online_retail,posted
T00010079,A000478,2025-11-18 22:30:00,2363.24,credit,ach,,posted
T00010080,A000478,2025-12-19 23:33:00,3674.91,credit,ach,,posted
T00010081,A000478,2025-10-24 01:44:00,2949.28,credit,ach,,posted
T00010082,A000478,2025-12-26 11:56:00,3.82,debit,card,healthcare,posted
T00010083,A000478,2025-10-11 05:32:00,39.84,debit,p2p,utilities,posted
T00010084,A000478,2025-12-13 12:15:00,11.78,debit,p2p,fuel,posted
T00010085,A000478,2025-10-27 03:07:00,4.23,debit,ach,online_retail,posted
T00010086,A000479,2025-12-22 11:25:00,18.52,debit,card,grocery,posted
T00010087,A000479,2025-12-04 04:36:00,23.47,debit,card,dining,posted
T00010088,A000479,2025-12-17 19:31:00,29.68,debit,card,dining,posted
T00010089,A000479,2025-11-17 04:12:00,6.71,debit,p2p,fuel,posted
T00010090,A000479,2025-12-12 21:54:00,17.65,debit,atm,entertainment,posted
T00010091,A000479,2025-12-09 10:48:00,26.82,debit,ach,dining,posted
T00010092,A000479,2025-11-30 19:00:00,1867.02,credit,ach,,posted
T00010093,A000479,2025-12-19 04:06:00,125.05,debit,p2p,grocery,posted
T00010094,A000480,2025-12-29 18:27:00,3836.05,credit,ach,,declined
T00010095,A000480,2025-12-22 20:07:00,189.68,debit,p2p,fuel,posted
T00010096,A000480,2025-12-13 03:37:00,199.85,debit,card,healthcare,posted
T00010097,A000480,2025-12-12 21:01:00,25.13,debit,atm,entertainment,posted
T00010098,A000480,2025-11-27 04:11:00,21.53,debit,p2p,grocery,posted
T00010099,A000480,2025-11-28 11:34:00,21.73,debit,card,dining,posted
T00010100,A000480,2025-12-07 03:46:00,51.15,debit,atm,fuel,posted
T00010101,A000480,2025-12-16 05:20:00,59.49,debit,card,entertainment,posted
T00010102,A000480,2025-12-02 12:02:00,72.28,debit,p2p,entertainment,posted
T00010103,A000480,2025-12-03 17:35:00,149.56,debit,card,healthcare,posted
T00010104,A000480,2025-12-09 21:33:00,16.23,debit,atm,healthcare,posted
T00010105,A000480,2025-12-15 19:21:00,9.47,debit,card,healthcare,posted
T00010106,A000480,2025-12-13 17:42:00,9.17,debit,atm,dining,posted
T00010107,A000480,2025-12-03 19:47:00,9.26,debit,atm,travel,posted
T00010108,A000480,2025-12-23 12:32:00,50.31,debit,atm,grocery,posted
T00010109,A000480,2025-12-02 11:45:00,61.02,debit,card,fuel,posted
T00010110,A000480,2025-12-06 00:26:00,110.25,debit,card,online_retail,posted
T00010111,A000480,2025-12-10 20:59:00,1632.77,credit,ach,,posted
T00010112,A000480,2025-12-22 06:25:00,37.04,debit,card,utilities,posted
T00010113,A000480,2025-12-02 00:09:00,76.26,debit,p2p,fuel,posted
T00010114,A000480,2025-12-08 13:13:00,3594.08,credit,ach,,posted
T00010115,A000480,2025-11-24 05:35:00,52.53,debit,atm,utilities,posted
T00010116,A000480,2025-12-19 07:48:00,6.66,debit,card,entertainment,posted
T00010117,A000480,2025-12-26 12:41:00,3801.79,credit,ach,,posted
T00010118,A000480,2025-12-08 06:13:00,886.56,credit,ach,,posted
T00010119,A000480,2025-12-25 18:25:00,29.09,debit,atm,entertainment,posted
T00010120,A000481,2025-08-15 18:34:00,42.13,debit,card,grocery,posted
T00010121,A000481,2025-06-28 09:49:00,1280.03,credit,ach,,posted
T00010122,A000481,2025-11-08 18:39:00,119.04,debit,ach,grocery,posted
T00010123,A000481,2025-07-18 17:04:00,19.2,debit,ach,travel,posted
T00010124,A000481,2025-12-04 03:46:00,28.36,debit,ach,utilities,posted
T00010125,A000481,2025-09-23 16:50:00,3021.93,credit,ach,,posted
T00010126,A000481,2025-12-18 15:43:00,20.44,debit,card,entertainment,posted
T00010127,A000481,2025-07-29 23:59:00,1365.43,credit,ach,,posted
T00010128,A000481,2025-12-11 13:02:00,30.24,debit,card,online_retail,posted
T00010129,A000481,2025-12-18 14:35:00,15.78,debit,p2p,utilities,posted
T00010130,A000481,2025-10-12 22:08:00,58.01,debit,card,grocery,posted
T00010131,A000481,2025-09-12 16:35:00,10.11,debit,card,fuel,posted
T00010132,A000481,2025-10-20 11:38:00,107.47,debit,atm,entertainment,posted
T00010133,A000481,2025-11-16 14:57:00,1142.4,credit,ach,,posted
T00010134,A000481,2025-07-27 09:17:00,68.13,debit,card,travel,posted
T00010135,A000481,2025-10-19 01:45:00,95.29,debit,card,utilities,declined
T00010136,A000481,2025-07-14 16:30:00,31.79,debit,card,healthcare,posted
T00010137,A000482,2025-10-27 21:07:00,99.79,debit,p2p,healthcare,posted
T00010138,A000482,2025-12-18 00:05:00,58.63,debit,card,dining,posted
T00010139,A000482,2025-07-11 20:06:00,6.53,debit,ach,utilities,posted
T00010140,A000482,2025-07-11 15:39:00,37.22,debit,card,entertainment,posted
T00010141,A000482,2025-09-22 04:58:00,3694.48,credit,ach,,posted
T00010142,A000482,2025-07-06 19:31:00,27.6,debit,ach,utilities,posted
T00010143,A000482,2025-07-02 01:28:00,1232.02,credit,ach,,posted
T00010144,A000482,2025-08-01 10:50:00,41.69,debit,ach,fuel,posted
T00010145,A000482,2025-08-02 16:20:00,32.19,debit,card,entertainment,posted
T00010146,A000482,2025-09-26 01:40:00,27.34,debit,p2p,entertainment,posted
T00010147,A000482,2025-12-20 10:01:00,10.15,debit,ach,fuel,posted
T00010148,A000482,2025-10-21 12:28:00,29.61,debit,ach,online_retail,posted
T00010149,A000482,2025-08-22 01:53:00,19.0,debit,ach,utilities,posted
T00010150,A000482,2025-09-25 02:42:00,98.37,debit,card,travel,posted
T00010151,A000482,2025-09-30 23:45:00,2.58,debit,p2p,dining,posted
T00010152,A000482,2025-11-12 08:13:00,11.97,debit,card,travel,posted
T00010153,A000482,2025-11-11 15:56:00,12.96,debit,p2p,travel,posted
T00010154,A000482,2025-09-08 22:07:00,108.42,debit,card,dining,posted
T00010155,A000482,2025-12-12 17:33:00,1568.8,credit,ach,,posted
T00010156,A000482,2025-07-07 03:39:00,2110.79,credit,ach,,posted
T00010157,A000482,2025-12-21 20:32:00,83.57,debit,card,dining,posted
T00010158,A000482,2025-08-08 18:56:00,188.43,debit,atm,dining,posted
T00010159,A000482,2025-06-24 01:17:00,10.82,debit,atm,healthcare,posted
T00010160,A000482,2025-12-07 18:44:00,26.13,debit,card,healthcare,posted
T00010161,A000482,2025-09-27 03:16:00,3151.69,credit,ach,,posted
T00010162,A000482,2025-08-31 20:16:00,3354.12,credit,ach,,posted
T00010163,A000482,2025-06-30 00:21:00,9.71,debit,p2p,entertainment,posted
T00010164,A000482,2025-11-07 12:39:00,73.03,debit,card,online_retail,posted
T00010165,A000482,2025-08-24 18:55:00,937.98,debit,atm,utilities,posted
T00010166,A000482,2025-12-01 14:03:00,16.72,debit,card,grocery,posted
T00010167,A000482,2025-07-19 01:10:00,49.46,debit,p2p,healthcare,posted
T00010168,A000482,2025-12-11 07:35:00,22.55,debit,card,grocery,posted
T00010169,A000483,2025-12-04 11:28:00,11.25,debit,ach,fuel,posted
T00010170,A000483,2025-10-30 06:04:00,1485.33,credit,ach,,posted
T00010171,A000483,2025-11-09 12:22:00,1324.65,credit,ach,,posted
T00010172,A000483,2025-12-28 14:34:00,15.32,debit,card,fuel,posted
T00010173,A000483,2025-11-30 11:51:00,67.52,debit,atm,fuel,posted
T00010174,A000483,2025-12-04 14:45:00,13.98,debit,atm,utilities,posted
T00010175,A000483,2025-12-11 11:44:00,12.33,debit,card,entertainment,posted
T00010176,A000483,2025-11-12 20:39:00,53.71,debit,card,utilities,posted
T00010177,A000483,2025-11-13 15:49:00,3101.85,credit,ach,,posted
T00010178,A000483,2025-10-29 06:06:00,106.81,debit,card,travel,posted
T00010179,A000483,2025-12-21 22:48:00,36.75,debit,ach,entertainment,posted
T00010180,A000483,2025-11-26 00:10:00,29.3,debit,p2p,grocery,posted
T00010181,A000483,2025-10-24 02:07:00,858.99,credit,ach,,posted
T00010182,A000483,2025-10-20 11:10:00,35.39,debit,ach,dining,posted
T00010183,A000483,2025-12-20 15:57:00,40.76,debit,card,healthcare,posted
T00010184,A000483,2025-12-16 20:40:00,23.09,debit,p2p,travel,posted
T00010185,A000483,2025-12-29 06:48:00,1252.16,credit,ach,,posted
T00010186,A000483,2025-10-30 13:03:00,1012.95,credit,ach,,posted
T00010187,A000483,2025-11-05 22:51:00,2437.34,credit,ach,,declined
T00010188,A000483,2025-11-09 22:29:00,25.68,debit,atm,dining,posted
T00010189,A000483,2025-12-27 07:10:00,22.83,debit,card,travel,declined
T00010190,A000484,2025-07-02 07:39:00,16.68,debit,card,fuel,posted
T00010191,A000484,2025-07-03 04:16:00,618.62,credit,ach,,posted
T00010192,A000484,2025-11-26 15:17:00,25.47,debit,atm,utilities,declined
T00010193,A000484,2025-06-30 17:12:00,76.67,debit,ach,grocery,posted
T00010194,A000484,2025-06-10 23:46:00,122.52,debit,p2p,online_retail,posted
T00010195,A000484,2025-05-04 10:08:00,13.53,debit,card,utilities,posted
T00010196,A000484,2025-11-11 14:49:00,19.26,debit,p2p,healthcare,posted
T00010197,A000484,2025-08-31 21:31:00,22.31,debit,card,travel,posted
T00010198,A000484,2025-12-21 18:27:00,14.74,debit,atm,entertainment,posted
T00010199,A000484,2025-12-10 12:13:00,1075.27,credit,ach,,posted
T00010200,A000484,2025-06-02 14:48:00,162.58,debit,card,fuel,posted
T00010201,A000484,2025-10-05 03:55:00,12.92,debit,p2p,healthcare,posted
T00010202,A000484,2025-08-22 18:10:00,19.3,debit,atm,fuel,posted
T00010203,A000484,2025-06-11 04:20:00,11.18,debit,card,healthcare,posted
T00010204,A000484,2025-06-19 21:58:00,11.46,debit,card,entertainment,posted
T00010205,A000484,2025-09-22 12:12:00,112.44,debit,atm,utilities,posted
T00010206,A000484,2025-09-27 13:29:00,9.7,debit,card,entertainment,posted
T00010207,A000484,2025-11-01 12:31:00,18.61,debit,p2p,online_retail,posted
T00010208,A000484,2025-07-17 20:35:00,3922.44,credit,ach,,posted
T00010209,A000484,2025-11-18 16:32:00,13.14,debit,atm,utilities,posted
T00010210,A000484,2025-06-20 06:42:00,22.1,debit,card,healthcare,declined
T00010211,A000484,2025-11-13 09:43:00,39.98,debit,p2p,online_retail,declined
T00010212,A000484,2025-07-20 02:19:00,45.44,debit,atm,fuel,posted
T00010213,A000484,2025-08-04 01:47:00,47.32,debit,card,fuel,posted
T00010214,A000484,2025-05-20 13:37:00,51.53,debit,card,entertainment,posted
T00010215,A000484,2025-11-02 21:48:00,1566.16,credit,ach,,posted
T00010216,A000484,2025-07-06 15:59:00,131.75,debit,ach,grocery,posted
T00010217,A000484,2025-12-06 00:44:00,662.04,credit,ach,,posted
T00010218,A000484,2025-05-16 10:28:00,62.7,debit,atm,dining,posted
T00010219,A000484,2025-11-07 19:49:00,1251.38,credit,ach,,posted
T00010220,A000484,2025-06-20 18:50:00,47.88,debit,p2p,grocery,posted
T00010221,A000484,2025-06-23 12:09:00,54.43,debit,p2p,dining,posted
T00010222,A000484,2025-12-22 01:06:00,174.26,debit,card,dining,posted
T00010223,A000484,2025-08-30 13:17:00,3122.39,credit,ach,,posted
T00010224,A000484,2025-09-28 13:02:00,23.73,debit,atm,online_retail,posted
T00010225,A000484,2025-11-18 20:04:00,2060.79,credit,ach,,posted
T00010226,A000484,2025-07-29 17:47:00,34.35,debit,card,grocery,posted
T00010227,A000485,2025-08-29 09:04:00,21.45,debit,card,grocery,posted
T00010228,A000485,2025-09-17 06:36:00,3591.89,credit,ach,,posted
T00010229,A000485,2025-11-21 01:01:00,108.27,debit,ach,entertainment,posted
T00010230,A000485,2025-11-18 01:17:00,1605.89,credit,ach,,posted
T00010231,A000485,2025-06-04 19:36:00,19.16,debit,atm,healthcare,posted
T00010232,A000485,2025-10-12 17:09:00,57.07,debit,atm,entertainment,posted
T00010233,A000485,2025-12-03 19:53:00,2068.91,credit,ach,,posted
T00010234,A000485,2025-09-02 06:18:00,31.05,debit,atm,grocery,posted
T00010235,A000485,2025-10-30 21:37:00,40.45,debit,card,entertainment,posted
T00010236,A000485,2025-06-10 15:56:00,2270.2,credit,ach,,posted
T00010237,A000485,2025-11-06 02:24:00,118.25,debit,ach,healthcare,posted
T00010238,A000485,2025-12-08 03:40:00,2057.51,credit,ach,,posted
T00010239,A000485,2025-08-14 04:15:00,3236.13,credit,ach,,posted
T00010240,A000485,2025-06-10 18:54:00,3.63,debit,atm,online_retail,posted
T00010241,A000485,2025-06-13 05:26:00,20.99,debit,card,dining,posted
T00010242,A000485,2025-11-18 05:45:00,1252.01,credit,ach,,posted
T00010243,A000485,2025-05-30 03:31:00,36.45,debit,card,online_retail,posted
T00010244,A000485,2025-11-06 17:22:00,44.71,debit,card,healthcare,posted
T00010245,A000485,2025-12-17 01:44:00,1688.46,credit,ach,,posted
T00010246,A000485,2025-05-31 08:13:00,20.5,debit,card,online_retail,posted
T00010247,A000485,2025-06-03 02:50:00,149.38,debit,p2p,fuel,posted
T00010248,A000485,2025-09-01 01:22:00,28.87,debit,card,entertainment,posted
T00010249,A000485,2025-06-27 06:51:00,25.78,debit,card,utilities,posted
T00010250,A000485,2025-06-02 04:46:00,111.23,debit,card,online_retail,posted
T00010251,A000485,2025-11-10 18:24:00,181.36,debit,card,utilities,posted
T00010252,A000485,2025-06-17 13:37:00,30.92,debit,atm,fuel,posted
T00010253,A000485,2025-08-27 19:00:00,9.12,debit,atm,travel,posted
T00010254,A000485,2025-05-23 22:24:00,45.83,debit,p2p,travel,posted
T00010255,A000485,2025-09-13 13:54:00,165.82,debit,p2p,dining,posted
T00010256,A000485,2025-12-03 10:19:00,25.73,debit,card,fuel,posted
T00010257,A000486,2025-10-28 07:45:00,3322.01,credit,ach,,posted
T00010258,A000486,2025-11-25 17:27:00,664.17,credit,ach,,posted
T00010259,A000486,2025-10-28 12:43:00,40.14,debit,p2p,entertainment,posted
T00010260,A000486,2025-12-19 18:38:00,63.88,debit,p2p,healthcare,posted
T00010261,A000486,2025-12-05 06:08:00,5.91,debit,card,online_retail,posted
T00010262,A000486,2025-09-20 17:40:00,1416.84,credit,ach,,posted
T00010263,A000486,2025-09-15 06:25:00,42.18,debit,card,utilities,posted
T00010264,A000486,2025-10-18 15:36:00,37.89,debit,card,fuel,declined
T00010265,A000486,2025-12-18 12:33:00,35.05,debit,atm,dining,posted
T00010266,A000486,2025-11-23 10:35:00,6.91,debit,p2p,fuel,posted
T00010267,A000486,2025-11-01 14:43:00,397.91,debit,card,grocery,posted
T00010268,A000486,2025-11-30 11:42:00,19.86,debit,card,grocery,posted
T00010269,A000486,2025-09-15 01:58:00,1333.37,credit,ach,,posted
T00010270,A000486,2025-09-29 00:49:00,21.38,debit,ach,grocery,posted
T00010271,A000486,2025-12-03 02:03:00,985.77,credit,ach,,posted
T00010272,A000486,2025-12-09 20:09:00,172.03,debit,card,utilities,posted
T00010273,A000486,2025-10-17 12:49:00,1120.49,credit,ach,,reversed
T00010274,A000486,2025-12-03 12:18:00,1849.86,credit,ach,,posted
T00010275,A000486,2025-11-03 07:40:00,1901.0,credit,ach,,posted
T00010276,A000486,2025-10-27 22:23:00,17.47,debit,ach,grocery,posted
T00010277,A000486,2025-11-18 01:23:00,6.16,debit,p2p,entertainment,posted
T00010278,A000486,2025-09-28 02:31:00,166.05,debit,card,dining,posted
T00010279,A000486,2025-12-10 01:42:00,52.73,debit,card,travel,declined
T00010280,A000486,2025-10-06 21:45:00,55.81,debit,p2p,dining,posted
T00010281,A000486,2025-11-17 23:19:00,20.45,debit,p2p,grocery,posted
T00010282,A000486,2025-12-18 03:05:00,1441.54,credit,ach,,posted
T00010283,A000486,2025-09-27 23:31:00,1278.25,credit,ach,,declined
T00010284,A000486,2025-10-18 12:46:00,69.94,debit,p2p,online_retail,posted
T00010285,A000486,2025-11-04 17:53:00,110.08,debit,card,fuel,reversed
T00010286,A000486,2025-11-05 16:05:00,22.9,debit,p2p,fuel,posted
T00010287,A000486,2025-11-29 13:38:00,43.56,debit,p2p,dining,posted
T00010288,A000486,2025-12-07 02:30:00,115.87,debit,card,entertainment,posted
T00010289,A000486,2025-12-23 14:19:00,9.23,debit,card,entertainment,posted
T00010290,A000486,2025-11-18 04:05:00,3.2,debit,card,utilities,posted
T00010291,A000487,2025-08-27 13:41:00,71.39,debit,atm,fuel,posted
T00010292,A000487,2025-08-08 08:26:00,85.66,debit,card,online_retail,posted
T00010293,A000487,2025-08-24 05:59:00,504.83,debit,card,fuel,posted
T00010294,A000487,2025-12-16 20:59:00,11.34,debit,card,utilities,posted
T00010295,A000487,2025-11-08 19:36:00,3024.93,credit,ach,,declined
T00010296,A000488,2025-08-15 15:31:00,1463.54,credit,ach,,posted
T00010297,A000488,2025-10-16 12:57:00,1141.64,credit,ach,,posted
T00010298,A000488,2025-12-25 22:47:00,14.61,debit,card,online_retail,posted
T00010299,A000488,2025-12-25 15:23:00,32.33,debit,p2p,fuel,posted
T00010300,A000488,2025-12-28 16:30:00,39.19,debit,p2p,grocery,posted
T00010301,A000488,2025-11-18 09:17:00,397.35,debit,ach,grocery,posted
T00010302,A000488,2025-10-19 02:21:00,13.89,debit,card,dining,declined
T00010303,A000488,2025-12-08 10:30:00,34.52,debit,atm,fuel,posted
T00010304,A000488,2025-11-09 20:43:00,85.32,debit,card,healthcare,posted
T00010305,A000488,2025-08-27 02:56:00,20.0,debit,card,healthcare,posted
T00010306,A000488,2025-09-15 11:12:00,29.46,debit,ach,grocery,posted
T00010307,A000488,2025-09-28 21:56:00,125.82,debit,ach,entertainment,posted
T00010308,A000488,2025-10-07 07:42:00,35.81,debit,p2p,dining,posted
T00010309,A000488,2025-12-10 01:20:00,28.26,debit,p2p,online_retail,posted
T00010310,A000488,2025-09-17 08:18:00,806.96,credit,ach,,posted
T00010311,A000488,2025-10-07 18:30:00,21.72,debit,card,healthcare,posted
T00010312,A000488,2025-09-04 00:28:00,84.81,debit,atm,fuel,posted
T00010313,A000488,2025-09-27 03:18:00,1269.48,credit,ach,,posted
T00010314,A000488,2025-09-13 08:45:00,17.57,debit,card,fuel,posted
T00010315,A000488,2025-12-07 10:11:00,18.54,debit,ach,online_retail,posted
T00010316,A000488,2025-09-30 03:56:00,2738.06,credit,ach,,posted
T00010317,A000488,2025-11-18 07:28:00,16.96,debit,card,fuel,posted
T00010318,A000488,2025-10-24 06:14:00,48.61,debit,card,travel,posted
T00010319,A000488,2025-10-26 00:58:00,29.36,debit,ach,entertainment,posted
T00010320,A000488,2025-11-02 14:44:00,8.14,debit,ach,online_retail,posted
T00010321,A000488,2025-11-24 15:47:00,14.84,debit,p2p,travel,posted
T00010322,A000488,2025-10-31 23:47:00,2602.37,credit,ach,,posted
T00010323,A000488,2025-10-08 14:53:00,70.55,debit,ach,fuel,posted
T00010324,A000488,2025-11-29 09:16:00,79.93,debit,p2p,healthcare,posted
T00010325,A000488,2025-08-14 16:49:00,89.77,debit,p2p,utilities,posted
T00010326,A000488,2025-08-25 17:23:00,3623.13,credit,ach,,posted
T00010327,A000488,2025-11-22 17:29:00,1877.29,credit,ach,,posted
T00010328,A000488,2025-10-20 10:24:00,2620.51,credit,ach,,declined
T00010329,A000488,2025-08-22 23:53:00,2667.03,credit,ach,,posted
T00010330,A000488,2025-08-29 23:24:00,15.73,debit,atm,travel,posted
T00010331,A000488,2025-09-02 00:39:00,3210.55,credit,ach,,posted
T00010332,A000488,2025-11-07 12:12:00,87.1,debit,ach,entertainment,posted
T00010333,A000488,2025-12-17 17:49:00,837.95,credit,ach,,posted
T00010334,A000488,2025-09-16 05:13:00,954.25,credit,ach,,declined
T00010335,A000488,2025-08-31 21:53:00,83.53,debit,card,grocery,posted
T00010336,A000489,2025-11-26 20:18:00,2102.64,credit,ach,,posted
T00010337,A000489,2025-11-03 02:54:00,15.13,debit,p2p,healthcare,posted
T00010338,A000489,2025-12-12 14:55:00,60.26,debit,card,travel,posted
T00010339,A000489,2025-12-06 07:02:00,1258.38,credit,ach,,posted
T00010340,A000489,2025-11-19 06:37:00,30.31,debit,ach,entertainment,posted
T00010341,A000489,2025-12-23 21:31:00,26.19,debit,ach,online_retail,posted
T00010342,A000489,2025-11-24 22:38:00,3052.16,credit,ach,,posted
T00010343,A000489,2025-11-05 00:03:00,28.2,debit,card,dining,posted
T00010344,A000489,2025-10-31 20:15:00,23.53,debit,card,fuel,posted
T00010345,A000489,2025-11-02 02:44:00,16.37,debit,atm,travel,posted
T00010346,A000489,2025-12-20 07:04:00,776.66,credit,ach,,posted
T00010347,A000489,2025-10-29 00:14:00,3959.41,credit,ach,,posted
T00010348,A000489,2025-12-22 07:30:00,902.55,credit,ach,,posted
T00010349,A000489,2025-12-03 11:22:00,1784.25,credit,ach,,posted
T00010350,A000489,2025-11-08 05:41:00,2014.03,credit,ach,,posted
T00010351,A000489,2025-10-28 19:57:00,5.59,debit,atm,grocery,posted
T00010352,A000489,2025-12-07 13:36:00,9.25,debit,card,utilities,posted
T00010353,A000489,2025-12-31 17:17:00,19.59,debit,card,fuel,posted
T00010354,A000489,2025-11-27 22:22:00,8.91,debit,atm,utilities,posted
T00010355,A000489,2025-12-12 10:27:00,131.54,debit,ach,entertainment,posted
T00010356,A000489,2025-11-24 08:49:00,1025.14,credit,ach,,posted
T00010357,A000490,2025-09-30 14:46:00,19.88,debit,atm,online_retail,posted
T00010358,A000490,2025-09-23 11:16:00,2278.02,credit,ach,,posted
T00010359,A000490,2025-11-04 20:46:00,21.57,debit,atm,fuel,posted
T00010360,A000490,2025-12-17 13:02:00,25.19,debit,card,utilities,posted
T00010361,A000490,2025-12-07 22:14:00,17.48,debit,atm,utilities,posted
T00010362,A000490,2025-11-04 00:21:00,24.79,debit,card,online_retail,posted
T00010363,A000490,2025-10-22 16:50:00,34.59,debit,card,entertainment,declined
T00010364,A000490,2025-12-12 17:17:00,169.05,debit,card,online_retail,posted
T00010365,A000490,2025-11-20 22:04:00,67.82,debit,p2p,travel,posted
T00010366,A000490,2025-10-16 16:07:00,9.74,debit,card,utilities,posted
T00010367,A000490,2025-10-16 13:11:00,23.7,debit,card,fuel,posted
T00010368,A000491,2025-06-18 19:14:00,2106.73,credit,ach,,posted
T00010369,A000491,2025-07-02 22:03:00,16.53,debit,ach,online_retail,posted
T00010370,A000491,2025-06-08 14:48:00,75.28,debit,atm,grocery,posted
T00010371,A000491,2025-11-19 01:12:00,37.69,debit,card,online_retail,posted
T00010372,A000491,2025-11-28 22:22:00,13.84,debit,card,online_retail,posted
T00010373,A000491,2025-07-05 16:53:00,656.81,credit,ach,,posted
T00010374,A000491,2025-07-31 03:39:00,10.88,debit,card,online_retail,posted
T00010375,A000491,2025-08-11 02:14:00,3886.94,credit,ach,,posted
T00010376,A000491,2025-11-15 05:25:00,23.49,debit,p2p,online_retail,posted
T00010377,A000491,2025-04-19 08:17:00,88.69,debit,card,dining,posted
T00010378,A000491,2025-11-08 21:13:00,704.77,credit,ach,,posted
T00010379,A000491,2025-07-08 03:39:00,120.66,debit,ach,grocery,posted
T00010380,A000491,2025-07-21 03:11:00,57.52,debit,card,fuel,posted
T00010381,A000491,2025-06-18 03:16:00,8.17,debit,atm,travel,posted
T00010382,A000491,2025-09-11 21:08:00,2233.92,credit,ach,,posted
T00010383,A000491,2025-06-14 10:08:00,931.05,credit,ach,,posted
T00010384,A000491,2025-09-12 02:51:00,115.87,debit,card,entertainment,posted
T00010385,A000491,2025-10-24 11:46:00,110.06,debit,card,utilities,posted
T00010386,A000491,2025-08-29 22:50:00,41.7,debit,card,utilities,posted
T00010387,A000491,2025-07-14 19:49:00,61.45,debit,p2p,entertainment,posted
T00010388,A000491,2025-07-16 16:07:00,12.06,debit,card,online_retail,posted
T00010389,A000491,2025-06-19 04:18:00,14.49,debit,ach,fuel,posted
T00010390,A000491,2025-08-10 23:35:00,36.57,debit,ach,dining,posted
T00010391,A000492,2025-08-22 05:56:00,3299.55,credit,ach,,posted
T00010392,A000492,2025-12-03 02:38:00,76.02,debit,ach,utilities,posted
T00010393,A000492,2025-02-11 11:21:00,11.23,debit,card,online_retail,posted
T00010394,A000492,2025-05-09 17:16:00,2929.14,credit,ach,,posted
T00010395,A000492,2025-12-03 16:22:00,99.12,debit,card,online_retail,posted
T00010396,A000492,2025-05-02 17:32:00,23.58,debit,card,travel,posted
T00010397,A000492,2025-09-20 06:24:00,38.23,debit,atm,healthcare,posted
T00010398,A000492,2025-02-27 03:58:00,8.93,debit,card,online_retail,posted
T00010399,A000492,2025-12-12 22:32:00,15.49,debit,card,entertainment,posted
T00010400,A000492,2025-11-06 14:10:00,42.5,debit,card,grocery,reversed
T00010401,A000492,2025-09-22 23:45:00,218.14,debit,atm,utilities,posted
T00010402,A000492,2025-08-31 01:59:00,45.06,debit,ach,travel,posted
T00010403,A000492,2025-10-28 10:47:00,192.08,debit,atm,grocery,posted
T00010404,A000492,2025-12-13 07:32:00,2853.06,credit,ach,,posted
T00010405,A000492,2025-07-14 00:49:00,4.21,debit,card,grocery,posted
T00010406,A000492,2025-01-31 22:14:00,2252.0,credit,ach,,posted
T00010407,A000492,2025-12-21 08:47:00,87.73,debit,p2p,travel,posted
T00010408,A000492,2025-12-20 13:48:00,33.24,debit,ach,grocery,posted
T00010409,A000492,2025-10-04 20:45:00,2814.73,credit,ach,,posted
T00010410,A000492,2025-06-24 15:28:00,52.51,debit,card,grocery,posted
T00010411,A000492,2025-05-02 19:55:00,83.07,debit,ach,travel,posted
T00010412,A000492,2025-10-07 11:06:00,15.27,debit,card,online_retail,posted
T00010413,A000492,2025-12-17 16:41:00,6.8,debit,card,dining,posted
T00010414,A000492,2025-07-31 23:51:00,20.69,debit,ach,entertainment,posted
T00010415,A000492,2025-12-06 11:01:00,1605.9,credit,ach,,posted
T00010416,A000492,2025-03-31 10:58:00,57.76,debit,p2p,dining,posted
T00010417,A000492,2025-08-02 03:58:00,2800.12,credit,ach,,posted
T00010418,A000492,2025-06-16 00:01:00,77.32,debit,ach,online_retail,posted
T00010419,A000492,2025-11-02 20:49:00,35.77,debit,atm,healthcare,posted
T00010420,A000492,2025-06-16 06:01:00,11.95,debit,card,fuel,posted
T00010421,A000492,2025-11-01 14:41:00,69.74,debit,card,utilities,posted
T00010422,A000492,2025-09-12 14:57:00,6.03,debit,card,dining,posted
T00010423,A000492,2025-08-07 03:30:00,1464.01,credit,ach,,posted
T00010424,A000492,2025-06-24 05:11:00,38.39,debit,card,dining,posted
T00010425,A000492,2025-01-26 21:36:00,145.58,debit,atm,grocery,posted
T00010426,A000492,2025-02-15 04:41:00,21.12,debit,card,healthcare,posted
T00010427,A000492,2025-05-22 00:14:00,38.81,debit,p2p,travel,posted
T00010428,A000492,2025-06-06 01:52:00,2120.63,credit,ach,,posted
T00010429,A000493,2025-12-08 02:43:00,3284.74,credit,ach,,declined
T00010430,A000493,2025-12-01 18:50:00,2733.01,credit,ach,,posted
T00010431,A000493,2025-12-06 04:54:00,58.15,debit,card,utilities,posted
T00010432,A000493,2025-12-14 05:40:00,1808.82,credit,ach,,posted
T00010433,A000493,2025-12-01 02:39:00,76.27,debit,atm,online_retail,posted
T00010434,A000493,2025-12-23 00:12:00,77.47,debit,card,utilities,posted
T00010435,A000493,2025-12-14 06:32:00,25.4,debit,card,online_retail,posted
T00010436,A000493,2025-11-27 10:48:00,113.27,debit,atm,online_retail,posted
T00010437,A000493,2025-12-14 08:20:00,1498.71,credit,ach,,posted
T00010438,A000493,2025-12-25 05:48:00,9.77,debit,p2p,utilities,posted
T00010439,A000493,2025-12-09 11:55:00,58.12,debit,card,utilities,posted
T00010440,A000493,2025-11-25 16:06:00,1060.15,credit,ach,,posted
T00010441,A000493,2025-12-09 20:14:00,2664.43,credit,ach,,posted
T00010442,A000493,2025-11-30 18:47:00,571.29,credit,ach,,posted
T00010443,A000493,2025-12-23 19:00:00,21.18,debit,p2p,online_retail,posted
T00010444,A000493,2025-11-27 00:47:00,146.09,debit,card,dining,posted
T00010445,A000493,2025-12-24 01:49:00,18.33,debit,card,dining,posted
T00010446,A000493,2025-12-24 16:33:00,2284.89,credit,ach,,posted
T00010447,A000493,2025-12-07 08:40:00,2143.37,credit,ach,,posted
T00010448,A000493,2025-11-28 07:27:00,2599.85,credit,ach,,posted
T00010449,A000493,2025-11-26 11:43:00,2129.69,credit,ach,,posted
T00010450,A000493,2025-11-29 01:59:00,64.41,debit,card,healthcare,posted
T00010451,A000493,2025-12-03 09:40:00,39.58,debit,card,travel,posted
T00010452,A000493,2025-11-28 09:02:00,15.83,debit,atm,fuel,posted
T00010453,A000493,2025-12-19 18:58:00,1185.55,credit,ach,,posted
T00010454,A000493,2025-12-01 11:18:00,66.8,debit,card,dining,posted
T00010455,A000493,2025-12-15 22:57:00,1072.67,credit,ach,,posted
T00010456,A000493,2025-12-08 16:36:00,85.28,debit,card,dining,posted
T00010457,A000493,2025-12-18 08:07:00,82.97,debit,card,fuel,posted
T00010458,A000493,2025-12-08 20:26:00,163.94,debit,ach,dining,posted
T00010459,A000493,2025-12-08 00:07:00,33.47,debit,atm,online_retail,posted
T00010460,A000494,2025-03-19 16:56:00,147.62,debit,ach,healthcare,posted
T00010461,A000494,2025-03-06 23:03:00,130.12,debit,ach,travel,posted
T00010462,A000494,2025-09-02 01:07:00,18.43,debit,ach,travel,posted
T00010463,A000494,2025-06-09 18:34:00,58.68,debit,p2p,travel,posted
T00010464,A000494,2025-06-06 09:41:00,24.24,debit,card,utilities,posted
T00010465,A000494,2025-06-10 23:23:00,51.45,debit,p2p,entertainment,posted
T00010466,A000494,2025-02-21 13:44:00,12.64,debit,card,utilities,posted
T00010467,A000494,2025-12-28 05:25:00,3534.29,credit,ach,,posted
T00010468,A000494,2024-11-02 10:29:00,26.88,debit,card,travel,posted
T00010469,A000494,2025-08-23 03:14:00,63.28,debit,card,dining,declined
T00010470,A000494,2025-04-13 19:43:00,25.63,debit,atm,healthcare,posted
T00010471,A000494,2024-12-21 09:40:00,2794.14,credit,ach,,posted
T00010472,A000494,2024-10-15 02:19:00,30.1,debit,card,fuel,posted
T00010473,A000494,2025-08-10 15:50:00,46.52,debit,p2p,grocery,posted
T00010474,A000494,2025-07-16 01:17:00,90.6,debit,card,grocery,posted
T00010475,A000494,2025-10-07 19:29:00,525.01,debit,p2p,entertainment,posted
T00010476,A000494,2025-05-20 20:52:00,86.35,debit,ach,grocery,posted
T00010477,A000494,2025-11-07 21:00:00,3082.07,credit,ach,,posted
T00010478,A000494,2025-09-10 17:01:00,1548.74,credit,ach,,posted
T00010479,A000494,2025-12-10 17:52:00,627.59,credit,ach,,posted
T00010480,A000494,2024-12-20 23:41:00,77.62,debit,card,travel,posted
T00010481,A000494,2025-12-18 19:47:00,44.72,debit,card,healthcare,posted
T00010482,A000494,2025-07-16 23:21:00,73.42,debit,ach,dining,posted
T00010483,A000494,2025-09-07 21:48:00,164.71,debit,ach,utilities,posted
T00010484,A000494,2025-03-01 10:10:00,22.97,debit,atm,fuel,posted
T00010485,A000494,2025-05-25 06:23:00,28.55,debit,card,entertainment,posted
T00010486,A000494,2025-04-27 18:54:00,6.59,debit,ach,utilities,posted
T00010487,A000494,2025-09-02 12:15:00,100.87,debit,atm,grocery,posted
T00010488,A000494,2025-01-14 15:11:00,36.78,debit,atm,dining,posted
T00010489,A000494,2025-03-04 00:15:00,73.66,debit,ach,dining,posted
T00010490,A000494,2024-10-23 12:04:00,2349.55,credit,ach,,posted
T00010491,A000494,2025-02-14 19:02:00,3676.46,credit,ach,,declined
T00010492,A000494,2025-06-24 20:00:00,16.66,debit,atm,grocery,posted
T00010493,A000494,2025-02-24 15:38:00,27.4,debit,p2p,travel,posted
T00010494,A000494,2025-01-06 07:54:00,21.36,debit,ach,utilities,posted
T00010495,A000494,2025-04-06 17:10:00,285.52,debit,card,travel,posted
T00010496,A000494,2025-05-18 05:01:00,18.5,debit,card,travel,posted
T00010497,A000494,2025-08-09 20:23:00,1473.83,credit,ach,,posted
T00010498,A000494,2025-05-29 16:57:00,13.82,debit,card,grocery,posted
T00010499,A000494,2025-12-22 21:33:00,20.18,debit,ach,online_retail,posted
T00010500,A000495,2025-12-29 20:46:00,2997.17,credit,ach,,posted
T00010501,A000495,2025-12-16 00:38:00,26.47,debit,card,healthcare,posted
T00010502,A000495,2025-10-15 13:35:00,27.23,debit,card,utilities,posted
T00010503,A000495,2025-09-15 11:00:00,11.15,debit,ach,fuel,posted
T00010504,A000495,2025-10-20 10:52:00,78.63,debit,atm,dining,posted
T00010505,A000495,2025-08-04 10:19:00,920.1,credit,ach,,posted
T00010506,A000495,2025-05-16 00:27:00,121.36,debit,ach,entertainment,posted
T00010507,A000495,2025-12-05 20:08:00,1666.29,credit,ach,,posted
T00010508,A000495,2025-11-15 18:38:00,108.9,debit,card,travel,posted
T00010509,A000495,2025-11-25 04:39:00,65.63,debit,atm,online_retail,posted
T00010510,A000495,2025-12-17 00:42:00,3684.79,credit,ach,,posted
T00010511,A000495,2025-08-08 20:22:00,1230.09,credit,ach,,posted
T00010512,A000495,2025-06-23 02:36:00,12.91,debit,atm,dining,posted
T00010513,A000495,2025-07-08 21:32:00,84.79,debit,card,utilities,posted
T00010514,A000495,2025-06-20 22:51:00,3581.14,credit,ach,,posted
T00010515,A000495,2025-04-28 07:16:00,3654.03,credit,ach,,posted
T00010516,A000495,2025-07-24 18:51:00,22.23,debit,card,grocery,posted
T00010517,A000495,2025-09-26 08:50:00,21.59,debit,card,grocery,posted
T00010518,A000495,2025-08-08 14:18:00,17.78,debit,card,travel,posted
T00010519,A000495,2025-07-18 21:04:00,23.55,debit,card,healthcare,posted
T00010520,A000495,2025-08-21 16:01:00,17.27,debit,ach,online_retail,posted
T00010521,A000495,2025-04-25 15:46:00,54.65,debit,p2p,online_retail,posted
T00010522,A000495,2025-06-01 02:20:00,4.77,debit,card,utilities,posted
T00010523,A000495,2025-09-20 14:40:00,110.77,debit,ach,utilities,declined
T00010524,A000495,2025-06-12 17:36:00,168.88,debit,p2p,entertainment,posted
T00010525,A000495,2025-12-11 18:45:00,64.07,debit,atm,healthcare,posted
T00010526,A000495,2025-12-05 04:03:00,38.61,debit,card,online_retail,posted
T00010527,A000495,2025-09-01 14:24:00,31.53,debit,ach,entertainment,posted
T00010528,A000495,2025-05-20 11:40:00,51.62,debit,card,utilities,posted
T00010529,A000495,2025-09-29 12:35:00,61.92,debit,p2p,grocery,posted
T00010530,A000495,2025-10-24 11:07:00,67.27,debit,p2p,travel,posted
T00010531,A000495,2025-09-06 13:01:00,164.16,debit,card,healthcare,posted
T00010532,A000495,2025-05-26 07:23:00,117.47,debit,p2p,fuel,posted
T00010533,A000495,2025-10-10 15:43:00,2758.9,credit,ach,,posted
T00010534,A000495,2025-11-11 04:05:00,41.13,debit,card,online_retail,posted
T00010535,A000495,2025-07-31 05:18:00,13.13,debit,atm,dining,posted
T00010536,A000495,2025-09-22 21:58:00,51.04,debit,card,travel,posted
T00010537,A000495,2025-05-31 02:39:00,27.46,debit,card,travel,posted
T00010538,A000496,2025-12-18 16:27:00,3778.9,credit,ach,,posted
T00010539,A000496,2025-12-26 05:06:00,3074.23,credit,ach,,posted
T00010540,A000496,2025-07-29 03:41:00,12.79,debit,card,grocery,posted
T00010541,A000496,2025-05-28 07:35:00,97.23,debit,card,healthcare,posted
T00010542,A000496,2025-12-05 05:59:00,33.92,debit,card,travel,posted
T00010543,A000496,2025-11-04 01:41:00,69.39,debit,atm,dining,posted
T00010544,A000496,2025-09-21 22:39:00,63.35,debit,card,travel,posted
T00010545,A000496,2025-09-18 21:40:00,26.11,debit,p2p,entertainment,posted
T00010546,A000496,2025-05-17 00:33:00,87.76,debit,card,healthcare,posted
T00010547,A000496,2025-06-25 21:48:00,43.77,debit,atm,entertainment,posted
T00010548,A000496,2025-10-10 16:13:00,211.23,debit,card,grocery,posted
T00010549,A000496,2025-09-30 11:54:00,34.72,debit,card,grocery,posted
T00010550,A000496,2025-06-17 16:11:00,12.16,debit,card,fuel,posted
T00010551,A000496,2025-09-24 14:03:00,7.47,debit,card,grocery,declined
T00010552,A000496,2025-09-23 03:18:00,73.49,debit,card,grocery,posted
T00010553,A000496,2025-11-02 00:03:00,50.47,debit,card,healthcare,posted
T00010554,A000496,2025-05-14 10:08:00,39.85,debit,card,dining,posted
T00010555,A000496,2025-12-25 07:28:00,12.27,debit,card,healthcare,posted
T00010556,A000496,2025-10-22 08:40:00,47.51,debit,card,healthcare,posted
T00010557,A000496,2025-06-21 07:18:00,579.6,credit,ach,,posted
T00010558,A000496,2025-12-29 20:28:00,28.9,debit,p2p,grocery,posted
T00010559,A000496,2025-09-22 03:18:00,32.49,debit,p2p,fuel,posted
T00010560,A000496,2025-12-09 17:44:00,2496.11,credit,ach,,posted
T00010561,A000496,2025-05-29 03:25:00,5.69,debit,card,utilities,posted
T00010562,A000497,2025-08-31 19:26:00,40.12,debit,card,grocery,posted
T00010563,A000497,2025-08-26 20:42:00,46.56,debit,p2p,utilities,posted
T00010564,A000497,2025-09-06 09:35:00,42.4,debit,card,grocery,posted
T00010565,A000497,2025-12-17 03:28:00,2603.79,credit,ach,,posted
T00010566,A000497,2025-12-30 01:52:00,17.7,debit,card,entertainment,posted
T00010567,A000497,2025-09-19 02:57:00,12.73,debit,p2p,travel,posted
T00010568,A000497,2025-10-12 11:54:00,32.68,debit,card,online_retail,posted
T00010569,A000497,2025-12-03 17:11:00,3110.01,credit,ach,,posted
T00010570,A000497,2025-09-03 17:34:00,65.02,debit,ach,online_retail,posted
T00010571,A000497,2025-11-21 18:24:00,15.44,debit,card,healthcare,posted
T00010572,A000497,2025-11-20 07:49:00,25.81,debit,atm,online_retail,posted
T00010573,A000497,2025-08-30 10:28:00,105.55,debit,card,fuel,posted
T00010574,A000497,2025-11-24 11:44:00,3168.24,credit,ach,,posted
T00010575,A000497,2025-12-29 00:02:00,3236.31,credit,ach,,posted
T00010576,A000497,2025-11-29 02:18:00,947.5,credit,ach,,posted
T00010577,A000497,2025-08-22 08:54:00,25.23,debit,card,online_retail,posted
T00010578,A000497,2025-11-29 15:47:00,64.12,debit,card,dining,posted
T00010579,A000497,2025-11-21 12:29:00,86.01,debit,atm,travel,posted
T00010580,A000497,2025-09-17 12:10:00,976.98,credit,ach,,posted
T00010581,A000497,2025-12-24 05:48:00,19.83,debit,card,entertainment,posted
T00010582,A000497,2025-11-01 08:11:00,2590.85,credit,ach,,posted
T00010583,A000497,2025-09-01 09:43:00,263.61,debit,ach,utilities,posted
T00010584,A000497,2025-09-15 11:53:00,3418.73,credit,ach,,posted
T00010585,A000497,2025-11-13 16:20:00,2025.74,credit,ach,,posted
T00010586,A000497,2025-09-23 11:49:00,3476.6,credit,ach,,posted
T00010587,A000497,2025-09-13 13:38:00,18.96,debit,atm,utilities,posted
T00010588,A000497,2025-12-22 18:26:00,18.19,debit,ach,dining,posted
T00010589,A000497,2025-10-10 16:16:00,4.92,debit,p2p,grocery,posted
T00010590,A000497,2025-10-12 23:48:00,46.17,debit,p2p,online_retail,posted
T00010591,A000497,2025-09-30 11:51:00,1730.38,credit,ach,,posted
T00010592,A000497,2025-09-26 03:16:00,17.14,debit,card,healthcare,posted
T00010593,A000497,2025-10-19 14:53:00,127.85,debit,card,healthcare,posted
T00010594,A000497,2025-11-03 04:03:00,92.94,debit,card,travel,declined
T00010595,A000497,2025-10-30 03:24:00,40.33,debit,p2p,utilities,posted
T00010596,A000497,2025-10-25 00:07:00,31.24,debit,card,travel,posted
T00010597,A000498,2024-12-02 07:20:00,5.61,debit,atm,utilities,posted
T00010598,A000498,2025-10-04 05:12:00,53.58,debit,card,entertainment,posted
T00010599,A000498,2025-07-27 06:04:00,1250.34,credit,ach,,posted
T00010600,A000498,2025-01-17 03:30:00,3.47,debit,card,online_retail,posted
T00010601,A000498,2025-09-18 15:15:00,2905.8,credit,ach,,posted
T00010602,A000498,2025-09-07 15:04:00,32.82,debit,card,utilities,posted
T00010603,A000498,2025-10-03 18:07:00,3402.28,credit,ach,,posted
T00010604,A000498,2025-11-11 10:21:00,37.05,debit,p2p,travel,posted
T00010605,A000498,2025-07-26 11:11:00,15.73,debit,card,healthcare,posted
T00010606,A000499,2025-10-07 23:20:00,15.58,debit,atm,online_retail,posted
T00010607,A000499,2025-11-01 03:52:00,2196.08,credit,ach,,posted
T00010608,A000499,2025-12-02 16:48:00,1831.2,credit,ach,,posted
T00010609,A000499,2025-12-24 17:03:00,100.54,debit,card,dining,posted
T00010610,A000499,2025-11-30 17:00:00,2259.31,credit,ach,,posted
T00010611,A000499,2025-12-10 11:17:00,674.61,credit,ach,,posted
T00010612,A000499,2025-11-04 09:08:00,13.68,debit,card,utilities,posted
T00010613,A000499,2025-12-08 01:32:00,3467.86,credit,ach,,posted
T00010614,A000499,2025-11-24 18:23:00,1320.07,credit,ach,,posted
T00010615,A000499,2025-11-14 12:27:00,5.97,debit,card,travel,posted
T00010616,A000499,2025-12-29 18:08:00,2363.05,credit,ach,,posted
T00010617,A000499,2025-10-01 11:00:00,3451.15,credit,ach,,posted
T00010618,A000499,2025-10-16 17:49:00,19.78,debit,card,grocery,posted
T00010619,A000499,2025-11-08 07:30:00,35.96,debit,card,healthcare,posted
T00010620,A000499,2025-10-11 19:34:00,14.87,debit,ach,utilities,posted
T00010621,A000499,2025-11-21 10:36:00,35.67,debit,card,fuel,posted
T00010622,A000499,2025-10-16 05:42:00,46.63,debit,card,online_retail,posted
T00010623,A000499,2025-11-28 21:45:00,17.35,debit,card,online_retail,posted
T00010624,A000499,2025-10-01 02:53:00,11.38,debit,card,healthcare,posted
T00010625,A000499,2025-11-26 20:46:00,194.4,debit,card,grocery,declined
T00010626,A000499,2025-12-03 04:01:00,24.41,debit,p2p,utilities,posted
T00010627,A000499,2025-12-30 19:16:00,788.92,credit,ach,,posted
T00010628,A000499,2025-10-15 02:25:00,109.79,debit,card,grocery,posted
T00010629,A000499,2025-12-22 08:11:00,30.62,debit,atm,travel,posted
T00010630,A000499,2025-11-10 15:22:00,1673.21,credit,ach,,posted
T00010631,A000499,2025-12-23 16:12:00,10.38,debit,card,healthcare,posted
T00010632,A000499,2025-12-07 02:00:00,47.92,debit,p2p,fuel,posted
T00010633,A000500,2025-02-16 23:52:00,89.11,debit,card,dining,posted
T00010634,A000500,2025-07-27 13:48:00,4.43,debit,card,dining,posted
T00010635,A000500,2025-06-08 09:37:00,3040.08,credit,ach,,posted
T00010636,A000500,2025-03-18 03:00:00,78.29,debit,ach,entertainment,posted
T00010637,A000500,2025-11-30 23:44:00,63.88,debit,p2p,entertainment,posted
T00010638,A000500,2025-08-21 18:39:00,15.44,debit,ach,healthcare,posted
T00010639,A000500,2025-08-17 06:05:00,114.68,debit,ach,entertainment,declined
T00010640,A000500,2025-11-20 07:42:00,3986.96,credit,ach,,posted
T00010641,A000500,2025-11-27 13:27:00,66.41,debit,ach,travel,posted
T00010642,A000500,2025-12-05 06:01:00,24.8,debit,card,grocery,posted
T00010643,A000500,2024-10-26 07:21:00,2308.47,credit,ach,,posted
T00010644,A000500,2025-07-01 22:25:00,2843.07,credit,ach,,posted
T00010645,A000500,2025-07-26 03:36:00,5.41,debit,p2p,travel,posted
T00010646,A000500,2025-07-24 20:40:00,9.73,debit,ach,utilities,posted
T00010647,A000500,2025-03-25 16:04:00,15.44,debit,ach,dining,posted
T00010648,A000500,2025-03-10 05:42:00,44.83,debit,card,healthcare,posted
T00010649,A000500,2025-02-14 12:49:00,20.58,debit,p2p,utilities,posted
T00010650,A000500,2025-01-06 09:39:00,184.82,debit,atm,dining,posted
T00010651,A000500,2025-01-25 14:05:00,7.11,debit,p2p,online_retail,posted
T00010652,A000500,2025-10-04 09:46:00,50.08,debit,card,dining,posted
T00010653,A000500,2025-10-04 20:47:00,24.03,debit,card,travel,posted
T00010654,A000500,2025-04-24 10:09:00,27.44,debit,card,online_retail,posted
T00010655,A000500,2025-12-15 07:36:00,85.7,debit,card,fuel,posted
T00010656,A000500,2025-04-02 13:48:00,52.0,debit,p2p,travel,posted
T00010657,A000500,2025-03-02 07:29:00,56.01,debit,ach,fuel,posted
T00010658,A000500,2025-11-25 18:42:00,40.43,debit,card,healthcare,posted
T00010659,A000500,2025-11-09 19:49:00,14.4,debit,card,utilities,posted
T00010660,A000501,2025-05-03 08:51:00,5.34,debit,atm,utilities,posted
T00010661,A000501,2025-05-07 02:16:00,2032.72,credit,ach,,posted
T00010662,A000501,2025-03-30 19:05:00,65.47,debit,card,fuel,posted
T00010663,A000501,2025-11-23 23:03:00,14.7,debit,atm,healthcare,posted
T00010664,A000501,2025-05-16 00:43:00,1152.84,credit,ach,,posted
T00010665,A000501,2025-12-15 14:55:00,2112.96,credit,ach,,declined
T00010666,A000501,2025-12-04 10:12:00,2.94,debit,card,online_retail,posted
T00010667,A000501,2025-09-12 09:28:00,17.59,debit,card,travel,posted
T00010668,A000501,2025-09-19 02:05:00,3871.64,credit,ach,,posted
T00010669,A000501,2025-07-02 14:14:00,48.75,debit,atm,utilities,posted
T00010670,A000501,2025-04-07 08:46:00,72.11,debit,atm,online_retail,declined
T00010671,A000502,2025-10-27 01:52:00,851.46,credit,ach,,declined
T00010672,A000502,2025-07-25 16:18:00,22.32,debit,card,grocery,posted
T00010673,A000502,2025-10-31 15:47:00,3296.53,credit,ach,,posted
T00010674,A000502,2025-10-26 17:17:00,46.75,debit,card,entertainment,posted
T00010675,A000502,2025-09-17 12:14:00,36.44,debit,p2p,healthcare,posted
T00010676,A000502,2025-08-30 21:01:00,3729.9,credit,ach,,posted
T00010677,A000502,2025-10-01 22:43:00,56.02,debit,card,utilities,posted
T00010678,A000502,2025-08-15 18:23:00,12.68,debit,card,entertainment,posted
T00010679,A000502,2025-08-27 18:01:00,3525.96,credit,ach,,reversed
T00010680,A000502,2025-08-24 16:43:00,1635.55,credit,ach,,posted
T00010681,A000502,2025-09-11 05:56:00,18.58,debit,ach,healthcare,posted
T00010682,A000502,2025-12-03 14:55:00,24.66,debit,p2p,utilities,posted
T00010683,A000502,2025-08-12 00:21:00,30.45,debit,atm,utilities,posted
T00010684,A000502,2025-10-09 10:19:00,2166.07,credit,ach,,posted
T00010685,A000502,2025-10-04 16:07:00,9.61,debit,card,dining,posted
T00010686,A000502,2025-09-04 05:57:00,22.98,debit,card,healthcare,posted
T00010687,A000502,2025-10-25 21:56:00,99.93,debit,ach,healthcare,declined
T00010688,A000502,2025-10-03 19:05:00,58.75,debit,ach,fuel,posted
T00010689,A000502,2025-08-13 08:50:00,76.78,debit,p2p,online_retail,posted
T00010690,A000502,2025-12-10 06:09:00,2676.74,credit,ach,,posted
T00010691,A000502,2025-10-05 12:20:00,27.29,debit,ach,fuel,posted
T00010692,A000502,2025-12-08 20:10:00,87.14,debit,card,dining,posted
T00010693,A000503,2025-10-09 12:21:00,62.35,debit,ach,dining,posted
T00010694,A000503,2025-12-27 04:55:00,18.12,debit,card,utilities,posted
T00010695,A000503,2025-06-06 06:30:00,1999.96,credit,ach,,posted
T00010696,A000503,2025-11-24 16:55:00,43.99,debit,card,online_retail,posted
T00010697,A000503,2025-05-24 19:15:00,16.42,debit,card,dining,posted
T00010698,A000503,2025-07-24 13:56:00,111.75,debit,atm,grocery,posted
T00010699,A000503,2025-11-17 02:45:00,251.28,debit,card,utilities,posted
T00010700,A000503,2025-09-05 04:04:00,2064.24,credit,ach,,posted
T00010701,A000503,2025-09-17 22:48:00,15.52,debit,ach,grocery,posted
T00010702,A000503,2025-08-17 11:07:00,3469.19,credit,ach,,posted
T00010703,A000503,2025-08-28 00:31:00,135.55,debit,card,grocery,posted
T00010704,A000504,2025-11-25 22:38:00,81.16,debit,card,grocery,posted
T00010705,A000504,2025-11-22 16:01:00,7.48,debit,ach,fuel,posted
T00010706,A000504,2025-10-31 14:17:00,8.06,debit,ach,fuel,posted
T00010707,A000504,2025-11-13 16:58:00,15.72,debit,ach,fuel,posted
T00010708,A000504,2025-10-04 01:18:00,2426.19,credit,ach,,posted
T00010709,A000504,2025-12-20 03:03:00,1308.32,credit,ach,,posted
T00010710,A000505,2025-12-29 19:05:00,3439.29,credit,ach,,posted
T00010711,A000505,2025-12-28 23:35:00,1199.63,credit,ach,,posted
T00010712,A000505,2025-12-29 02:21:00,10.17,debit,card,dining,posted
T00010713,A000505,2025-12-29 03:56:00,3362.7,credit,ach,,posted
T00010714,A000505,2025-12-29 09:35:00,73.42,debit,card,fuel,posted
T00010715,A000505,2025-12-31 23:40:00,28.81,debit,card,fuel,posted
T00010716,A000505,2025-12-29 08:34:00,12.49,debit,ach,fuel,reversed
T00010717,A000505,2025-12-28 08:54:00,3577.09,credit,ach,,posted
T00010718,A000505,2025-12-31 19:17:00,34.87,debit,card,healthcare,posted
T00010719,A000505,2025-12-30 07:16:00,39.73,debit,ach,healthcare,posted
T00010720,A000505,2025-12-28 06:38:00,77.64,debit,card,fuel,posted
T00010721,A000505,2025-12-29 14:44:00,1013.61,credit,ach,,posted
T00010722,A000505,2025-12-30 12:50:00,127.9,debit,card,utilities,posted
T00010723,A000505,2025-12-30 18:32:00,43.41,debit,card,fuel,posted
T00010724,A000505,2025-12-30 00:06:00,35.85,debit,card,online_retail,posted
T00010725,A000505,2025-12-31 22:51:00,58.01,debit,atm,healthcare,posted
T00010726,A000505,2025-12-28 05:30:00,20.07,debit,atm,dining,declined
T00010727,A000505,2025-12-28 14:44:00,3259.97,credit,ach,,posted
T00010728,A000505,2025-12-29 10:06:00,95.05,debit,card,dining,posted
T00010729,A000505,2025-12-31 14:21:00,13.4,debit,atm,online_retail,posted
T00010730,A000505,2025-12-30 12:30:00,10.77,debit,atm,online_retail,posted
T00010731,A000505,2025-12-29 03:37:00,26.17,debit,card,grocery,posted
T00010732,A000505,2025-12-28 13:17:00,48.52,debit,card,utilities,posted
T00010733,A000505,2025-12-30 21:54:00,5.98,debit,card,dining,posted
T00010734,A000505,2025-12-30 14:09:00,228.49,debit,p2p,entertainment,posted
T00010735,A000506,2025-06-19 05:27:00,34.1,debit,card,grocery,posted
T00010736,A000506,2025-04-21 01:11:00,2151.77,credit,ach,,posted
T00010737,A000506,2025-12-20 06:27:00,797.55,credit,ach,,posted
T00010738,A000506,2025-11-04 09:17:00,18.3,debit,p2p,entertainment,posted
T00010739,A000506,2025-10-21 02:08:00,63.09,debit,p2p,online_retail,posted
T00010740,A000506,2025-07-24 07:04:00,19.52,debit,atm,utilities,posted
T00010741,A000506,2025-10-28 12:02:00,839.97,credit,ach,,posted
T00010742,A000506,2025-12-17 06:15:00,33.25,debit,atm,healthcare,posted
T00010743,A000506,2025-11-26 02:43:00,17.56,debit,card,grocery,declined
T00010744,A000506,2025-05-05 23:10:00,42.2,debit,atm,healthcare,posted
T00010745,A000506,2025-10-29 08:11:00,22.19,debit,card,entertainment,posted
T00010746,A000506,2025-09-18 22:59:00,647.96,credit,ach,,posted
T00010747,A000506,2025-06-15 09:40:00,1566.81,credit,ach,,posted
T00010748,A000506,2025-10-24 14:17:00,26.19,debit,card,travel,declined
T00010749,A000506,2025-11-28 12:05:00,30.75,debit,ach,grocery,posted
T00010750,A000506,2025-12-04 19:43:00,95.8,debit,card,healthcare,posted
T00010751,A000506,2025-06-12 14:10:00,24.5,debit,atm,dining,posted
T00010752,A000506,2025-11-19 11:15:00,60.02,debit,card,grocery,declined
T00010753,A000506,2025-06-05 23:08:00,2525.14,credit,ach,,posted
T00010754,A000506,2025-10-16 11:45:00,61.41,debit,ach,travel,posted
T00010755,A000506,2025-07-02 18:13:00,19.95,debit,card,entertainment,posted
T00010756,A000506,2025-11-23 01:09:00,19.24,debit,card,healthcare,posted
T00010757,A000506,2025-05-22 14:43:00,37.54,debit,p2p,entertainment,posted
T00010758,A000506,2025-08-27 07:38:00,114.94,debit,atm,grocery,posted
T00010759,A000506,2025-04-21 18:53:00,62.85,debit,card,travel,posted
T00010760,A000506,2025-04-27 05:22:00,47.6,debit,p2p,travel,declined
T00010761,A000506,2025-05-16 03:42:00,64.58,debit,ach,fuel,posted
T00010762,A000506,2025-10-04 18:23:00,2211.07,credit,ach,,posted
T00010763,A000506,2025-10-15 09:58:00,824.76,debit,p2p,utilities,posted
T00010764,A000507,2025-08-03 07:06:00,10.1,debit,p2p,grocery,posted
T00010765,A000507,2025-10-13 05:17:00,263.92,debit,p2p,utilities,posted
T00010766,A000507,2025-11-12 23:33:00,103.05,debit,card,dining,posted
T00010767,A000507,2025-05-05 05:53:00,227.66,debit,atm,travel,posted
T00010768,A000507,2025-05-03 12:42:00,21.97,debit,ach,healthcare,declined
T00010769,A000507,2025-09-21 03:29:00,8.76,debit,card,healthcare,posted
T00010770,A000507,2025-09-01 20:38:00,799.95,credit,ach,,reversed
T00010771,A000507,2025-11-04 22:24:00,3587.39,credit,ach,,posted
T00010772,A000507,2025-08-17 23:53:00,34.33,debit,card,dining,posted
T00010773,A000507,2025-11-17 13:17:00,1534.12,credit,ach,,posted
T00010774,A000507,2025-10-15 13:39:00,25.0,debit,card,dining,posted
T00010775,A000507,2025-06-28 03:53:00,35.38,debit,atm,dining,posted
T00010776,A000507,2025-09-20 10:21:00,20.23,debit,card,dining,posted
T00010777,A000507,2025-11-19 20:13:00,40.51,debit,ach,healthcare,posted
T00010778,A000507,2025-12-15 04:46:00,50.72,debit,atm,utilities,posted
T00010779,A000507,2025-08-07 13:42:00,38.19,debit,atm,healthcare,posted
T00010780,A000507,2025-12-23 23:17:00,5.32,debit,ach,dining,posted
T00010781,A000507,2025-09-20 07:15:00,1411.01,credit,ach,,posted
T00010782,A000507,2025-11-10 04:15:00,3.95,debit,p2p,grocery,posted
T00010783,A000507,2025-05-21 19:43:00,27.53,debit,card,dining,posted
T00010784,A000507,2025-05-16 12:32:00,102.67,debit,p2p,grocery,posted
T00010785,A000507,2025-05-26 11:38:00,44.5,debit,p2p,travel,posted
T00010786,A000507,2025-09-30 02:20:00,40.65,debit,p2p,utilities,posted
T00010787,A000507,2025-12-23 04:37:00,56.92,debit,ach,grocery,posted
T00010788,A000507,2025-09-06 15:52:00,67.35,debit,p2p,online_retail,posted
T00010789,A000507,2025-11-05 06:08:00,51.17,debit,atm,entertainment,posted
T00010790,A000507,2025-08-17 23:40:00,2405.52,credit,ach,,posted
T00010791,A000507,2025-07-17 16:12:00,16.64,debit,atm,fuel,posted
T00010792,A000507,2025-12-18 15:29:00,15.37,debit,card,utilities,posted
T00010793,A000507,2025-06-28 04:24:00,2172.73,credit,ach,,posted
T00010794,A000507,2025-08-09 17:55:00,137.2,debit,card,entertainment,posted
T00010795,A000507,2025-11-22 22:32:00,57.52,debit,card,online_retail,posted
T00010796,A000507,2025-06-02 22:39:00,84.88,debit,ach,grocery,posted
T00010797,A000507,2025-07-13 20:27:00,18.36,debit,card,online_retail,posted
T00010798,A000507,2025-07-08 15:05:00,22.95,debit,card,utilities,posted
T00010799,A000507,2025-05-25 01:36:00,101.38,debit,atm,utilities,posted
T00010800,A000507,2025-09-29 21:42:00,3366.34,credit,ach,,posted
T00010801,A000507,2025-08-25 00:44:00,59.67,debit,card,utilities,posted
T00010802,A000508,2025-12-28 01:01:00,7.68,debit,p2p,grocery,posted
T00010803,A000508,2025-12-29 02:43:00,111.62,debit,ach,travel,posted
T00010804,A000508,2025-12-25 04:00:00,28.01,debit,atm,travel,posted
T00010805,A000508,2025-12-24 09:23:00,41.19,debit,p2p,fuel,posted
T00010806,A000508,2025-12-19 03:58:00,197.81,debit,card,fuel,posted
T00010807,A000508,2025-12-29 21:28:00,124.49,debit,card,grocery,posted
T00010808,A000508,2025-12-18 01:48:00,3416.48,credit,ach,,posted
T00010809,A000508,2025-12-25 02:59:00,11.23,debit,p2p,grocery,posted
T00010810,A000508,2025-12-24 05:25:00,20.13,debit,card,entertainment,posted
T00010811,A000508,2025-12-26 10:22:00,68.73,debit,ach,fuel,posted
T00010812,A000508,2025-12-25 23:28:00,2870.86,credit,ach,,posted
T00010813,A000508,2025-12-24 01:15:00,1759.22,credit,ach,,posted
T00010814,A000508,2025-12-25 11:22:00,32.17,debit,p2p,fuel,posted
T00010815,A000508,2025-12-30 10:53:00,29.52,debit,p2p,entertainment,posted
T00010816,A000508,2025-12-22 08:56:00,31.96,debit,p2p,dining,posted
T00010817,A000508,2025-12-28 18:46:00,22.14,debit,ach,travel,posted
T00010818,A000508,2025-12-31 15:01:00,47.02,debit,ach,healthcare,posted
T00010819,A000508,2025-12-22 16:57:00,19.48,debit,atm,fuel,posted
T00010820,A000508,2025-12-18 06:01:00,15.68,debit,p2p,entertainment,posted
T00010821,A000508,2025-12-24 15:27:00,77.58,debit,card,fuel,posted
T00010822,A000508,2025-12-26 01:32:00,155.71,debit,atm,grocery,posted
T00010823,A000508,2025-12-22 09:33:00,78.29,debit,p2p,travel,posted
T00010824,A000508,2025-12-23 06:25:00,10.29,debit,p2p,online_retail,posted
T00010825,A000508,2025-12-28 16:43:00,3433.96,credit,ach,,posted
T00010826,A000508,2025-12-18 10:10:00,69.72,debit,ach,healthcare,posted
T00010827,A000508,2025-12-22 00:25:00,3888.76,credit,ach,,posted
T00010828,A000508,2025-12-21 00:15:00,45.26,debit,card,utilities,posted
T00010829,A000509,2025-03-03 01:14:00,17.89,debit,card,entertainment,posted
T00010830,A000509,2025-09-24 08:10:00,75.39,debit,p2p,online_retail,posted
T00010831,A000509,2025-10-22 11:27:00,110.1,debit,atm,utilities,posted
T00010832,A000509,2024-10-08 17:05:00,89.97,debit,ach,grocery,posted
T00010833,A000509,2025-02-20 10:28:00,38.68,debit,atm,entertainment,posted
T00010834,A000509,2025-07-02 11:22:00,3077.26,credit,ach,,declined
T00010835,A000509,2025-07-21 13:16:00,2913.62,credit,ach,,posted
T00010836,A000509,2024-08-14 18:43:00,29.06,debit,atm,fuel,posted
T00010837,A000509,2025-08-02 07:59:00,3.51,debit,ach,grocery,posted
T00010838,A000509,2024-09-18 23:47:00,33.53,debit,ach,travel,posted
T00010839,A000509,2025-12-15 07:12:00,3072.93,credit,ach,,posted
T00010840,A000509,2025-11-07 07:22:00,30.64,debit,ach,dining,posted
T00010841,A000509,2024-08-26 16:43:00,3546.28,credit,ach,,posted
T00010842,A000509,2025-07-18 00:18:00,129.69,debit,atm,fuel,posted
T00010843,A000509,2024-08-05 02:49:00,1492.81,credit,ach,,posted
T00010844,A000509,2025-08-08 11:46:00,51.48,debit,card,utilities,posted
T00010845,A000509,2024-08-14 20:36:00,31.28,debit,atm,healthcare,posted
T00010846,A000509,2025-10-03 00:38:00,1659.29,credit,ach,,posted
T00010847,A000509,2025-05-25 23:10:00,30.44,debit,ach,online_retail,posted
T00010848,A000509,2025-09-21 15:09:00,6.12,debit,card,entertainment,posted
T00010849,A000509,2024-09-07 03:56:00,2335.26,credit,ach,,posted
T00010850,A000509,2025-01-22 12:22:00,42.46,debit,card,entertainment,posted
T00010851,A000509,2025-01-29 17:05:00,94.55,debit,ach,healthcare,posted
T00010852,A000509,2025-02-20 03:35:00,5.21,debit,card,entertainment,posted
T00010853,A000509,2025-07-30 15:06:00,25.71,debit,p2p,online_retail,posted
T00010854,A000509,2025-09-08 10:26:00,99.66,debit,card,healthcare,posted
T00010855,A000509,2024-09-21 05:17:00,18.66,debit,card,utilities,posted
T00010856,A000509,2025-12-18 20:42:00,33.97,debit,p2p,travel,posted
T00010857,A000509,2024-12-20 18:11:00,6.01,debit,p2p,dining,posted
T00010858,A000509,2024-12-12 20:26:00,3632.35,credit,ach,,posted
T00010859,A000509,2024-11-05 16:33:00,30.72,debit,ach,travel,posted
T00010860,A000509,2025-01-19 10:56:00,1716.82,credit,ach,,posted
T00010861,A000509,2025-02-11 07:59:00,2.53,debit,atm,travel,posted
T00010862,A000509,2025-08-28 16:53:00,13.64,debit,p2p,healthcare,posted
T00010863,A000509,2024-09-14 23:33:00,2163.63,credit,ach,,posted
T00010864,A000509,2024-12-26 07:42:00,11.16,debit,p2p,utilities,posted
T00010865,A000509,2024-07-15 04:51:00,51.25,debit,card,healthcare,posted
T00010866,A000509,2025-02-27 17:03:00,1226.48,credit,ach,,posted
T00010867,A000509,2024-12-13 23:00:00,6.27,debit,card,healthcare,posted
T00010868,A000509,2024-08-20 12:28:00,37.62,debit,card,grocery,posted
T00010869,A000510,2025-11-13 06:04:00,3471.07,credit,ach,,posted
T00010870,A000510,2025-12-30 16:35:00,2889.12,credit,ach,,posted
T00010871,A000510,2025-12-10 23:44:00,22.29,debit,card,dining,posted
T00010872,A000510,2025-12-09 05:11:00,28.24,debit,card,travel,posted
T00010873,A000510,2025-10-15 23:57:00,61.24,debit,p2p,entertainment,posted
T00010874,A000510,2025-12-20 07:19:00,18.21,debit,card,dining,posted
T00010875,A000510,2025-11-01 04:07:00,62.53,debit,ach,online_retail,posted
T00010876,A000510,2025-10-14 17:26:00,59.3,debit,card,travel,posted
T00010877,A000510,2025-12-30 17:23:00,7.38,debit,p2p,online_retail,posted
T00010878,A000510,2025-10-21 04:07:00,1446.47,credit,ach,,posted
T00010879,A000510,2025-11-23 11:24:00,2195.95,credit,ach,,posted
T00010880,A000510,2025-09-22 09:56:00,109.39,debit,atm,grocery,posted
T00010881,A000510,2025-09-24 03:33:00,88.92,debit,ach,fuel,posted
T00010882,A000510,2025-11-28 17:56:00,380.67,debit,card,entertainment,posted
T00010883,A000511,2025-08-24 06:36:00,43.12,debit,p2p,utilities,posted
T00010884,A000511,2025-12-27 22:11:00,600.73,credit,ach,,posted
T00010885,A000511,2025-09-23 09:18:00,3364.03,credit,ach,,posted
T00010886,A000511,2025-08-03 22:31:00,28.7,debit,card,online_retail,posted
T00010887,A000511,2025-08-24 13:51:00,14.92,debit,p2p,dining,posted
T00010888,A000511,2025-08-19 17:16:00,122.38,debit,card,dining,posted
T00010889,A000511,2025-09-03 14:24:00,1078.76,credit,ach,,posted
T00010890,A000511,2025-12-14 04:38:00,6.22,debit,card,utilities,posted
T00010891,A000511,2025-08-30 15:42:00,134.67,debit,card,fuel,posted
T00010892,A000511,2025-07-06 16:52:00,2918.56,credit,ach,,posted
T00010893,A000511,2025-12-01 17:59:00,154.7,debit,p2p,utilities,posted
T00010894,A000511,2025-08-13 12:41:00,10.49,debit,ach,dining,posted
T00010895,A000511,2025-07-09 23:05:00,524.78,debit,card,fuel,posted
T00010896,A000511,2025-12-31 02:21:00,32.88,debit,card,dining,posted
T00010897,A000511,2025-08-19 08:09:00,134.57,debit,ach,utilities,posted
T00010898,A000511,2025-09-28 20:38:00,19.92,debit,ach,travel,posted
T00010899,A000511,2025-09-25 10:42:00,31.99,debit,card,travel,posted
T00010900,A000511,2025-12-04 22:27:00,9.5,debit,card,dining,posted
T00010901,A000511,2025-07-06 09:24:00,22.09,debit,card,dining,posted
T00010902,A000511,2025-12-11 19:31:00,26.15,debit,p2p,travel,posted
T00010903,A000511,2025-10-10 09:38:00,1745.44,credit,ach,,posted
T00010904,A000511,2025-08-02 00:29:00,89.7,debit,ach,travel,posted
T00010905,A000511,2025-07-09 07:17:00,3435.24,credit,ach,,posted
T00010906,A000511,2025-08-09 04:00:00,26.35,debit,card,healthcare,posted
T00010907,A000511,2025-10-09 09:54:00,14.5,debit,card,grocery,posted
T00010908,A000511,2025-11-19 14:10:00,2875.47,credit,ach,,posted
T00010909,A000511,2025-12-03 02:08:00,2076.95,credit,ach,,posted
T00010910,A000511,2025-09-08 04:31:00,722.69,credit,ach,,posted
T00010911,A000511,2025-12-13 19:52:00,9.2,debit,ach,online_retail,posted
T00010912,A000511,2025-08-31 07:51:00,738.79,debit,atm,utilities,posted
T00010913,A000511,2025-06-25 10:58:00,40.85,debit,card,entertainment,posted
T00010914,A000511,2025-06-30 19:30:00,11.18,debit,card,travel,posted
T00010915,A000511,2025-09-03 04:47:00,2976.03,credit,ach,,posted
T00010916,A000511,2025-09-06 09:44:00,1505.1,credit,ach,,posted
T00010917,A000511,2025-10-01 07:08:00,7.26,debit,card,healthcare,posted
T00010918,A000512,2025-11-18 00:51:00,26.04,debit,card,dining,posted
T00010919,A000512,2025-10-17 13:03:00,9.79,debit,ach,utilities,posted
T00010920,A000512,2025-12-03 19:35:00,16.56,debit,atm,travel,posted
T00010921,A000512,2025-11-22 22:18:00,1959.47,credit,ach,,posted
T00010922,A000512,2025-12-20 00:18:00,2461.48,credit,ach,,posted
T00010923,A000512,2025-11-04 12:22:00,135.57,debit,p2p,travel,posted
T00010924,A000512,2025-11-30 01:38:00,3566.47,credit,ach,,posted
T00010925,A000512,2025-10-21 11:42:00,426.58,debit,card,fuel,posted
T00010926,A000512,2025-10-12 13:04:00,36.65,debit,p2p,dining,posted
T00010927,A000512,2025-10-29 20:56:00,26.53,debit,atm,healthcare,posted
T00010928,A000512,2025-10-10 13:20:00,3106.07,credit,ach,,posted
T00010929,A000512,2025-10-29 20:13:00,45.78,debit,card,fuel,posted
T00010930,A000512,2025-09-26 00:00:00,16.03,debit,ach,utilities,declined
T00010931,A000512,2025-12-05 05:57:00,16.11,debit,card,grocery,posted
T00010932,A000512,2025-12-01 01:36:00,12.47,debit,card,online_retail,posted
T00010933,A000512,2025-11-10 02:23:00,2977.22,credit,ach,,posted
T00010934,A000513,2025-07-16 18:41:00,17.67,debit,card,healthcare,posted
T00010935,A000513,2025-12-29 16:03:00,35.1,debit,card,entertainment,posted
T00010936,A000513,2025-08-11 02:41:00,45.82,debit,card,utilities,posted
T00010937,A000513,2025-09-14 05:26:00,25.51,debit,ach,grocery,posted
T00010938,A000513,2025-07-28 22:50:00,12.84,debit,p2p,grocery,posted
T00010939,A000513,2025-09-23 08:06:00,1278.14,credit,ach,,posted
T00010940,A000513,2025-09-21 01:45:00,22.6,debit,card,online_retail,posted
T00010941,A000513,2025-12-02 16:18:00,100.18,debit,card,healthcare,posted
T00010942,A000513,2025-10-31 16:09:00,59.31,debit,ach,dining,posted
T00010943,A000513,2025-10-18 19:42:00,42.69,debit,ach,online_retail,posted
T00010944,A000513,2025-12-13 21:06:00,43.52,debit,card,utilities,posted
T00010945,A000513,2025-11-23 12:28:00,44.5,debit,ach,dining,posted
T00010946,A000513,2025-08-05 22:31:00,3945.52,credit,ach,,posted
T00010947,A000513,2025-07-03 13:08:00,30.95,debit,atm,entertainment,posted
T00010948,A000513,2025-11-28 07:20:00,41.27,debit,ach,dining,posted
T00010949,A000513,2025-10-22 07:26:00,31.05,debit,card,dining,posted
T00010950,A000513,2025-06-27 15:16:00,27.97,debit,card,healthcare,posted
T00010951,A000513,2025-08-04 21:06:00,39.48,debit,card,healthcare,posted
T00010952,A000513,2025-09-12 12:42:00,14.45,debit,card,travel,posted
T00010953,A000513,2025-07-24 21:16:00,2945.95,credit,ach,,posted
T00010954,A000513,2025-09-08 15:08:00,16.39,debit,card,grocery,posted
T00010955,A000513,2025-09-26 15:20:00,3114.95,credit,ach,,declined
T00010956,A000513,2025-12-28 03:58:00,5.01,debit,card,online_retail,posted
T00010957,A000513,2025-12-14 21:48:00,76.97,debit,ach,healthcare,posted
T00010958,A000513,2025-07-01 11:44:00,13.12,debit,card,healthcare,posted
T00010959,A000514,2025-01-21 06:58:00,15.27,debit,ach,dining,posted
T00010960,A000514,2024-12-25 00:54:00,22.47,debit,card,utilities,posted
T00010961,A000514,2024-11-13 08:31:00,14.27,debit,atm,fuel,declined
T00010962,A000514,2025-07-13 00:45:00,60.38,debit,card,dining,posted
T00010963,A000514,2025-09-10 11:44:00,40.51,debit,p2p,grocery,posted
T00010964,A000514,2024-12-04 09:06:00,17.53,debit,card,travel,posted
T00010965,A000514,2025-12-19 09:11:00,56.14,debit,atm,online_retail,posted
T00010966,A000514,2025-10-12 01:52:00,13.8,debit,card,entertainment,posted
T00010967,A000516,2025-08-31 15:01:00,30.83,debit,atm,healthcare,posted
T00010968,A000516,2025-09-27 06:57:00,6.41,debit,atm,online_retail,posted
T00010969,A000516,2025-08-09 14:38:00,25.88,debit,card,grocery,posted
T00010970,A000516,2025-12-20 01:14:00,163.06,debit,ach,grocery,posted
T00010971,A000516,2025-11-08 21:29:00,79.85,debit,ach,travel,posted
T00010972,A000516,2025-10-21 16:04:00,40.14,debit,atm,dining,posted
T00010973,A000516,2025-08-27 10:57:00,6.1,debit,card,online_retail,posted
T00010974,A000516,2025-07-17 02:21:00,66.16,debit,card,entertainment,posted
T00010975,A000516,2025-08-09 20:21:00,52.05,debit,card,fuel,posted
T00010976,A000516,2025-10-02 11:41:00,106.02,debit,card,dining,posted
T00010977,A000516,2025-09-03 09:49:00,8.44,debit,card,online_retail,posted
T00010978,A000516,2025-07-26 16:43:00,1161.83,credit,ach,,posted
T00010979,A000516,2025-12-30 17:48:00,16.63,debit,p2p,online_retail,posted
T00010980,A000516,2025-08-21 10:41:00,28.47,debit,card,healthcare,posted
T00010981,A000516,2025-09-09 02:50:00,13.38,debit,p2p,healthcare,posted
T00010982,A000516,2025-10-07 10:28:00,1422.51,credit,ach,,posted
T00010983,A000516,2025-09-05 23:42:00,33.48,debit,card,dining,posted
T00010984,A000516,2025-12-18 21:05:00,7.3,debit,atm,entertainment,posted
T00010985,A000516,2025-08-03 20:24:00,3633.93,credit,ach,,posted
T00010986,A000516,2025-10-27 06:00:00,17.07,debit,card,online_retail,posted
T00010987,A000516,2025-10-21 12:28:00,27.72,debit,card,entertainment,posted
T00010988,A000516,2025-10-17 18:57:00,33.8,debit,card,healthcare,posted
T00010989,A000516,2025-08-17 21:51:00,82.48,debit,atm,fuel,posted
T00010990,A000516,2025-08-28 13:29:00,48.75,debit,card,grocery,posted
T00010991,A000516,2025-12-14 15:36:00,31.83,debit,card,fuel,posted
T00010992,A000516,2025-07-25 17:50:00,2396.0,credit,ach,,posted
T00010993,A000516,2025-11-28 15:44:00,48.51,debit,card,fuel,posted
T00010994,A000516,2025-08-10 21:41:00,3324.55,credit,ach,,posted
T00010995,A000516,2025-11-12 01:01:00,115.58,debit,card,healthcare,posted
T00010996,A000516,2025-10-18 19:33:00,14.23,debit,ach,utilities,posted
T00010997,A000516,2025-08-13 04:27:00,20.53,debit,card,online_retail,posted
T00010998,A000516,2025-07-06 03:16:00,89.55,debit,card,entertainment,posted
T00010999,A000516,2025-08-26 23:45:00,11.59,debit,p2p,grocery,posted
T00011000,A000516,2025-12-05 18:22:00,49.66,debit,ach,fuel,posted
T00011001,A000516,2025-09-12 00:20:00,14.78,debit,card,healthcare,posted
T00011002,A000516,2025-11-05 20:54:00,31.53,debit,p2p,dining,posted
T00011003,A000516,2025-07-27 11:53:00,17.07,debit,ach,travel,posted
T00011004,A000516,2025-09-09 07:50:00,62.09,debit,p2p,online_retail,posted
T00011005,A000516,2025-09-25 01:52:00,110.4,debit,card,dining,posted
T00011006,A000516,2025-10-15 11:02:00,61.8,debit,p2p,grocery,posted
T00011007,A000517,2025-11-18 09:10:00,2334.98,credit,ach,,declined
T00011008,A000517,2025-12-30 04:03:00,2745.05,credit,ach,,posted
T00011009,A000517,2025-11-26 10:48:00,15.59,debit,card,travel,posted
T00011010,A000517,2025-11-15 20:11:00,2064.91,credit,ach,,declined
T00011011,A000517,2025-11-08 10:22:00,1541.17,credit,ach,,posted
T00011012,A000518,2025-10-20 23:08:00,18.96,debit,ach,grocery,posted
T00011013,A000518,2025-09-24 23:29:00,1667.26,credit,ach,,posted
T00011014,A000518,2025-06-28 07:34:00,303.73,debit,card,online_retail,posted
T00011015,A000518,2024-10-26 11:07:00,79.88,debit,card,dining,posted
T00011016,A000518,2025-03-16 10:00:00,11.0,debit,atm,fuel,posted
T00011017,A000518,2025-01-05 10:32:00,319.92,debit,card,grocery,declined
T00011018,A000518,2025-10-19 03:38:00,26.24,debit,card,online_retail,posted
T00011019,A000518,2025-10-18 21:24:00,1640.57,credit,ach,,posted
T00011020,A000518,2025-10-14 07:47:00,2.29,debit,p2p,grocery,posted
T00011021,A000518,2025-09-22 21:29:00,3721.61,credit,ach,,posted
T00011022,A000518,2025-12-24 19:23:00,66.1,debit,card,online_retail,posted
T00011023,A000518,2025-01-28 03:42:00,19.36,debit,card,entertainment,posted
T00011024,A000518,2025-06-12 10:53:00,26.27,debit,card,fuel,posted
T00011025,A000518,2025-08-15 04:29:00,1846.4,credit,ach,,posted
T00011026,A000518,2025-06-25 12:51:00,60.32,debit,p2p,travel,posted
T00011027,A000518,2024-12-01 01:34:00,15.13,debit,p2p,travel,posted
T00011028,A000518,2025-02-08 12:18:00,37.98,debit,p2p,dining,posted
T00011029,A000518,2025-11-14 13:59:00,3046.54,credit,ach,,posted
T00011030,A000518,2025-08-25 09:53:00,2.71,debit,card,travel,posted
T00011031,A000518,2024-11-03 23:15:00,16.7,debit,card,grocery,declined
T00011032,A000520,2025-12-10 04:43:00,2709.9,credit,ach,,posted
T00011033,A000520,2025-12-14 15:25:00,741.7,credit,ach,,posted
T00011034,A000520,2025-11-20 23:47:00,2909.49,credit,ach,,posted
T00011035,A000520,2025-12-01 14:42:00,3942.45,credit,ach,,posted
T00011036,A000520,2025-11-16 19:56:00,13.27,debit,card,online_retail,posted
T00011037,A000520,2025-11-24 17:27:00,9.37,debit,card,utilities,posted
T00011038,A000520,2025-11-19 22:12:00,31.47,debit,card,entertainment,posted
T00011039,A000520,2025-11-27 01:57:00,9.88,debit,p2p,grocery,posted
T00011040,A000520,2025-11-20 13:21:00,27.47,debit,card,travel,posted
T00011041,A000520,2025-11-22 01:03:00,1187.63,credit,ach,,posted
T00011042,A000520,2025-11-14 15:31:00,3889.14,credit,ach,,posted
T00011043,A000520,2025-11-15 00:40:00,78.28,debit,card,online_retail,posted
T00011044,A000520,2025-12-28 09:59:00,46.88,debit,ach,dining,posted
T00011045,A000520,2025-11-12 14:51:00,114.13,debit,card,fuel,posted
T00011046,A000520,2025-11-25 08:36:00,7.88,debit,atm,dining,posted
T00011047,A000520,2025-11-27 22:35:00,1151.48,credit,ach,,posted
T00011048,A000520,2025-12-12 02:11:00,34.91,debit,atm,dining,posted
T00011049,A000520,2025-12-30 04:21:00,643.83,credit,ach,,posted
T00011050,A000520,2025-12-20 03:08:00,3418.59,credit,ach,,posted
T00011051,A000520,2025-12-24 03:18:00,12.77,debit,card,dining,posted
T00011052,A000520,2025-12-27 16:11:00,1201.67,credit,ach,,posted
T00011053,A000521,2024-07-29 17:29:00,17.35,debit,ach,entertainment,declined
T00011054,A000521,2025-06-03 11:13:00,19.24,debit,ach,utilities,posted
T00011055,A000521,2024-08-27 00:22:00,23.11,debit,card,fuel,posted
T00011056,A000521,2024-12-23 04:33:00,15.0,debit,atm,utilities,posted
T00011057,A000521,2024-04-20 01:42:00,13.34,debit,card,travel,posted
T00011058,A000521,2025-04-24 18:45:00,1276.7,credit,ach,,posted
T00011059,A000521,2025-05-14 18:06:00,58.89,debit,atm,grocery,posted
T00011060,A000521,2024-03-17 15:56:00,2498.59,credit,ach,,posted
T00011061,A000521,2025-03-17 14:51:00,22.0,debit,atm,dining,posted
T00011062,A000521,2025-02-28 22:32:00,184.15,debit,ach,entertainment,posted
T00011063,A000521,2024-11-19 17:07:00,45.59,debit,ach,fuel,posted
T00011064,A000521,2025-02-09 13:26:00,3764.87,credit,ach,,posted
T00011065,A000521,2025-10-13 11:17:00,8.66,debit,card,entertainment,posted
T00011066,A000521,2024-07-07 15:47:00,2644.16,credit,ach,,posted
T00011067,A000521,2025-09-19 12:52:00,28.74,debit,card,utilities,posted
T00011068,A000521,2024-10-15 12:05:00,10.45,debit,p2p,dining,posted
T00011069,A000521,2024-03-12 01:45:00,29.33,debit,atm,healthcare,declined
T00011070,A000521,2024-03-15 04:59:00,12.44,debit,p2p,online_retail,posted
T00011071,A000521,2025-01-19 08:04:00,737.37,credit,ach,,posted
T00011072,A000521,2025-06-01 03:09:00,687.59,credit,ach,,posted
T00011073,A000521,2025-12-22 06:56:00,781.68,credit,ach,,posted
T00011074,A000521,2024-03-06 19:03:00,19.49,debit,atm,dining,posted
T00011075,A000521,2025-03-28 07:04:00,111.71,debit,ach,dining,declined
T00011076,A000521,2025-06-08 22:04:00,9.32,debit,p2p,fuel,posted
T00011077,A000522,2025-06-13 11:41:00,137.63,debit,card,grocery,posted
T00011078,A000522,2025-08-21 03:42:00,24.1,debit,ach,dining,posted
T00011079,A000522,2025-05-28 09:56:00,32.74,debit,atm,travel,posted
T00011080,A000522,2025-11-16 17:52:00,30.39,debit,card,online_retail,posted
T00011081,A000522,2025-09-28 06:28:00,52.43,debit,atm,dining,posted
T00011082,A000522,2025-09-28 19:39:00,37.55,debit,p2p,fuel,posted
T00011083,A000522,2025-05-17 22:34:00,7.71,debit,p2p,healthcare,posted
T00011084,A000522,2025-05-14 17:01:00,25.91,debit,card,fuel,posted
T00011085,A000522,2025-10-22 14:15:00,60.1,debit,atm,utilities,posted
T00011086,A000522,2025-05-31 10:56:00,30.76,debit,card,healthcare,posted
T00011087,A000523,2025-03-19 10:29:00,67.95,debit,card,entertainment,posted
T00011088,A000523,2025-06-11 09:45:00,4.57,debit,card,utilities,posted
T00011089,A000523,2025-10-15 05:10:00,266.2,debit,card,grocery,posted
T00011090,A000523,2025-08-15 02:10:00,13.72,debit,p2p,travel,posted
T00011091,A000523,2025-03-07 09:38:00,28.37,debit,card,online_retail,posted
T00011092,A000523,2025-03-16 06:43:00,7.68,debit,atm,dining,posted
T00011093,A000523,2025-05-07 12:14:00,10.15,debit,card,grocery,posted
T00011094,A000523,2025-12-31 11:17:00,14.71,debit,p2p,dining,posted
T00011095,A000523,2025-08-24 01:54:00,46.35,debit,card,entertainment,posted
T00011096,A000523,2025-04-26 01:50:00,9.06,debit,atm,dining,posted
T00011097,A000523,2025-04-25 23:29:00,37.32,debit,p2p,fuel,posted
T00011098,A000523,2025-06-24 16:21:00,103.77,debit,atm,utilities,posted
T00011099,A000523,2025-09-07 15:20:00,26.07,debit,card,entertainment,posted
T00011100,A000523,2025-07-14 09:19:00,1418.44,credit,ach,,posted
T00011101,A000523,2025-09-28 08:19:00,9.55,debit,p2p,fuel,posted
T00011102,A000523,2025-11-14 20:19:00,49.85,debit,card,travel,posted
T00011103,A000523,2025-11-04 21:27:00,104.14,debit,card,dining,posted
T00011104,A000523,2025-09-07 03:09:00,2525.05,credit,ach,,posted
T00011105,A000523,2025-05-05 09:47:00,50.96,debit,card,grocery,posted
T00011106,A000524,2025-07-04 07:18:00,2667.7,credit,ach,,posted
T00011107,A000524,2025-07-22 15:54:00,9.62,debit,atm,online_retail,posted
T00011108,A000524,2025-01-01 15:56:00,19.46,debit,atm,entertainment,posted
T00011109,A000524,2025-03-14 04:14:00,143.04,debit,card,entertainment,posted
T00011110,A000524,2025-06-04 23:11:00,15.86,debit,card,online_retail,posted
T00011111,A000524,2025-09-30 01:29:00,77.5,debit,p2p,dining,posted
T00011112,A000524,2025-01-01 19:33:00,85.01,debit,card,grocery,posted
T00011113,A000524,2025-12-01 12:02:00,42.42,debit,p2p,travel,reversed
T00011114,A000524,2025-05-24 01:54:00,53.42,debit,ach,utilities,posted
T00011115,A000524,2025-01-24 07:46:00,30.87,debit,card,travel,posted
T00011116,A000524,2025-01-20 08:04:00,2692.4,credit,ach,,posted
T00011117,A000524,2025-06-28 20:06:00,19.01,debit,card,fuel,posted
T00011118,A000524,2025-03-17 20:32:00,2921.61,credit,ach,,posted
T00011119,A000524,2024-11-14 00:47:00,26.45,debit,card,travel,posted
T00011120,A000524,2025-04-06 06:44:00,14.55,debit,card,utilities,posted
T00011121,A000524,2024-08-01 23:30:00,2057.75,credit,ach,,posted
T00011122,A000524,2025-12-21 12:53:00,62.28,debit,card,entertainment,posted
T00011123,A000524,2024-12-21 06:18:00,2.25,debit,card,healthcare,posted
T00011124,A000524,2025-05-14 20:20:00,12.96,debit,atm,utilities,posted
T00011125,A000524,2025-08-06 04:47:00,2705.98,credit,ach,,posted
T00011126,A000524,2024-10-04 18:57:00,65.34,debit,p2p,online_retail,posted
T00011127,A000524,2025-06-22 16:48:00,98.44,debit,card,online_retail,posted
T00011128,A000524,2024-09-04 21:08:00,14.64,debit,card,travel,posted
T00011129,A000524,2025-06-02 22:01:00,71.14,debit,card,travel,posted
T00011130,A000524,2025-05-04 08:39:00,2880.71,credit,ach,,posted
T00011131,A000524,2025-10-15 19:29:00,15.7,debit,atm,fuel,posted
T00011132,A000524,2024-11-02 08:59:00,68.47,debit,card,dining,posted
T00011133,A000524,2025-08-13 07:00:00,766.91,credit,ach,,posted
T00011134,A000524,2024-10-18 03:27:00,1561.95,credit,ach,,posted
T00011135,A000524,2025-04-03 05:04:00,53.68,debit,atm,entertainment,posted
T00011136,A000524,2024-06-24 00:40:00,115.57,debit,card,travel,posted
T00011137,A000526,2025-07-22 13:24:00,34.26,debit,card,online_retail,posted
T00011138,A000526,2025-04-24 22:12:00,31.42,debit,card,travel,posted
T00011139,A000526,2025-01-24 17:17:00,154.5,debit,p2p,entertainment,declined
T00011140,A000526,2025-01-02 03:29:00,20.83,debit,card,fuel,posted
T00011141,A000526,2024-10-19 22:07:00,3357.45,credit,ach,,posted
T00011142,A000526,2025-12-20 16:34:00,20.22,debit,card,grocery,posted
T00011143,A000526,2025-12-19 13:33:00,37.53,debit,p2p,healthcare,posted
T00011144,A000526,2025-04-11 06:12:00,52.7,debit,card,entertainment,posted
T00011145,A000526,2025-08-03 14:20:00,9.43,debit,ach,travel,posted
T00011146,A000526,2025-06-16 10:01:00,527.71,credit,ach,,posted
T00011147,A000526,2025-01-21 05:37:00,67.67,debit,ach,fuel,posted
T00011148,A000526,2025-07-20 10:34:00,12.31,debit,card,online_retail,posted
T00011149,A000526,2024-08-09 03:11:00,33.95,debit,card,utilities,posted
T00011150,A000526,2025-07-22 05:18:00,119.36,debit,ach,entertainment,posted
T00011151,A000526,2025-10-25 04:10:00,50.63,debit,card,fuel,posted
T00011152,A000526,2024-09-26 00:51:00,3725.06,credit,ach,,posted
T00011153,A000526,2024-09-10 04:35:00,2163.21,credit,ach,,posted
T00011154,A000526,2025-03-22 19:51:00,1233.63,credit,ach,,posted
T00011155,A000526,2024-12-29 20:10:00,26.49,debit,card,healthcare,posted
T00011156,A000526,2025-08-15 22:50:00,1472.96,credit,ach,,declined
T00011157,A000526,2024-08-18 16:05:00,142.89,debit,p2p,utilities,posted
T00011158,A000526,2025-12-06 02:22:00,1753.26,credit,ach,,posted
T00011159,A000526,2025-08-15 16:00:00,18.26,debit,card,travel,posted
T00011160,A000526,2025-09-15 01:05:00,40.67,debit,card,fuel,posted
T00011161,A000526,2024-12-15 19:50:00,11.84,debit,p2p,entertainment,posted
T00011162,A000526,2025-07-22 19:14:00,59.59,debit,p2p,utilities,posted
T00011163,A000526,2025-08-23 01:17:00,32.45,debit,card,dining,posted
T00011164,A000526,2024-11-03 00:20:00,1475.71,credit,ach,,posted
T00011165,A000526,2025-07-18 20:44:00,16.27,debit,ach,online_retail,posted
T00011166,A000526,2024-08-24 03:08:00,12.96,debit,ach,utilities,posted
T00011167,A000527,2025-09-24 15:35:00,64.5,debit,atm,dining,posted
T00011168,A000527,2025-11-18 14:03:00,2726.29,credit,ach,,posted
T00011169,A000527,2025-06-21 21:34:00,8.26,debit,atm,entertainment,posted
T00011170,A000527,2025-11-07 15:19:00,2184.94,credit,ach,,posted
T00011171,A000527,2025-07-22 05:10:00,3769.58,credit,ach,,declined
T00011172,A000527,2025-07-26 04:44:00,2550.51,credit,ach,,posted
T00011173,A000527,2025-11-22 01:44:00,1138.02,credit,ach,,posted
T00011174,A000527,2025-07-18 03:15:00,948.52,credit,ach,,posted
T00011175,A000527,2025-08-17 22:14:00,14.83,debit,card,travel,posted
T00011176,A000527,2025-10-26 05:30:00,1850.4,credit,ach,,posted
T00011177,A000527,2025-08-23 06:49:00,221.67,debit,card,fuel,posted
T00011178,A000527,2025-08-01 09:46:00,44.0,debit,card,fuel,posted
T00011179,A000528,2025-10-17 16:32:00,29.47,debit,atm,healthcare,posted
T00011180,A000528,2025-11-29 18:12:00,39.83,debit,card,utilities,posted
T00011181,A000528,2025-10-08 09:27:00,25.35,debit,card,travel,declined
T00011182,A000528,2025-10-23 23:30:00,44.66,debit,card,healthcare,posted
T00011183,A000528,2025-09-23 22:07:00,31.01,debit,p2p,dining,posted
T00011184,A000528,2025-11-12 04:27:00,96.6,debit,card,online_retail,posted
T00011185,A000528,2025-09-04 08:41:00,24.71,debit,p2p,entertainment,posted
T00011186,A000528,2025-11-14 00:29:00,46.86,debit,ach,dining,posted
T00011187,A000528,2025-12-16 20:24:00,14.4,debit,p2p,online_retail,posted
T00011188,A000528,2025-10-22 13:12:00,34.95,debit,card,utilities,posted
T00011189,A000528,2025-10-12 11:52:00,28.69,debit,card,utilities,posted
T00011190,A000528,2025-11-03 09:56:00,62.47,debit,atm,utilities,posted
T00011191,A000528,2025-12-23 10:23:00,9.13,debit,atm,entertainment,posted
T00011192,A000528,2025-11-30 07:35:00,716.93,credit,ach,,posted
T00011193,A000528,2025-10-04 08:28:00,97.08,debit,p2p,fuel,posted
T00011194,A000528,2025-11-07 04:21:00,30.72,debit,card,online_retail,posted
T00011195,A000528,2025-10-13 03:49:00,117.6,debit,card,utilities,posted
T00011196,A000528,2025-09-10 12:02:00,28.25,debit,p2p,fuel,posted
T00011197,A000528,2025-12-03 08:38:00,9.96,debit,card,dining,posted
T00011198,A000528,2025-09-04 10:56:00,44.32,debit,card,utilities,posted
T00011199,A000528,2025-11-22 08:56:00,110.2,debit,atm,entertainment,posted
T00011200,A000528,2025-11-09 04:26:00,27.58,debit,p2p,travel,posted
T00011201,A000528,2025-10-11 01:36:00,2738.17,credit,ach,,posted
T00011202,A000528,2025-11-04 05:28:00,1325.95,credit,ach,,posted
T00011203,A000528,2025-09-29 18:23:00,74.4,debit,atm,travel,posted
T00011204,A000528,2025-10-03 13:08:00,2005.11,credit,ach,,posted
T00011205,A000528,2025-09-10 13:12:00,236.55,debit,p2p,travel,posted
T00011206,A000528,2025-09-26 22:58:00,19.47,debit,card,utilities,declined
T00011207,A000528,2025-12-04 23:34:00,66.75,debit,ach,fuel,posted
T00011208,A000528,2025-09-13 06:39:00,29.1,debit,atm,dining,posted
T00011209,A000528,2025-11-26 08:24:00,8.89,debit,card,fuel,declined
T00011210,A000528,2025-12-08 15:13:00,39.67,debit,card,travel,posted
T00011211,A000528,2025-12-08 07:46:00,18.85,debit,card,utilities,posted
T00011212,A000528,2025-09-10 00:19:00,2066.39,credit,ach,,posted
T00011213,A000528,2025-10-27 14:52:00,14.42,debit,card,dining,posted
T00011214,A000529,2025-06-26 19:36:00,1523.8,credit,ach,,posted
T00011215,A000529,2025-11-02 08:06:00,3017.96,credit,ach,,posted
T00011216,A000529,2025-09-22 04:18:00,1265.13,credit,ach,,posted
T00011217,A000529,2025-11-10 20:16:00,229.36,debit,p2p,entertainment,posted
T00011218,A000529,2025-11-05 23:53:00,33.2,debit,p2p,travel,posted
T00011219,A000529,2025-07-01 18:35:00,28.9,debit,card,dining,posted
T00011220,A000529,2025-11-01 05:38:00,90.93,debit,p2p,travel,posted
T00011221,A000529,2025-12-06 22:17:00,2612.91,credit,ach,,posted
T00011222,A000529,2025-09-07 23:39:00,33.5,debit,p2p,online_retail,posted
T00011223,A000529,2025-09-29 10:35:00,32.48,debit,ach,fuel,posted
T00011224,A000529,2025-06-19 08:58:00,32.51,debit,card,travel,posted
T00011225,A000529,2025-10-03 13:55:00,50.38,debit,p2p,online_retail,posted
T00011226,A000529,2025-11-01 17:56:00,2719.26,credit,ach,,posted
T00011227,A000529,2025-12-13 09:37:00,26.46,debit,card,grocery,posted
T00011228,A000529,2025-12-04 05:04:00,173.0,debit,atm,entertainment,posted
T00011229,A000529,2025-07-27 08:54:00,35.27,debit,p2p,fuel,posted
T00011230,A000529,2025-07-10 05:36:00,68.76,debit,card,entertainment,posted
T00011231,A000529,2025-06-13 10:57:00,3628.09,credit,ach,,posted
T00011232,A000529,2025-09-27 16:04:00,36.64,debit,card,online_retail,posted
T00011233,A000529,2025-08-05 00:21:00,32.39,debit,card,utilities,posted
T00011234,A000529,2025-06-23 23:35:00,47.14,debit,ach,travel,posted
T00011235,A000529,2025-08-08 00:01:00,8.45,debit,card,healthcare,posted
T00011236,A000529,2025-09-01 01:25:00,10.91,debit,p2p,travel,posted
T00011237,A000529,2025-11-20 11:33:00,51.62,debit,ach,travel,posted
T00011238,A000529,2025-08-13 23:25:00,25.79,debit,card,entertainment,declined
T00011239,A000530,2025-12-31 09:47:00,49.7,debit,card,travel,posted
T00011240,A000530,2025-10-08 15:19:00,132.79,debit,card,dining,posted
T00011241,A000530,2025-11-19 00:26:00,55.14,debit,card,entertainment,posted
T00011242,A000530,2025-11-27 06:56:00,2027.35,credit,ach,,posted
T00011243,A000530,2025-12-17 22:27:00,49.47,debit,card,entertainment,posted
T00011244,A000530,2025-10-12 22:16:00,900.76,credit,ach,,posted
T00011245,A000530,2025-10-30 20:43:00,138.27,debit,card,online_retail,posted
T00011246,A000530,2025-12-23 07:17:00,4.03,debit,card,dining,posted
T00011247,A000530,2025-11-14 16:58:00,21.61,debit,ach,online_retail,posted
T00011248,A000530,2025-11-21 13:49:00,1345.61,credit,ach,,posted
T00011249,A000530,2025-10-18 03:32:00,15.91,debit,card,grocery,posted
T00011250,A000530,2025-10-23 05:23:00,406.69,debit,card,dining,posted
T00011251,A000530,2025-11-06 15:48:00,88.27,debit,card,fuel,posted
T00011252,A000530,2025-11-13 00:10:00,1094.03,credit,ach,,posted
T00011253,A000530,2025-10-24 20:46:00,21.42,debit,atm,online_retail,posted
T00011254,A000530,2025-12-03 21:49:00,32.54,debit,card,entertainment,posted
T00011255,A000530,2025-10-30 19:45:00,9.3,debit,card,online_retail,posted
T00011256,A000530,2025-10-20 23:05:00,42.68,debit,card,healthcare,posted
T00011257,A000530,2025-11-11 00:47:00,55.27,debit,card,utilities,posted
T00011258,A000530,2025-11-27 10:11:00,34.54,debit,atm,healthcare,declined
T00011259,A000530,2025-10-11 10:12:00,12.44,debit,p2p,dining,posted
T00011260,A000530,2025-12-29 18:54:00,21.02,debit,ach,travel,posted
T00011261,A000530,2025-12-17 00:10:00,15.03,debit,card,healthcare,posted
T00011262,A000530,2025-12-25 16:29:00,4.51,debit,card,healthcare,posted
T00011263,A000530,2025-11-27 00:44:00,15.05,debit,atm,dining,posted
T00011264,A000530,2025-12-16 05:48:00,8.64,debit,card,online_retail,posted
T00011265,A000530,2025-12-24 12:25:00,1527.17,credit,ach,,posted
T00011266,A000530,2025-12-28 15:12:00,436.96,debit,p2p,online_retail,posted
T00011267,A000530,2025-11-27 12:10:00,31.05,debit,card,travel,posted
T00011268,A000530,2025-10-10 13:17:00,397.27,debit,p2p,entertainment,posted
T00011269,A000531,2025-11-14 12:42:00,2417.74,credit,ach,,posted
T00011270,A000531,2025-12-23 05:22:00,43.06,debit,card,travel,posted
T00011271,A000531,2025-11-22 15:30:00,2233.59,credit,ach,,declined
T00011272,A000531,2025-11-20 08:04:00,9.5,debit,card,online_retail,posted
T00011273,A000531,2025-10-02 13:15:00,6.01,debit,card,healthcare,posted
T00011274,A000531,2025-10-28 10:07:00,2265.39,credit,ach,,posted
T00011275,A000531,2025-12-09 07:06:00,153.81,debit,ach,online_retail,posted
T00011276,A000531,2025-11-22 04:27:00,2752.87,credit,ach,,posted
T00011277,A000531,2025-10-11 01:16:00,2538.07,credit,ach,,posted
T00011278,A000531,2025-12-23 00:40:00,53.38,debit,ach,fuel,posted
T00011279,A000531,2025-12-31 05:00:00,51.85,debit,card,fuel,posted
T00011280,A000531,2025-11-04 00:33:00,2103.29,credit,ach,,posted
T00011281,A000531,2025-12-08 20:21:00,7.8,debit,card,grocery,posted
T00011282,A000531,2025-12-16 06:36:00,20.97,debit,card,travel,posted
T00011283,A000531,2025-11-26 11:22:00,3131.98,credit,ach,,posted
T00011284,A000531,2025-10-25 15:27:00,78.55,debit,card,entertainment,posted
T00011285,A000531,2025-11-24 03:18:00,1149.36,credit,ach,,posted
T00011286,A000531,2025-11-06 02:56:00,7.0,debit,card,entertainment,posted
T00011287,A000531,2025-10-04 21:11:00,47.27,debit,card,grocery,posted
T00011288,A000531,2025-11-08 08:49:00,984.44,credit,ach,,posted
T00011289,A000531,2025-11-24 16:38:00,3746.44,credit,ach,,posted
T00011290,A000531,2025-10-30 18:53:00,58.26,debit,p2p,entertainment,posted
T00011291,A000531,2025-09-09 13:37:00,66.42,debit,card,utilities,posted
T00011292,A000531,2025-12-14 16:37:00,357.72,debit,p2p,healthcare,posted
T00011293,A000531,2025-11-03 15:29:00,34.78,debit,atm,healthcare,posted
T00011294,A000531,2025-09-19 05:26:00,72.13,debit,atm,dining,posted
T00011295,A000531,2025-12-14 13:27:00,10.0,debit,atm,entertainment,posted
T00011296,A000531,2025-10-16 23:37:00,215.09,debit,card,dining,posted
T00011297,A000531,2025-09-27 18:00:00,1878.08,credit,ach,,posted
T00011298,A000531,2025-09-08 15:19:00,3748.18,credit,ach,,posted
T00011299,A000531,2025-11-18 07:32:00,27.5,debit,card,dining,posted
T00011300,A000531,2025-11-08 18:34:00,66.61,debit,ach,online_retail,posted
T00011301,A000531,2025-12-03 05:04:00,1983.99,credit,ach,,posted
T00011302,A000531,2025-12-20 04:24:00,570.99,credit,ach,,posted
T00011303,A000531,2025-12-24 05:43:00,63.44,debit,atm,healthcare,posted
T00011304,A000531,2025-09-28 09:59:00,148.51,debit,ach,fuel,posted
T00011305,A000531,2025-10-18 16:03:00,58.67,debit,card,grocery,posted
T00011306,A000533,2025-06-05 21:21:00,3.05,debit,p2p,online_retail,posted
T00011307,A000533,2025-07-13 14:36:00,9.6,debit,p2p,dining,posted
T00011308,A000533,2025-12-31 22:31:00,19.97,debit,card,entertainment,posted
T00011309,A000533,2025-12-07 21:03:00,19.5,debit,card,travel,posted
T00011310,A000533,2025-08-31 11:22:00,25.72,debit,card,healthcare,posted
T00011311,A000533,2025-07-22 04:56:00,16.0,debit,atm,travel,posted
T00011312,A000533,2025-05-26 01:51:00,56.17,debit,ach,dining,posted
T00011313,A000533,2025-07-30 03:35:00,35.64,debit,card,utilities,posted
T00011314,A000533,2025-11-23 06:05:00,60.79,debit,card,entertainment,posted
T00011315,A000533,2025-12-16 11:12:00,1593.74,credit,ach,,posted
T00011316,A000533,2025-05-22 21:52:00,3413.67,credit,ach,,posted
T00011317,A000533,2025-06-16 01:25:00,14.52,debit,card,entertainment,declined
T00011318,A000533,2025-11-06 04:34:00,2304.4,credit,ach,,posted
T00011319,A000533,2025-12-01 10:32:00,23.56,debit,atm,fuel,posted
T00011320,A000533,2025-06-30 23:17:00,14.91,debit,p2p,entertainment,posted
T00011321,A000533,2025-11-15 18:13:00,106.8,debit,atm,utilities,posted
T00011322,A000533,2025-07-31 22:45:00,139.13,debit,ach,healthcare,posted
T00011323,A000533,2025-08-21 14:47:00,63.4,debit,p2p,entertainment,posted
T00011324,A000534,2025-12-03 02:11:00,21.64,debit,p2p,dining,posted
T00011325,A000534,2025-09-29 19:56:00,170.33,debit,p2p,online_retail,posted
T00011326,A000534,2025-10-21 10:29:00,572.93,credit,ach,,posted
T00011327,A000534,2025-11-21 05:48:00,3774.27,credit,ach,,posted
T00011328,A000534,2025-11-28 05:18:00,1029.32,credit,ach,,posted
T00011329,A000534,2025-10-26 00:06:00,17.38,debit,card,travel,posted
T00011330,A000534,2025-09-14 18:48:00,43.84,debit,ach,healthcare,posted
T00011331,A000534,2025-11-13 13:28:00,2484.88,credit,ach,,posted
T00011332,A000534,2025-12-08 15:53:00,1781.47,credit,ach,,posted
T00011333,A000534,2025-11-29 18:15:00,54.14,debit,ach,entertainment,posted
T00011334,A000534,2025-10-08 13:56:00,1553.41,credit,ach,,posted
T00011335,A000534,2025-09-15 12:42:00,1144.13,credit,ach,,posted
T00011336,A000535,2025-08-12 18:55:00,28.51,debit,ach,fuel,posted
T00011337,A000535,2025-11-05 11:56:00,30.93,debit,p2p,dining,posted
T00011338,A000535,2025-12-11 03:27:00,1774.15,credit,ach,,posted
T00011339,A000535,2025-11-21 07:33:00,3.31,debit,card,utilities,posted
T00011340,A000535,2025-12-25 00:18:00,35.86,debit,card,healthcare,posted
T00011341,A000535,2025-08-07 00:55:00,11.3,debit,atm,online_retail,posted
T00011342,A000535,2025-06-24 08:42:00,28.32,debit,card,grocery,posted
T00011343,A000535,2025-10-10 01:21:00,12.06,debit,card,entertainment,posted
T00011344,A000535,2025-08-22 00:39:00,537.71,credit,ach,,posted
T00011345,A000535,2025-10-22 02:44:00,109.36,debit,card,online_retail,posted
T00011346,A000535,2025-12-02 22:48:00,45.66,debit,card,utilities,posted
T00011347,A000535,2025-11-04 03:38:00,3.17,debit,card,entertainment,posted
T00011348,A000535,2025-07-10 07:04:00,64.88,debit,p2p,fuel,posted
T00011349,A000535,2025-09-20 11:04:00,1195.67,credit,ach,,posted
T00011350,A000535,2025-11-19 04:14:00,66.5,debit,card,travel,posted
T00011351,A000535,2025-11-24 22:46:00,76.0,debit,p2p,online_retail,posted
T00011352,A000535,2025-09-05 21:23:00,2254.24,credit,ach,,posted
T00011353,A000535,2025-09-09 05:32:00,1830.47,credit,ach,,posted
T00011354,A000535,2025-12-02 14:01:00,33.95,debit,ach,entertainment,posted
T00011355,A000535,2025-08-15 06:36:00,50.4,debit,card,fuel,posted
T00011356,A000535,2025-07-10 09:18:00,30.78,debit,card,grocery,posted
T00011357,A000535,2025-12-25 18:45:00,31.78,debit,ach,fuel,posted
T00011358,A000535,2025-10-03 09:36:00,61.94,debit,ach,online_retail,posted
T00011359,A000535,2025-10-28 08:44:00,1216.4,credit,ach,,posted
T00011360,A000535,2025-10-08 04:09:00,1992.12,credit,ach,,posted
T00011361,A000535,2025-08-14 06:25:00,25.0,debit,card,entertainment,posted
T00011362,A000535,2025-08-31 23:59:00,74.45,debit,atm,travel,posted
T00011363,A000535,2025-12-23 15:37:00,10.01,debit,card,grocery,posted
T00011364,A000535,2025-11-29 17:42:00,5.64,debit,ach,entertainment,posted
T00011365,A000535,2025-06-26 14:57:00,14.7,debit,p2p,travel,posted
T00011366,A000535,2025-09-18 03:56:00,10.56,debit,card,entertainment,posted
T00011367,A000535,2025-07-13 11:55:00,89.16,debit,ach,online_retail,posted
T00011368,A000535,2025-12-05 11:40:00,3.92,debit,card,dining,posted
T00011369,A000535,2025-10-18 08:56:00,8.54,debit,card,dining,posted
T00011370,A000535,2025-09-02 16:57:00,122.18,debit,p2p,travel,posted
T00011371,A000535,2025-10-03 03:51:00,6.56,debit,card,entertainment,posted
T00011372,A000535,2025-08-25 09:22:00,45.31,debit,card,grocery,posted
T00011373,A000537,2025-06-19 07:07:00,9.91,debit,ach,healthcare,posted
T00011374,A000537,2025-12-18 02:18:00,114.37,debit,card,grocery,posted
T00011375,A000537,2025-11-04 08:36:00,9.18,debit,p2p,online_retail,posted
T00011376,A000537,2025-03-19 16:16:00,161.46,debit,ach,grocery,posted
T00011377,A000537,2025-05-18 11:42:00,3074.89,credit,ach,,posted
T00011378,A000537,2025-12-28 22:58:00,2.68,debit,atm,dining,posted
T00011379,A000537,2025-07-27 09:14:00,3346.71,credit,ach,,posted
T00011380,A000537,2025-03-15 17:07:00,34.14,debit,p2p,healthcare,posted
T00011381,A000537,2025-08-06 05:09:00,1790.04,credit,ach,,reversed
T00011382,A000537,2025-03-18 11:13:00,53.47,debit,card,utilities,posted
T00011383,A000537,2025-11-11 10:18:00,4.05,debit,card,fuel,posted
T00011384,A000537,2025-07-06 09:10:00,19.28,debit,card,grocery,posted
T00011385,A000537,2025-12-14 22:26:00,20.36,debit,p2p,fuel,posted
T00011386,A000537,2025-04-27 10:49:00,13.03,debit,card,grocery,posted
T00011387,A000537,2025-03-30 23:25:00,17.11,debit,card,dining,posted
T00011388,A000537,2025-07-10 03:42:00,2390.88,credit,ach,,posted
T00011389,A000537,2025-07-29 22:44:00,57.88,debit,atm,fuel,posted
T00011390,A000537,2025-09-15 16:05:00,845.7,credit,ach,,posted
T00011391,A000537,2025-04-10 08:21:00,29.38,debit,card,healthcare,posted
T00011392,A000537,2025-10-13 06:22:00,284.9,debit,card,utilities,posted
T00011393,A000537,2025-03-10 03:38:00,3412.55,credit,ach,,posted
T00011394,A000537,2025-09-02 06:39:00,41.22,debit,ach,dining,posted
T00011395,A000537,2025-08-07 07:26:00,17.58,debit,ach,travel,posted
T00011396,A000537,2025-05-05 16:00:00,24.97,debit,card,fuel,posted
T00011397,A000537,2025-09-07 04:34:00,384.8,debit,card,dining,posted
T00011398,A000537,2025-05-04 04:53:00,1262.07,credit,ach,,posted
T00011399,A000538,2025-12-31 16:20:00,75.18,debit,atm,dining,posted
T00011400,A000538,2025-12-30 05:46:00,6.64,debit,card,fuel,posted
T00011401,A000538,2025-12-31 17:37:00,103.12,debit,p2p,dining,posted
T00011402,A000538,2025-12-31 19:03:00,80.87,debit,p2p,fuel,posted
T00011403,A000538,2025-12-30 08:10:00,36.73,debit,atm,healthcare,posted
T00011404,A000538,2025-12-31 07:05:00,32.03,debit,card,healthcare,posted
T00011405,A000538,2025-12-31 11:11:00,10.82,debit,card,utilities,declined
T00011406,A000538,2025-12-31 16:00:00,3657.45,credit,ach,,posted
T00011407,A000538,2025-12-30 17:29:00,57.53,debit,card,utilities,posted
T00011408,A000538,2025-12-31 06:11:00,2166.45,credit,ach,,posted
T00011409,A000538,2025-12-30 09:52:00,25.52,debit,ach,grocery,posted
T00011410,A000538,2025-12-30 06:06:00,18.82,debit,ach,dining,posted
T00011411,A000538,2025-12-30 04:11:00,18.34,debit,p2p,utilities,posted
T00011412,A000538,2025-12-30 07:54:00,7.86,debit,atm,dining,posted
T00011413,A000538,2025-12-30 05:58:00,22.66,debit,card,entertainment,posted
T00011414,A000538,2025-12-31 14:54:00,1828.09,credit,ach,,posted
T00011415,A000538,2025-12-31 07:52:00,30.32,debit,card,entertainment,posted
T00011416,A000538,2025-12-31 04:06:00,83.46,debit,p2p,online_retail,posted
T00011417,A000538,2025-12-31 14:46:00,2243.23,credit,ach,,posted
T00011418,A000538,2025-12-30 08:55:00,1137.45,credit,ach,,posted
T00011419,A000538,2025-12-30 15:52:00,2114.77,credit,ach,,posted
T00011420,A000539,2025-12-25 00:22:00,3277.0,credit,ach,,posted
T00011421,A000539,2025-12-29 04:27:00,12.51,debit,ach,grocery,posted
T00011422,A000539,2025-12-31 21:33:00,16.24,debit,card,dining,posted
T00011423,A000539,2025-12-30 01:49:00,59.98,debit,card,travel,posted
T00011424,A000539,2025-12-19 12:07:00,96.01,debit,card,travel,posted
T00011425,A000539,2025-12-20 05:13:00,82.06,debit,ach,utilities,posted
T00011426,A000539,2025-12-21 19:43:00,50.37,debit,card,travel,posted
T00011427,A000540,2025-10-28 01:14:00,34.79,debit,p2p,travel,posted
T00011428,A000540,2025-09-13 08:03:00,10.1,debit,card,grocery,posted
T00011429,A000540,2025-06-14 16:23:00,35.88,debit,card,dining,reversed
T00011430,A000540,2025-05-02 22:43:00,55.64,debit,p2p,travel,posted
T00011431,A000540,2025-05-29 04:13:00,63.76,debit,card,online_retail,posted
T00011432,A000540,2025-08-02 22:24:00,2538.13,credit,ach,,posted
T00011433,A000540,2025-06-10 21:04:00,79.79,debit,ach,fuel,posted
T00011434,A000540,2025-08-12 13:37:00,34.76,debit,ach,dining,posted
T00011435,A000540,2025-12-24 08:38:00,15.33,debit,card,dining,posted
T00011436,A000540,2025-07-28 07:16:00,18.22,debit,p2p,grocery,posted
T00011437,A000540,2025-12-17 00:28:00,50.76,debit,card,fuel,posted
T00011438,A000540,2025-09-06 17:13:00,237.49,debit,atm,fuel,posted
T00011439,A000541,2025-12-01 09:12:00,5.31,debit,ach,grocery,posted
T00011440,A000541,2025-12-11 18:12:00,8.72,debit,atm,fuel,posted
T00011441,A000541,2025-11-13 00:55:00,25.19,debit,p2p,healthcare,posted
T00011442,A000541,2025-11-18 08:38:00,3730.56,credit,ach,,posted
T00011443,A000541,2025-11-30 05:22:00,1511.09,credit,ach,,posted
T00011444,A000541,2025-12-26 15:21:00,16.04,debit,p2p,travel,posted
T00011445,A000541,2025-11-24 07:05:00,49.23,debit,p2p,fuel,posted
T00011446,A000541,2025-12-24 09:24:00,57.79,debit,p2p,fuel,declined
T00011447,A000541,2025-11-15 21:57:00,20.47,debit,card,healthcare,posted
T00011448,A000541,2025-12-23 05:01:00,73.12,debit,card,travel,posted
T00011449,A000541,2025-11-19 09:19:00,26.38,debit,p2p,healthcare,posted
T00011450,A000541,2025-12-26 12:21:00,2154.67,credit,ach,,posted
T00011451,A000541,2025-11-27 16:42:00,22.12,debit,card,utilities,posted
T00011452,A000541,2025-12-05 15:42:00,5.82,debit,card,online_retail,posted
T00011453,A000541,2025-12-24 16:02:00,36.45,debit,card,online_retail,posted
T00011454,A000541,2025-11-17 10:34:00,36.92,debit,card,utilities,posted
T00011455,A000541,2025-12-17 08:37:00,36.91,debit,card,healthcare,posted
T00011456,A000541,2025-11-16 01:29:00,52.6,debit,card,online_retail,posted
T00011457,A000541,2025-12-21 18:05:00,27.61,debit,ach,dining,reversed
T00011458,A000541,2025-12-02 15:11:00,2934.04,credit,ach,,posted
T00011459,A000543,2025-12-03 19:17:00,23.2,debit,ach,healthcare,posted
T00011460,A000543,2025-09-19 16:32:00,17.4,debit,card,fuel,posted
T00011461,A000543,2025-11-30 17:11:00,33.52,debit,card,grocery,posted
T00011462,A000543,2025-12-07 16:22:00,664.57,credit,ach,,posted
T00011463,A000543,2025-12-29 19:03:00,28.75,debit,p2p,fuel,posted
T00011464,A000543,2025-08-06 20:29:00,33.1,debit,ach,entertainment,posted
T00011465,A000543,2025-12-03 01:46:00,113.61,debit,p2p,dining,posted
T00011466,A000543,2025-09-11 00:36:00,49.87,debit,atm,fuel,posted
T00011467,A000543,2025-11-27 19:02:00,1026.02,credit,ach,,declined
T00011468,A000543,2025-11-10 07:50:00,40.71,debit,atm,utilities,posted
T00011469,A000543,2025-08-16 08:15:00,18.76,debit,p2p,utilities,posted
T00011470,A000543,2025-08-20 18:08:00,2284.02,credit,ach,,posted
T00011471,A000543,2025-12-10 21:57:00,41.37,debit,ach,grocery,posted
T00011472,A000543,2025-12-04 07:29:00,74.25,debit,p2p,entertainment,posted
T00011473,A000543,2025-11-18 03:11:00,2100.11,credit,ach,,posted
T00011474,A000543,2025-09-02 01:13:00,3.62,debit,card,online_retail,posted
T00011475,A000543,2025-11-22 01:08:00,150.63,debit,card,grocery,posted
T00011476,A000543,2025-08-14 05:47:00,39.0,debit,p2p,fuel,declined
T00011477,A000543,2025-11-08 10:03:00,3886.99,credit,ach,,posted
T00011478,A000543,2025-08-09 11:24:00,15.66,debit,card,entertainment,posted
T00011479,A000543,2025-08-23 06:20:00,14.7,debit,atm,fuel,posted
T00011480,A000543,2025-09-28 12:35:00,1031.63,credit,ach,,posted
T00011481,A000543,2025-12-03 16:56:00,81.46,debit,card,utilities,posted
T00011482,A000543,2025-12-25 05:48:00,32.83,debit,card,online_retail,posted
T00011483,A000543,2025-09-20 10:36:00,69.82,debit,card,travel,reversed
T00011484,A000543,2025-11-17 12:41:00,6.81,debit,atm,online_retail,posted
T00011485,A000543,2025-10-11 18:37:00,1884.98,credit,ach,,posted
T00011486,A000543,2025-12-30 09:04:00,26.47,debit,card,dining,posted
T00011487,A000543,2025-12-07 13:17:00,272.66,debit,ach,utilities,posted
T00011488,A000543,2025-12-20 20:57:00,11.49,debit,atm,healthcare,posted
T00011489,A000543,2025-10-02 02:20:00,1595.11,credit,ach,,posted
T00011490,A000543,2025-11-11 07:30:00,92.82,debit,atm,dining,posted
T00011491,A000543,2025-11-12 19:27:00,60.75,debit,card,healthcare,posted
T00011492,A000543,2025-09-27 21:14:00,48.91,debit,p2p,utilities,posted
T00011493,A000543,2025-08-07 07:40:00,93.8,debit,card,online_retail,posted
T00011494,A000544,2025-06-10 23:52:00,19.12,debit,ach,grocery,posted
T00011495,A000544,2024-12-16 16:27:00,80.78,debit,ach,healthcare,posted
T00011496,A000544,2025-06-16 22:57:00,52.87,debit,p2p,fuel,posted
T00011497,A000544,2025-10-11 05:45:00,11.28,debit,ach,entertainment,posted
T00011498,A000544,2024-12-01 06:54:00,2505.52,credit,ach,,posted
T00011499,A000544,2024-09-14 14:21:00,29.04,debit,p2p,dining,posted
T00011500,A000544,2025-02-23 15:28:00,17.21,debit,p2p,healthcare,posted
T00011501,A000544,2025-07-27 01:06:00,50.03,debit,atm,grocery,posted
T00011502,A000544,2024-11-23 09:54:00,51.83,debit,atm,grocery,posted
T00011503,A000544,2025-01-06 13:44:00,3317.67,credit,ach,,posted
T00011504,A000544,2024-12-03 05:28:00,24.76,debit,p2p,online_retail,posted
T00011505,A000544,2025-02-10 07:11:00,9.65,debit,card,healthcare,posted
T00011506,A000544,2025-10-31 02:55:00,21.87,debit,card,entertainment,posted
T00011507,A000544,2025-12-22 18:42:00,48.03,debit,card,grocery,declined
T00011508,A000544,2025-06-01 07:59:00,318.23,debit,atm,dining,posted
T00011509,A000544,2025-03-21 00:51:00,108.03,debit,ach,travel,posted
T00011510,A000544,2025-10-13 11:29:00,21.2,debit,card,dining,posted
T00011511,A000544,2025-09-28 21:37:00,3025.18,credit,ach,,posted
T00011512,A000544,2025-10-18 00:40:00,22.34,debit,card,utilities,posted
T00011513,A000544,2025-11-30 17:07:00,9.68,debit,card,online_retail,posted
T00011514,A000544,2025-10-09 06:45:00,42.21,debit,ach,online_retail,posted
T00011515,A000544,2025-08-30 16:43:00,39.96,debit,atm,travel,declined
T00011516,A000544,2025-11-21 15:38:00,1918.94,credit,ach,,posted
T00011517,A000544,2025-05-13 12:37:00,9.87,debit,p2p,utilities,posted
T00011518,A000544,2024-11-26 07:37:00,19.59,debit,atm,travel,posted
T00011519,A000544,2025-06-14 16:54:00,50.76,debit,card,fuel,posted
T00011520,A000544,2025-05-26 06:28:00,17.24,debit,p2p,healthcare,posted
T00011521,A000544,2025-11-20 18:06:00,23.52,debit,atm,online_retail,posted
T00011522,A000544,2025-07-14 18:09:00,107.91,debit,card,travel,posted
T00011523,A000544,2025-08-22 17:57:00,2.11,debit,card,fuel,posted
T00011524,A000544,2025-06-21 07:16:00,2290.96,credit,ach,,posted
T00011525,A000544,2024-12-27 18:12:00,46.91,debit,atm,fuel,posted
T00011526,A000544,2025-07-01 03:57:00,5.87,debit,atm,dining,posted
T00011527,A000544,2025-05-02 16:49:00,20.19,debit,p2p,grocery,posted
T00011528,A000544,2025-11-13 16:37:00,35.86,debit,atm,utilities,posted
T00011529,A000544,2025-10-04 19:54:00,7.92,debit,ach,fuel,posted
T00011530,A000544,2025-03-26 02:38:00,66.58,debit,p2p,grocery,posted
T00011531,A000545,2025-10-24 07:20:00,1082.19,credit,ach,,posted
T00011532,A000545,2025-11-21 22:48:00,3860.27,credit,ach,,posted
T00011533,A000545,2025-12-01 16:12:00,6.03,debit,atm,travel,posted
T00011534,A000545,2025-11-20 18:12:00,23.4,debit,card,healthcare,posted
T00011535,A000545,2025-11-19 07:43:00,3093.55,credit,ach,,posted
T00011536,A000545,2025-10-21 11:58:00,27.6,debit,card,fuel,posted
T00011537,A000545,2025-12-16 17:11:00,3709.18,credit,ach,,posted
T00011538,A000545,2025-10-22 02:17:00,959.19,credit,ach,,posted
T00011539,A000545,2025-11-09 19:48:00,5.71,debit,ach,healthcare,posted
T00011540,A000545,2025-10-25 19:01:00,3864.46,credit,ach,,posted
T00011541,A000545,2025-09-01 20:54:00,3061.13,credit,ach,,posted
T00011542,A000545,2025-11-26 18:35:00,317.05,debit,card,utilities,posted
T00011543,A000545,2025-12-09 04:20:00,2356.71,credit,ach,,posted
T00011544,A000545,2025-11-21 03:40:00,154.2,debit,card,travel,posted
T00011545,A000545,2025-09-13 19:58:00,3899.05,credit,ach,,posted
T00011546,A000545,2025-08-28 09:28:00,124.23,debit,card,dining,posted
T00011547,A000545,2025-11-10 13:24:00,2308.21,credit,ach,,posted
T00011548,A000545,2025-11-21 07:49:00,3579.48,credit,ach,,posted
T00011549,A000545,2025-10-10 17:55:00,3605.09,credit,ach,,posted
T00011550,A000545,2025-12-21 17:41:00,691.49,credit,ach,,posted
T00011551,A000545,2025-11-02 23:17:00,2914.38,credit,ach,,posted
T00011552,A000545,2025-09-15 01:12:00,42.16,debit,card,online_retail,posted
T00011553,A000545,2025-12-03 02:54:00,66.6,debit,atm,online_retail,posted
T00011554,A000545,2025-09-03 07:14:00,39.67,debit,p2p,dining,posted
T00011555,A000545,2025-09-11 04:24:00,34.64,debit,atm,fuel,posted
T00011556,A000545,2025-10-10 23:09:00,75.46,debit,card,online_retail,declined
T00011557,A000545,2025-11-04 09:19:00,27.57,debit,p2p,travel,posted
T00011558,A000545,2025-09-10 01:45:00,3069.59,credit,ach,,posted
T00011559,A000545,2025-12-16 19:27:00,49.19,debit,card,grocery,posted
T00011560,A000545,2025-10-25 09:19:00,83.78,debit,p2p,healthcare,posted
T00011561,A000545,2025-08-27 13:14:00,27.37,debit,card,utilities,posted
T00011562,A000545,2025-09-04 12:20:00,26.89,debit,card,dining,posted
T00011563,A000545,2025-09-16 01:21:00,29.32,debit,p2p,utilities,posted
T00011564,A000545,2025-09-13 22:33:00,9.31,debit,ach,healthcare,posted
T00011565,A000545,2025-11-06 20:34:00,1.36,debit,card,healthcare,posted
T00011566,A000545,2025-09-14 16:31:00,27.77,debit,card,fuel,posted
T00011567,A000545,2025-11-05 10:35:00,23.43,debit,card,grocery,posted
T00011568,A000545,2025-12-20 13:06:00,43.71,debit,card,online_retail,posted
T00011569,A000546,2025-07-22 09:57:00,55.73,debit,atm,travel,posted
T00011570,A000546,2025-11-15 15:30:00,71.93,debit,atm,entertainment,posted
T00011571,A000546,2025-08-19 13:30:00,94.85,debit,atm,grocery,posted
T00011572,A000546,2025-07-23 04:02:00,190.7,debit,ach,dining,posted
T00011573,A000546,2025-12-22 04:55:00,10.67,debit,card,entertainment,posted
T00011574,A000546,2025-12-04 19:53:00,41.77,debit,card,online_retail,posted
T00011575,A000546,2025-09-13 16:52:00,15.77,debit,atm,fuel,posted
T00011576,A000546,2025-10-16 19:12:00,37.27,debit,card,travel,posted
T00011577,A000546,2025-07-11 08:49:00,37.75,debit,card,grocery,posted
T00011578,A000546,2025-11-03 00:36:00,55.42,debit,ach,dining,posted
T00011579,A000546,2025-12-14 09:29:00,1230.21,credit,ach,,reversed
T00011580,A000546,2025-11-30 04:03:00,55.72,debit,card,online_retail,posted
T00011581,A000546,2025-08-14 03:00:00,3425.53,credit,ach,,posted
T00011582,A000546,2025-08-09 23:55:00,14.29,debit,card,grocery,posted
T00011583,A000546,2025-08-29 06:03:00,30.01,debit,atm,travel,declined
T00011584,A000546,2025-06-17 00:11:00,3315.37,credit,ach,,posted
T00011585,A000546,2025-11-22 14:28:00,2808.3,credit,ach,,posted
T00011586,A000546,2025-08-26 11:23:00,1508.5,credit,ach,,posted
T00011587,A000547,2025-11-17 05:57:00,57.63,debit,p2p,online_retail,posted
T00011588,A000547,2025-12-08 07:53:00,619.62,debit,card,fuel,posted
T00011589,A000547,2025-11-10 16:54:00,749.43,credit,ach,,posted
T00011590,A000547,2025-12-15 08:45:00,3039.36,credit,ach,,posted
T00011591,A000547,2025-12-17 04:32:00,8.15,debit,atm,travel,posted
T00011592,A000547,2025-11-05 21:22:00,20.64,debit,ach,dining,posted
T00011593,A000547,2025-11-25 21:03:00,36.35,debit,card,grocery,posted
T00011594,A000547,2025-11-08 21:56:00,189.65,debit,card,grocery,posted
T00011595,A000547,2025-12-22 17:58:00,2687.05,credit,ach,,posted
T00011596,A000547,2025-12-29 11:55:00,3544.31,credit,ach,,posted
T00011597,A000547,2025-12-16 06:02:00,15.11,debit,card,utilities,posted
T00011598,A000547,2025-11-29 03:15:00,13.25,debit,card,online_retail,reversed
T00011599,A000547,2025-12-11 05:35:00,57.97,debit,atm,entertainment,posted
T00011600,A000547,2025-11-25 09:01:00,3327.33,credit,ach,,posted
T00011601,A000547,2025-12-10 14:12:00,9.57,debit,ach,online_retail,posted
T00011602,A000547,2025-12-05 07:08:00,64.85,debit,p2p,healthcare,posted
T00011603,A000547,2025-11-03 06:26:00,1293.15,credit,ach,,posted
T00011604,A000547,2025-12-16 10:16:00,3821.23,credit,ach,,posted
T00011605,A000547,2025-12-29 14:48:00,3.79,debit,card,grocery,posted
T00011606,A000547,2025-11-05 02:43:00,72.03,debit,card,grocery,posted
T00011607,A000547,2025-11-14 04:20:00,96.7,debit,atm,utilities,posted
T00011608,A000547,2025-12-25 08:09:00,191.5,debit,p2p,grocery,posted
T00011609,A000547,2025-10-30 12:33:00,65.85,debit,atm,healthcare,posted
T00011610,A000547,2025-11-28 07:58:00,107.17,debit,card,entertainment,posted
T00011611,A000547,2025-12-30 05:43:00,14.09,debit,card,dining,posted
T00011612,A000547,2025-12-19 04:40:00,29.77,debit,card,grocery,posted
T00011613,A000547,2025-12-02 17:51:00,3921.53,credit,ach,,posted
T00011614,A000547,2025-11-04 00:25:00,26.66,debit,card,healthcare,posted
T00011615,A000547,2025-11-22 05:55:00,64.74,debit,atm,online_retail,posted
T00011616,A000547,2025-12-22 18:09:00,13.28,debit,card,healthcare,posted
T00011617,A000548,2025-11-29 18:38:00,165.75,debit,p2p,grocery,posted
T00011618,A000548,2025-06-11 03:21:00,5.61,debit,card,dining,posted
T00011619,A000548,2025-06-07 18:05:00,127.64,debit,card,dining,posted
T00011620,A000548,2025-09-14 14:33:00,157.59,debit,ach,travel,posted
T00011621,A000548,2025-08-13 05:13:00,891.45,credit,ach,,posted
T00011622,A000548,2025-08-28 01:12:00,3601.79,credit,ach,,posted
T00011623,A000548,2025-11-07 05:22:00,17.82,debit,ach,grocery,posted
T00011624,A000548,2025-10-15 23:36:00,1.69,debit,card,entertainment,posted
T00011625,A000548,2025-10-01 05:58:00,36.51,debit,card,travel,posted
T00011626,A000548,2025-07-14 13:04:00,585.36,credit,ach,,posted
T00011627,A000548,2025-06-21 02:59:00,10.98,debit,ach,healthcare,posted
T00011628,A000548,2025-06-24 14:38:00,29.72,debit,ach,healthcare,posted
T00011629,A000548,2025-08-24 12:15:00,22.63,debit,ach,fuel,posted
T00011630,A000548,2025-07-10 00:04:00,4.6,debit,p2p,dining,posted
T00011631,A000548,2025-09-19 21:21:00,106.89,debit,p2p,healthcare,posted
T00011632,A000548,2025-07-23 11:23:00,23.54,debit,card,online_retail,posted
T00011633,A000548,2025-09-23 05:55:00,29.46,debit,p2p,healthcare,posted
T00011634,A000548,2025-06-03 15:21:00,38.14,debit,atm,healthcare,posted
T00011635,A000548,2025-10-09 04:12:00,78.55,debit,card,fuel,posted
T00011636,A000549,2025-12-25 02:49:00,31.51,debit,card,dining,posted
T00011637,A000549,2025-12-20 06:19:00,61.34,debit,ach,healthcare,posted
T00011638,A000549,2025-12-20 04:07:00,36.04,debit,card,dining,posted
T00011639,A000549,2025-12-25 08:49:00,3393.18,credit,ach,,posted
T00011640,A000549,2025-12-19 18:34:00,53.58,debit,p2p,entertainment,posted
T00011641,A000549,2025-12-31 00:39:00,137.53,debit,card,dining,posted
T00011642,A000549,2025-12-22 11:15:00,19.1,debit,ach,entertainment,posted
T00011643,A000549,2025-12-30 06:38:00,92.14,debit,ach,grocery,posted
T00011644,A000549,2025-12-23 04:44:00,16.69,debit,card,dining,posted
T00011645,A000549,2025-12-28 07:41:00,3.1,debit,p2p,fuel,posted
T00011646,A000549,2025-12-28 02:19:00,16.11,debit,card,grocery,posted
T00011647,A000549,2025-12-19 18:50:00,13.13,debit,atm,utilities,posted
T00011648,A000549,2025-12-19 10:33:00,51.04,debit,p2p,online_retail,posted
T00011649,A000549,2025-12-28 06:51:00,33.33,debit,card,healthcare,posted
T00011650,A000549,2025-12-27 20:25:00,5.98,debit,ach,online_retail,reversed
T00011651,A000549,2025-12-30 17:11:00,16.93,debit,atm,healthcare,posted
T00011652,A000549,2025-12-25 11:31:00,1630.1,credit,ach,,posted
T00011653,A000549,2025-12-23 22:35:00,3236.26,credit,ach,,posted
T00011654,A000549,2025-12-27 08:29:00,24.47,debit,p2p,travel,posted
T00011655,A000549,2025-12-22 06:51:00,6.87,debit,ach,fuel,posted
T00011656,A000549,2025-12-25 20:41:00,92.01,debit,card,healthcare,posted
T00011657,A000549,2025-12-24 12:09:00,27.74,debit,p2p,dining,posted
T00011658,A000549,2025-12-26 09:51:00,95.11,debit,card,fuel,posted
T00011659,A000549,2025-12-19 23:53:00,47.35,debit,card,fuel,posted
T00011660,A000549,2025-12-26 01:09:00,204.48,debit,card,dining,posted
T00011661,A000549,2025-12-21 12:21:00,2823.89,credit,ach,,posted
T00011662,A000549,2025-12-20 22:13:00,15.0,debit,p2p,utilities,posted
T00011663,A000549,2025-12-31 10:27:00,36.47,debit,card,grocery,posted
T00011664,A000549,2025-12-30 11:45:00,18.98,debit,p2p,dining,posted
T00011665,A000549,2025-12-28 02:43:00,35.13,debit,card,healthcare,posted
T00011666,A000549,2025-12-30 15:22:00,45.06,debit,ach,healthcare,posted
T00011667,A000549,2025-12-26 15:05:00,14.75,debit,card,entertainment,posted
T00011668,A000549,2025-12-30 04:50:00,8.63,debit,atm,grocery,posted
T00011669,A000549,2025-12-20 14:06:00,19.11,debit,card,dining,posted
T00011670,A000549,2025-12-31 10:04:00,43.48,debit,ach,online_retail,posted
T00011671,A000550,2025-12-24 04:30:00,19.52,debit,ach,online_retail,posted
T00011672,A000550,2025-12-03 11:46:00,54.34,debit,card,fuel,posted
T00011673,A000550,2024-09-08 07:10:00,45.95,debit,p2p,entertainment,posted
T00011674,A000550,2025-08-29 22:52:00,53.44,debit,card,grocery,posted
T00011675,A000550,2025-12-07 09:20:00,15.85,debit,p2p,grocery,posted
T00011676,A000550,2025-01-07 07:46:00,2854.85,credit,ach,,posted
T00011677,A000550,2024-08-25 14:28:00,11.62,debit,card,fuel,posted
T00011678,A000550,2025-02-27 20:06:00,22.38,debit,p2p,fuel,posted
T00011679,A000550,2024-10-05 06:14:00,141.56,debit,card,fuel,posted
T00011680,A000550,2025-01-06 11:15:00,1789.12,credit,ach,,posted
T00011681,A000550,2025-06-21 15:35:00,132.99,debit,card,travel,posted
T00011682,A000550,2024-11-28 05:51:00,19.12,debit,p2p,fuel,posted
T00011683,A000550,2025-11-10 00:33:00,19.62,debit,card,dining,posted
T00011684,A000550,2025-12-28 10:54:00,29.34,debit,card,healthcare,posted
T00011685,A000550,2025-09-13 20:11:00,14.61,debit,card,travel,posted
T00011686,A000550,2024-12-12 10:01:00,2531.99,credit,ach,,posted
T00011687,A000551,2025-11-20 10:30:00,244.99,debit,ach,utilities,posted
T00011688,A000551,2025-11-18 04:33:00,11.04,debit,card,travel,posted
T00011689,A000551,2025-11-12 15:51:00,6.4,debit,card,travel,posted
T00011690,A000551,2025-12-12 07:15:00,22.9,debit,atm,utilities,posted
T00011691,A000551,2025-11-09 13:53:00,56.0,debit,card,grocery,posted
T00011692,A000551,2025-11-18 10:10:00,66.76,debit,card,fuel,posted
T00011693,A000551,2025-12-28 00:37:00,2229.38,credit,ach,,posted
T00011694,A000551,2025-12-16 13:47:00,3.75,debit,atm,healthcare,posted
T00011695,A000551,2025-11-25 23:20:00,36.72,debit,card,fuel,posted
T00011696,A000551,2025-11-16 15:23:00,4.01,debit,atm,utilities,posted
T00011697,A000551,2025-12-23 21:47:00,63.17,debit,atm,travel,posted
T00011698,A000551,2025-12-25 20:02:00,1798.97,credit,ach,,posted
T00011699,A000551,2025-11-17 10:56:00,77.78,debit,card,grocery,posted
T00011700,A000551,2025-12-24 22:23:00,64.12,debit,atm,travel,posted
T00011701,A000551,2025-11-01 15:02:00,3529.81,credit,ach,,posted
T00011702,A000551,2025-10-29 16:58:00,2645.92,credit,ach,,posted
T00011703,A000551,2025-11-02 01:03:00,105.9,debit,p2p,grocery,posted
T00011704,A000551,2025-10-09 05:44:00,9.97,debit,card,fuel,posted
T00011705,A000552,2025-05-07 09:28:00,50.02,debit,card,grocery,posted
T00011706,A000552,2025-11-27 04:46:00,18.56,debit,atm,travel,posted
T00011707,A000552,2025-06-25 05:25:00,3994.58,credit,ach,,posted
T00011708,A000552,2025-08-13 23:50:00,11.98,debit,card,entertainment,posted
T00011709,A000552,2025-10-25 21:10:00,1272.21,credit,ach,,posted
T00011710,A000552,2025-10-27 23:13:00,10.17,debit,card,grocery,posted
T00011711,A000552,2025-06-12 17:06:00,261.17,debit,p2p,healthcare,posted
T00011712,A000552,2025-08-25 01:42:00,3907.97,credit,ach,,posted
T00011713,A000552,2025-06-07 03:49:00,24.99,debit,p2p,fuel,reversed
T00011714,A000552,2025-10-31 05:27:00,4.3,debit,card,utilities,posted
T00011715,A000552,2025-09-10 11:00:00,2398.09,credit,ach,,posted
T00011716,A000552,2025-11-11 07:27:00,26.05,debit,card,entertainment,posted
T00011717,A000552,2025-06-25 11:11:00,61.75,debit,card,grocery,posted
T00011718,A000552,2025-11-21 08:44:00,7.61,debit,card,travel,posted
T00011719,A000552,2025-05-20 01:06:00,3193.32,credit,ach,,posted
T00011720,A000552,2025-06-29 15:02:00,11.07,debit,p2p,online_retail,posted
T00011721,A000552,2025-08-02 14:02:00,14.02,debit,card,healthcare,posted
T00011722,A000552,2025-12-14 09:54:00,22.68,debit,ach,utilities,posted
T00011723,A000552,2025-12-08 13:26:00,24.69,debit,p2p,utilities,posted
T00011724,A000552,2025-05-16 17:41:00,34.47,debit,p2p,dining,posted
T00011725,A000552,2025-06-30 07:35:00,43.13,debit,p2p,fuel,posted
T00011726,A000552,2025-11-27 08:47:00,263.14,debit,atm,entertainment,posted
T00011727,A000552,2025-10-18 07:54:00,3978.93,credit,ach,,posted
T00011728,A000552,2025-06-04 14:44:00,1678.58,credit,ach,,posted
T00011729,A000552,2025-06-11 18:40:00,33.29,debit,card,healthcare,posted
T00011730,A000552,2025-05-13 17:58:00,57.24,debit,card,fuel,posted
T00011731,A000552,2025-06-26 11:42:00,26.83,debit,card,fuel,posted
T00011732,A000552,2025-09-18 09:53:00,5.02,debit,p2p,utilities,posted
T00011733,A000552,2025-10-10 16:48:00,117.94,debit,atm,grocery,posted
T00011734,A000552,2025-05-10 22:31:00,563.66,credit,ach,,posted
T00011735,A000552,2025-07-24 12:46:00,865.45,credit,ach,,posted
T00011736,A000552,2025-09-22 08:56:00,30.83,debit,p2p,utilities,posted
T00011737,A000552,2025-08-04 05:04:00,10.56,debit,card,healthcare,posted
T00011738,A000552,2025-11-29 00:59:00,15.28,debit,card,travel,posted
T00011739,A000552,2025-08-15 07:43:00,46.4,debit,ach,dining,posted
T00011740,A000554,2025-12-30 04:47:00,18.26,debit,card,utilities,posted
T00011741,A000554,2025-03-07 21:36:00,1071.19,credit,ach,,posted
T00011742,A000554,2025-10-01 03:41:00,3851.45,credit,ach,,posted
T00011743,A000554,2025-03-06 18:38:00,38.98,debit,card,fuel,posted
T00011744,A000554,2025-11-27 03:54:00,3750.77,credit,ach,,posted
T00011745,A000554,2025-05-19 08:02:00,16.34,debit,p2p,utilities,posted
T00011746,A000555,2025-12-13 04:42:00,3391.4,credit,ach,,posted
T00011747,A000555,2025-10-07 09:25:00,3243.86,credit,ach,,posted
T00011748,A000555,2025-12-15 05:22:00,131.27,debit,card,travel,posted
T00011749,A000555,2025-09-23 15:41:00,731.45,credit,ach,,posted
T00011750,A000555,2025-10-20 13:36:00,72.1,debit,atm,utilities,declined
T00011751,A000555,2025-12-30 19:57:00,128.92,debit,ach,grocery,posted
T00011752,A000555,2025-10-06 06:47:00,53.54,debit,atm,grocery,posted
T00011753,A000555,2025-11-14 19:50:00,53.57,debit,card,online_retail,posted
T00011754,A000555,2025-10-14 07:47:00,36.52,debit,atm,dining,posted
T00011755,A000555,2025-12-28 12:52:00,70.6,debit,atm,fuel,posted
T00011756,A000555,2025-09-13 15:08:00,2376.78,credit,ach,,posted
T00011757,A000555,2025-12-15 02:26:00,38.62,debit,ach,travel,posted
T00011758,A000555,2025-11-08 07:49:00,15.74,debit,p2p,healthcare,posted
T00011759,A000555,2025-12-01 09:00:00,2134.73,credit,ach,,posted
T00011760,A000555,2025-12-21 10:43:00,24.94,debit,card,healthcare,posted
T00011761,A000555,2025-11-12 02:40:00,3322.52,credit,ach,,declined
T00011762,A000555,2025-11-18 16:17:00,3936.34,credit,ach,,posted
T00011763,A000555,2025-12-19 10:23:00,35.3,debit,card,entertainment,posted
T00011764,A000555,2025-11-27 01:40:00,135.75,debit,ach,dining,posted
T00011765,A000555,2025-11-17 17:01:00,13.12,debit,card,travel,posted
T00011766,A000555,2025-10-07 16:47:00,84.93,debit,card,utilities,posted
T00011767,A000555,2025-09-21 10:42:00,33.03,debit,p2p,utilities,posted
T00011768,A000555,2025-10-16 10:30:00,116.78,debit,card,travel,posted
T00011769,A000555,2025-12-13 17:42:00,12.27,debit,p2p,travel,posted
T00011770,A000555,2025-09-21 21:38:00,231.64,debit,card,healthcare,posted
T00011771,A000555,2025-09-30 02:47:00,1370.26,credit,ach,,posted
T00011772,A000555,2025-12-30 23:05:00,9.22,debit,p2p,fuel,posted
T00011773,A000555,2025-09-21 04:59:00,73.63,debit,p2p,fuel,posted
T00011774,A000555,2025-12-02 02:33:00,25.28,debit,card,fuel,posted
T00011775,A000555,2025-12-08 01:44:00,74.84,debit,ach,grocery,posted
T00011776,A000555,2025-12-04 20:59:00,3151.9,credit,ach,,posted
T00011777,A000555,2025-10-01 05:23:00,9.24,debit,card,travel,posted
T00011778,A000555,2025-10-20 16:20:00,197.0,debit,card,utilities,posted
T00011779,A000555,2025-11-01 01:19:00,3371.15,credit,ach,,posted
T00011780,A000555,2025-12-21 21:16:00,1998.09,credit,ach,,posted
T00011781,A000556,2025-04-29 20:54:00,12.04,debit,atm,healthcare,posted
T00011782,A000556,2025-11-04 17:45:00,31.55,debit,card,grocery,posted
T00011783,A000556,2024-11-30 11:49:00,21.42,debit,ach,dining,posted
T00011784,A000556,2025-12-12 02:42:00,58.92,debit,card,online_retail,posted
T00011785,A000556,2024-10-12 19:55:00,780.51,credit,ach,,posted
T00011786,A000556,2025-04-01 15:44:00,2708.18,credit,ach,,posted
T00011787,A000556,2024-08-09 01:28:00,3.18,debit,card,dining,posted
T00011788,A000556,2025-04-02 07:37:00,29.06,debit,ach,dining,posted
T00011789,A000557,2025-04-21 06:07:00,24.74,debit,card,travel,posted
T00011790,A000557,2025-06-18 21:09:00,50.04,debit,card,healthcare,posted
T00011791,A000557,2025-07-07 07:42:00,32.29,debit,atm,healthcare,posted
T00011792,A000557,2025-03-15 21:47:00,2349.38,credit,ach,,posted
T00011793,A000557,2025-05-07 03:37:00,57.78,debit,card,grocery,posted
T00011794,A000557,2025-04-03 19:46:00,71.97,debit,card,travel,posted
T00011795,A000557,2025-07-15 10:56:00,14.31,debit,card,healthcare,declined
T00011796,A000557,2025-03-27 00:59:00,28.09,debit,atm,healthcare,posted
T00011797,A000557,2025-01-21 01:49:00,40.12,debit,p2p,fuel,posted
T00011798,A000557,2025-02-17 18:36:00,15.56,debit,p2p,healthcare,posted
T00011799,A000557,2025-04-04 19:55:00,2772.43,credit,ach,,posted
T00011800,A000557,2025-03-14 20:21:00,1086.24,credit,ach,,posted
T00011801,A000557,2025-11-22 06:15:00,22.39,debit,ach,dining,posted
T00011802,A000557,2025-09-28 19:55:00,88.23,debit,card,entertainment,posted
T00011803,A000557,2025-05-14 10:53:00,22.5,debit,card,healthcare,posted
T00011804,A000557,2025-10-19 05:28:00,1697.21,credit,ach,,posted
T00011805,A000557,2025-03-28 03:39:00,46.14,debit,p2p,online_retail,posted
T00011806,A000558,2025-12-20 17:39:00,30.49,debit,ach,travel,posted
T00011807,A000558,2025-12-21 20:48:00,3146.91,credit,ach,,posted
T00011808,A000558,2025-12-12 05:30:00,99.61,debit,card,dining,declined
T00011809,A000558,2025-12-26 16:44:00,32.07,debit,ach,utilities,posted
T00011810,A000558,2025-12-21 02:14:00,16.33,debit,ach,travel,posted
T00011811,A000558,2025-12-18 17:29:00,7.73,debit,atm,fuel,posted
T00011812,A000558,2025-12-11 21:09:00,3443.61,credit,ach,,posted
T00011813,A000558,2025-12-27 22:00:00,46.05,debit,card,fuel,posted
T00011814,A000558,2025-12-26 09:01:00,65.53,debit,atm,healthcare,posted
T00011815,A000558,2025-12-10 12:17:00,63.07,debit,card,entertainment,posted
T00011816,A000558,2025-12-12 22:14:00,34.8,debit,card,travel,posted
T00011817,A000558,2025-12-18 02:04:00,3194.14,credit,ach,,posted
T00011818,A000558,2025-12-25 13:24:00,214.11,debit,p2p,grocery,posted
T00011819,A000558,2025-12-28 11:50:00,7.52,debit,card,utilities,posted
T00011820,A000558,2025-12-10 22:39:00,1059.84,credit,ach,,posted
T00011821,A000558,2025-12-23 05:34:00,16.13,debit,card,online_retail,posted
T00011822,A000558,2025-12-16 01:00:00,32.61,debit,card,utilities,posted
T00011823,A000558,2025-12-12 12:19:00,48.11,debit,card,utilities,posted
T00011824,A000558,2025-12-10 17:57:00,3.04,debit,ach,dining,posted
T00011825,A000558,2025-12-19 12:54:00,77.02,debit,card,grocery,posted
T00011826,A000558,2025-12-24 20:18:00,19.99,debit,card,utilities,posted
T00011827,A000558,2025-12-31 15:03:00,2260.91,credit,ach,,posted
T00011828,A000558,2025-12-20 20:16:00,778.28,credit,ach,,posted
T00011829,A000558,2025-12-11 04:26:00,2.76,debit,p2p,online_retail,posted
T00011830,A000558,2025-12-20 20:40:00,385.17,debit,atm,fuel,posted
T00011831,A000558,2025-12-16 10:32:00,1063.01,credit,ach,,declined
T00011832,A000558,2025-12-27 16:09:00,110.32,debit,card,online_retail,posted
T00011833,A000558,2025-12-29 05:21:00,126.23,debit,p2p,dining,posted
T00011834,A000558,2025-12-13 04:28:00,30.91,debit,atm,grocery,declined
T00011835,A000558,2025-12-19 08:04:00,40.73,debit,ach,fuel,posted
T00011836,A000558,2025-12-25 07:43:00,9.98,debit,card,online_retail,posted
T00011837,A000558,2025-12-16 02:19:00,27.79,debit,p2p,online_retail,posted
T00011838,A000558,2025-12-17 12:51:00,16.34,debit,card,healthcare,posted
T00011839,A000558,2025-12-25 00:33:00,20.77,debit,atm,online_retail,posted
T00011840,A000558,2025-12-15 06:10:00,11.97,debit,atm,online_retail,posted
T00011841,A000558,2025-12-18 16:11:00,185.5,debit,p2p,grocery,posted
T00011842,A000558,2025-12-27 14:39:00,2722.31,credit,ach,,posted
T00011843,A000559,2025-12-30 15:15:00,77.41,debit,card,grocery,posted
T00011844,A000559,2025-11-11 04:09:00,84.88,debit,atm,grocery,posted
T00011845,A000559,2025-11-14 17:32:00,102.34,debit,p2p,online_retail,declined
T00011846,A000559,2025-12-14 02:32:00,57.41,debit,p2p,utilities,posted
T00011847,A000559,2025-12-01 02:13:00,865.77,credit,ach,,posted
T00011848,A000559,2025-11-16 17:00:00,39.37,debit,card,entertainment,posted
T00011849,A000559,2025-11-06 00:10:00,70.78,debit,ach,fuel,posted
T00011850,A000559,2025-11-20 17:17:00,27.91,debit,card,grocery,posted
T00011851,A000559,2025-11-05 05:25:00,29.31,debit,p2p,online_retail,posted
T00011852,A000559,2025-12-31 17:29:00,1337.77,credit,ach,,posted
T00011853,A000559,2025-12-19 18:57:00,28.68,debit,p2p,grocery,posted
T00011854,A000559,2025-11-21 06:04:00,59.45,debit,p2p,dining,posted
T00011855,A000559,2025-11-13 12:18:00,24.5,debit,card,utilities,posted
T00011856,A000559,2025-12-24 16:25:00,2712.01,credit,ach,,posted
T00011857,A000559,2025-12-20 14:30:00,20.65,debit,card,grocery,posted
T00011858,A000559,2025-11-12 16:00:00,96.71,debit,ach,fuel,posted
T00011859,A000559,2025-11-16 08:01:00,12.06,debit,card,fuel,posted
T00011860,A000559,2025-11-25 12:05:00,62.68,debit,ach,healthcare,posted
T00011861,A000559,2025-12-23 14:28:00,1439.23,credit,ach,,posted
T00011862,A000559,2025-12-31 10:25:00,1425.1,credit,ach,,posted
T00011863,A000560,2025-11-01 02:57:00,73.68,debit,ach,fuel,posted
T00011864,A000560,2025-07-13 21:15:00,94.0,debit,card,healthcare,posted
T00011865,A000560,2025-01-04 13:22:00,141.54,debit,card,entertainment,posted
T00011866,A000560,2025-01-12 07:41:00,193.89,debit,card,healthcare,posted
T00011867,A000560,2024-05-17 12:16:00,23.2,debit,card,online_retail,posted
T00011868,A000560,2025-08-31 06:35:00,571.1,credit,ach,,posted
T00011869,A000560,2024-11-29 12:21:00,3459.77,credit,ach,,posted
T00011870,A000560,2025-10-17 19:57:00,2.53,debit,atm,online_retail,posted
T00011871,A000560,2025-05-20 18:10:00,12.27,debit,ach,entertainment,posted
T00011872,A000560,2024-09-12 00:17:00,3263.25,credit,ach,,posted
T00011873,A000560,2025-09-26 19:35:00,51.45,debit,card,healthcare,posted
T00011874,A000560,2025-12-13 05:13:00,2373.15,credit,ach,,posted
T00011875,A000560,2025-01-08 11:23:00,36.94,debit,card,dining,posted
T00011876,A000560,2025-01-10 23:51:00,16.79,debit,card,utilities,posted
T00011877,A000560,2025-12-04 19:16:00,105.58,debit,atm,travel,posted
T00011878,A000560,2025-10-21 22:33:00,56.03,debit,atm,utilities,posted
T00011879,A000560,2025-10-07 00:41:00,80.86,debit,card,grocery,posted
T00011880,A000560,2025-05-17 20:14:00,3503.03,credit,ach,,declined
T00011881,A000560,2025-04-04 13:26:00,366.5,debit,card,healthcare,posted
T00011882,A000560,2024-11-23 11:48:00,25.15,debit,card,healthcare,posted
T00011883,A000560,2025-04-19 12:42:00,816.05,credit,ach,,posted
T00011884,A000560,2025-08-12 17:52:00,9.05,debit,p2p,travel,posted
T00011885,A000560,2025-06-25 02:28:00,20.17,debit,card,grocery,posted
T00011886,A000560,2025-04-13 17:08:00,129.96,debit,p2p,entertainment,posted
T00011887,A000560,2025-02-16 18:57:00,11.22,debit,card,grocery,posted
T00011888,A000560,2025-09-04 21:32:00,72.77,debit,atm,utilities,posted
T00011889,A000560,2024-10-18 08:35:00,11.13,debit,card,utilities,posted
T00011890,A000560,2025-07-04 12:30:00,63.62,debit,atm,dining,declined
T00011891,A000560,2024-07-04 21:28:00,102.44,debit,card,utilities,posted
T00011892,A000560,2025-12-17 09:24:00,9.27,debit,card,online_retail,posted
T00011893,A000560,2024-11-02 19:23:00,2866.53,credit,ach,,posted
T00011894,A000560,2025-05-25 07:57:00,799.89,credit,ach,,posted
T00011895,A000560,2024-11-13 15:00:00,76.12,debit,atm,utilities,posted
T00011896,A000561,2025-10-31 05:14:00,2300.32,credit,ach,,posted
T00011897,A000561,2025-11-23 16:59:00,13.96,debit,p2p,online_retail,posted
T00011898,A000561,2025-12-10 10:08:00,83.77,debit,ach,healthcare,posted
T00011899,A000561,2025-11-07 02:19:00,72.91,debit,ach,entertainment,posted
T00011900,A000561,2025-12-10 23:17:00,1267.53,credit,ach,,posted
T00011901,A000561,2025-10-12 05:19:00,760.76,credit,ach,,posted
T00011902,A000561,2025-10-16 04:20:00,26.02,debit,card,grocery,posted
T00011903,A000561,2025-11-07 16:26:00,6.61,debit,ach,utilities,posted
T00011904,A000561,2025-10-17 14:26:00,10.31,debit,card,dining,posted
T00011905,A000561,2025-11-02 15:46:00,58.7,debit,ach,entertainment,posted
T00011906,A000561,2025-11-09 20:35:00,83.6,debit,p2p,healthcare,posted
T00011907,A000561,2025-12-19 22:04:00,9.15,debit,p2p,online_retail,posted
T00011908,A000561,2025-10-16 10:27:00,3494.04,credit,ach,,posted
T00011909,A000561,2025-10-12 22:26:00,26.31,debit,card,dining,posted
T00011910,A000561,2025-12-07 06:42:00,68.86,debit,ach,utilities,posted
T00011911,A000561,2025-10-23 15:52:00,131.2,debit,p2p,healthcare,posted
T00011912,A000561,2025-10-19 16:43:00,47.01,debit,card,dining,posted
T00011913,A000561,2025-12-17 02:27:00,47.67,debit,atm,travel,posted
T00011914,A000561,2025-11-02 18:16:00,39.65,debit,ach,grocery,posted
T00011915,A000561,2025-12-12 17:41:00,39.19,debit,card,online_retail,posted
T00011916,A000561,2025-12-13 11:02:00,5.16,debit,card,grocery,posted
T00011917,A000561,2025-11-08 03:10:00,4.27,debit,p2p,healthcare,posted
T00011918,A000561,2025-12-12 21:08:00,17.66,debit,atm,entertainment,posted
T00011919,A000561,2025-12-20 01:35:00,44.41,debit,p2p,grocery,posted
T00011920,A000561,2025-11-26 04:10:00,2503.1,credit,ach,,posted
T00011921,A000561,2025-10-21 23:10:00,82.3,debit,ach,utilities,posted
T00011922,A000561,2025-12-02 04:27:00,35.34,debit,atm,entertainment,posted
T00011923,A000561,2025-10-18 17:46:00,147.4,debit,card,healthcare,posted
T00011924,A000561,2025-11-13 03:15:00,52.44,debit,card,entertainment,posted
T00011925,A000561,2025-11-08 05:18:00,3785.29,credit,ach,,posted
T00011926,A000562,2025-10-29 13:11:00,32.76,debit,card,grocery,posted
T00011927,A000562,2025-11-03 19:05:00,26.29,debit,ach,grocery,posted
T00011928,A000562,2025-12-08 01:04:00,10.73,debit,p2p,entertainment,posted
T00011929,A000562,2025-11-28 04:46:00,64.78,debit,atm,dining,posted
T00011930,A000562,2025-11-24 19:03:00,207.0,debit,ach,dining,posted
T00011931,A000562,2025-10-30 05:40:00,50.77,debit,p2p,dining,posted
T00011932,A000562,2025-11-06 16:44:00,10.16,debit,p2p,dining,posted
T00011933,A000562,2025-11-15 10:30:00,32.94,debit,card,travel,posted
T00011934,A000562,2025-10-25 20:39:00,3613.67,credit,ach,,posted
T00011935,A000562,2025-11-02 19:04:00,886.21,credit,ach,,posted
T00011936,A000562,2025-10-27 12:12:00,54.42,debit,atm,grocery,posted
T00011937,A000562,2025-11-11 01:47:00,77.53,debit,ach,utilities,posted
T00011938,A000562,2025-12-26 17:21:00,16.28,debit,card,entertainment,posted
T00011939,A000562,2025-11-26 17:26:00,68.1,debit,card,dining,posted
T00011940,A000562,2025-11-04 18:12:00,3492.56,credit,ach,,posted
T00011941,A000562,2025-12-09 20:13:00,1686.32,credit,ach,,declined
T00011942,A000562,2025-11-18 21:00:00,48.42,debit,ach,dining,posted
T00011943,A000562,2025-12-05 01:13:00,3875.28,credit,ach,,posted
T00011944,A000562,2025-12-29 21:00:00,33.17,debit,card,healthcare,posted
T00011945,A000562,2025-11-27 06:41:00,1216.29,credit,ach,,posted
T00011946,A000562,2025-12-17 15:21:00,217.32,debit,card,healthcare,posted
T00011947,A000562,2025-12-27 07:02:00,100.53,debit,ach,dining,posted
T00011948,A000562,2025-11-07 03:10:00,41.8,debit,p2p,fuel,posted
T00011949,A000562,2025-11-19 09:32:00,85.54,debit,ach,fuel,declined
T00011950,A000562,2025-12-13 15:41:00,821.64,credit,ach,,posted
T00011951,A000562,2025-11-26 11:39:00,686.32,credit,ach,,posted
T00011952,A000562,2025-12-17 13:41:00,612.08,credit,ach,,posted
T00011953,A000562,2025-10-29 13:28:00,3.59,debit,card,grocery,posted
T00011954,A000562,2025-11-19 18:10:00,32.0,debit,ach,fuel,posted
T00011955,A000562,2025-12-08 18:07:00,1852.19,credit,ach,,posted
T00011956,A000562,2025-11-11 19:13:00,21.04,debit,ach,entertainment,posted
T00011957,A000562,2025-10-24 12:30:00,76.17,debit,card,healthcare,declined
T00011958,A000562,2025-10-30 07:15:00,11.29,debit,p2p,dining,posted
T00011959,A000562,2025-12-21 06:46:00,39.55,debit,card,fuel,posted
T00011960,A000562,2025-11-02 20:45:00,125.99,debit,card,fuel,posted
T00011961,A000563,2024-11-22 02:24:00,3234.31,credit,ach,,posted
T00011962,A000563,2024-11-10 16:31:00,1322.66,credit,ach,,posted
T00011963,A000563,2024-06-02 15:44:00,92.83,debit,card,dining,posted
T00011964,A000563,2025-05-24 14:41:00,16.45,debit,card,healthcare,posted
T00011965,A000563,2025-06-04 17:53:00,39.66,debit,card,utilities,posted
T00011966,A000563,2025-03-14 05:31:00,30.62,debit,atm,travel,posted
T00011967,A000563,2024-09-30 02:14:00,13.69,debit,ach,travel,posted
T00011968,A000563,2024-10-30 12:05:00,47.09,debit,p2p,dining,posted
T00011969,A000563,2024-10-15 06:37:00,35.43,debit,card,grocery,posted
T00011970,A000563,2025-09-22 21:53:00,48.75,debit,ach,travel,posted
T00011971,A000563,2025-02-08 06:52:00,109.19,debit,card,dining,posted
T00011972,A000563,2025-05-06 23:34:00,7.85,debit,card,utilities,posted
T00011973,A000563,2025-12-04 07:11:00,12.28,debit,card,travel,declined
T00011974,A000564,2025-11-10 00:21:00,3513.67,credit,ach,,posted
T00011975,A000564,2025-11-19 06:16:00,8.27,debit,card,fuel,posted
T00011976,A000564,2025-11-06 02:19:00,37.49,debit,ach,dining,posted
T00011977,A000564,2025-11-03 07:12:00,76.98,debit,card,travel,posted
T00011978,A000564,2025-09-10 05:21:00,2642.51,credit,ach,,posted
T00011979,A000564,2025-10-08 01:09:00,49.06,debit,atm,travel,posted
T00011980,A000564,2025-12-22 08:34:00,29.5,debit,ach,grocery,posted
T00011981,A000564,2025-05-17 00:34:00,14.71,debit,p2p,fuel,posted
T00011982,A000564,2025-06-22 08:08:00,93.16,debit,p2p,dining,posted
T00011983,A000564,2025-11-30 21:24:00,362.23,debit,atm,utilities,posted
T00011984,A000564,2025-05-23 12:36:00,3049.55,credit,ach,,posted
T00011985,A000565,2025-12-29 03:37:00,1801.5,credit,ach,,posted
T00011986,A000565,2025-12-30 10:06:00,125.12,debit,ach,entertainment,posted
T00011987,A000565,2025-12-29 01:17:00,27.78,debit,p2p,utilities,posted
T00011988,A000565,2025-12-25 18:44:00,208.36,debit,atm,grocery,posted
T00011989,A000565,2025-12-30 11:47:00,10.91,debit,card,utilities,posted
T00011990,A000565,2025-12-27 07:14:00,60.28,debit,ach,grocery,posted
T00011991,A000565,2025-12-28 20:44:00,2909.63,credit,ach,,posted
T00011992,A000565,2025-12-27 21:07:00,2066.98,credit,ach,,posted
T00011993,A000565,2025-12-27 06:30:00,22.73,debit,card,fuel,posted
T00011994,A000565,2025-12-29 04:02:00,34.39,debit,card,utilities,posted
T00011995,A000565,2025-12-27 00:18:00,809.6,credit,ach,,posted
T00011996,A000565,2025-12-28 11:17:00,37.37,debit,card,travel,declined
T00011997,A000565,2025-12-29 06:09:00,3781.69,credit,ach,,posted
T00011998,A000566,2025-08-11 14:14:00,12.05,debit,p2p,travel,posted
T00011999,A000566,2025-07-29 05:31:00,487.96,debit,card,dining,posted
T00012000,A000566,2025-06-14 09:42:00,1.34,debit,card,travel,reversed
T00012001,A000566,2025-11-01 00:24:00,130.95,debit,ach,entertainment,posted
T00012002,A000566,2025-09-07 15:11:00,3705.78,credit,ach,,posted
T00012003,A000566,2025-12-25 00:56:00,3418.6,credit,ach,,posted
T00012004,A000567,2025-12-27 21:50:00,100.43,debit,card,grocery,posted
T00012005,A000567,2025-12-13 22:48:00,15.89,debit,atm,healthcare,posted
T00012006,A000567,2025-12-18 01:35:00,34.55,debit,card,healthcare,reversed
T00012007,A000567,2025-12-08 11:05:00,94.23,debit,card,dining,posted
T00012008,A000567,2025-11-25 17:09:00,8.45,debit,card,entertainment,posted
T00012009,A000567,2025-12-05 10:42:00,12.25,debit,ach,dining,posted
T00012010,A000567,2025-12-12 08:10:00,1174.89,credit,ach,,posted
T00012011,A000567,2025-12-04 04:55:00,33.92,debit,p2p,fuel,posted
T00012012,A000567,2025-12-13 23:43:00,2825.78,credit,ach,,posted
T00012013,A000567,2025-11-27 07:11:00,16.85,debit,card,grocery,posted
T00012014,A000567,2025-12-14 12:42:00,13.96,debit,atm,utilities,posted
T00012015,A000567,2025-12-13 18:10:00,710.68,credit,ach,,posted
T00012016,A000567,2025-11-21 08:22:00,25.78,debit,card,entertainment,posted
T00012017,A000567,2025-12-24 13:50:00,2251.73,credit,ach,,posted
T00012018,A000567,2025-12-13 20:29:00,8.14,debit,card,healthcare,posted
T00012019,A000567,2025-11-16 14:47:00,805.61,credit,ach,,posted
T00012020,A000567,2025-12-01 20:27:00,10.04,debit,p2p,healthcare,posted
T00012021,A000567,2025-12-27 21:00:00,14.23,debit,p2p,healthcare,posted
T00012022,A000567,2025-12-25 07:48:00,35.9,debit,card,utilities,posted
T00012023,A000567,2025-11-17 08:49:00,110.81,debit,ach,travel,posted
T00012024,A000567,2025-11-27 05:54:00,50.82,debit,card,grocery,posted
T00012025,A000567,2025-12-09 14:07:00,119.63,debit,card,entertainment,posted
T00012026,A000567,2025-12-17 22:20:00,32.0,debit,atm,travel,posted
T00012027,A000567,2025-12-30 02:42:00,1492.23,credit,ach,,posted
T00012028,A000567,2025-11-26 15:07:00,15.92,debit,card,travel,posted
T00012029,A000567,2025-12-19 21:52:00,208.98,debit,card,travel,posted
T00012030,A000567,2025-12-13 17:23:00,34.05,debit,ach,utilities,posted
T00012031,A000568,2025-11-13 22:55:00,4.76,debit,card,grocery,posted
T00012032,A000568,2025-11-04 20:00:00,95.56,debit,card,healthcare,posted
T00012033,A000568,2025-12-23 11:04:00,65.5,debit,card,fuel,posted
T00012034,A000568,2025-10-14 06:37:00,16.0,debit,card,online_retail,posted
T00012035,A000568,2025-12-22 15:13:00,77.24,debit,card,fuel,posted
T00012036,A000568,2025-09-30 21:47:00,2559.18,credit,ach,,posted
T00012037,A000568,2025-12-06 06:34:00,34.36,debit,card,fuel,posted
T00012038,A000568,2025-08-18 01:15:00,95.03,debit,card,fuel,posted
T00012039,A000568,2025-11-10 09:08:00,1833.46,credit,ach,,posted
T00012040,A000568,2025-11-26 03:24:00,20.31,debit,p2p,online_retail,declined
T00012041,A000568,2025-10-08 17:41:00,16.93,debit,card,grocery,posted
T00012042,A000568,2025-12-20 15:43:00,11.87,debit,card,entertainment,posted
T00012043,A000568,2025-10-31 12:46:00,78.98,debit,p2p,grocery,declined
T00012044,A000568,2025-09-27 02:01:00,67.68,debit,atm,grocery,posted
T00012045,A000568,2025-11-23 12:10:00,2570.07,credit,ach,,posted
T00012046,A000568,2025-10-24 15:44:00,2823.46,credit,ach,,posted
T00012047,A000568,2025-11-19 07:49:00,30.93,debit,ach,healthcare,posted
T00012048,A000568,2025-11-28 08:49:00,7.75,debit,card,entertainment,posted
T00012049,A000568,2025-10-09 23:47:00,2196.06,credit,ach,,posted
T00012050,A000568,2025-09-08 01:23:00,130.01,debit,card,utilities,posted
T00012051,A000568,2025-12-20 09:19:00,808.49,credit,ach,,posted
T00012052,A000568,2025-12-28 07:42:00,9.82,debit,card,fuel,posted
T00012053,A000568,2025-08-14 13:22:00,811.72,credit,ach,,posted
T00012054,A000568,2025-11-02 17:38:00,2433.67,credit,ach,,posted
T00012055,A000568,2025-08-24 19:21:00,23.83,debit,p2p,travel,posted
T00012056,A000568,2025-11-10 12:26:00,24.9,debit,card,travel,declined
T00012057,A000568,2025-08-21 23:20:00,44.44,debit,card,entertainment,posted
T00012058,A000568,2025-11-11 20:59:00,2190.84,credit,ach,,posted
T00012059,A000568,2025-10-26 07:16:00,34.71,debit,card,travel,posted
T00012060,A000568,2025-11-30 03:10:00,125.96,debit,card,online_retail,posted
T00012061,A000568,2025-10-23 23:15:00,161.95,debit,card,entertainment,posted
T00012062,A000568,2025-10-19 05:59:00,260.52,debit,card,dining,posted
T00012063,A000568,2025-08-18 16:43:00,97.62,debit,card,travel,posted
T00012064,A000568,2025-09-01 22:12:00,3728.57,credit,ach,,posted
T00012065,A000568,2025-08-26 00:40:00,30.91,debit,ach,healthcare,declined
T00012066,A000568,2025-12-22 17:18:00,33.47,debit,card,healthcare,posted
T00012067,A000569,2025-06-14 02:31:00,47.96,debit,atm,grocery,posted
T00012068,A000569,2025-05-16 06:40:00,66.3,debit,atm,fuel,posted
T00012069,A000569,2025-07-22 03:54:00,3496.44,credit,ach,,posted
T00012070,A000569,2025-11-05 22:38:00,26.33,debit,ach,dining,posted
T00012071,A000569,2025-06-18 06:10:00,101.39,debit,atm,entertainment,declined
T00012072,A000569,2025-11-23 23:51:00,6.41,debit,atm,entertainment,posted
T00012073,A000569,2025-05-05 20:53:00,28.07,debit,card,grocery,posted
T00012074,A000569,2025-12-13 10:34:00,45.38,debit,card,utilities,posted
T00012075,A000569,2025-09-20 08:01:00,1060.03,credit,ach,,posted
T00012076,A000569,2025-12-06 08:48:00,78.63,debit,ach,healthcare,posted
T00012077,A000569,2025-04-25 23:18:00,22.5,debit,card,healthcare,posted
T00012078,A000569,2025-09-20 23:30:00,2639.83,credit,ach,,posted
T00012079,A000569,2025-12-25 09:29:00,37.36,debit,card,grocery,posted
T00012080,A000569,2025-06-04 21:13:00,34.02,debit,ach,travel,posted
T00012081,A000569,2025-07-06 05:22:00,103.13,debit,p2p,travel,posted
T00012082,A000569,2025-05-26 14:13:00,110.24,debit,card,grocery,posted
T00012083,A000569,2025-10-24 19:05:00,21.03,debit,ach,grocery,posted
T00012084,A000569,2025-12-03 12:40:00,17.59,debit,card,travel,posted
T00012085,A000569,2025-04-20 08:14:00,18.32,debit,card,dining,declined
T00012086,A000569,2025-07-14 02:26:00,33.64,debit,p2p,healthcare,declined
T00012087,A000569,2025-08-17 18:34:00,1043.67,credit,ach,,posted
T00012088,A000571,2025-08-20 08:22:00,15.29,debit,p2p,utilities,posted
T00012089,A000571,2025-12-02 07:35:00,23.75,debit,card,healthcare,posted
T00012090,A000571,2025-06-18 19:30:00,22.82,debit,card,online_retail,posted
T00012091,A000571,2025-08-15 12:48:00,31.25,debit,card,utilities,posted
T00012092,A000571,2025-06-01 18:00:00,53.49,debit,atm,utilities,posted
T00012093,A000571,2025-12-21 01:23:00,23.21,debit,card,entertainment,posted
T00012094,A000571,2025-06-23 15:06:00,59.67,debit,atm,dining,posted
T00012095,A000571,2025-05-31 01:31:00,64.56,debit,atm,entertainment,posted
T00012096,A000571,2025-07-08 04:24:00,47.46,debit,card,entertainment,posted
T00012097,A000571,2025-06-28 07:55:00,113.06,debit,atm,fuel,posted
T00012098,A000571,2025-07-04 03:35:00,2601.98,credit,ach,,posted
T00012099,A000571,2025-07-05 09:59:00,2165.98,credit,ach,,posted
T00012100,A000571,2025-08-17 21:13:00,25.89,debit,ach,utilities,posted
T00012101,A000571,2025-11-12 19:20:00,11.68,debit,atm,healthcare,posted
T00012102,A000571,2025-09-06 00:33:00,26.47,debit,card,utilities,posted
T00012103,A000571,2025-07-01 04:44:00,213.23,debit,atm,online_retail,posted
T00012104,A000571,2025-12-25 22:36:00,1161.76,credit,ach,,reversed
T00012105,A000571,2025-09-18 23:22:00,91.96,debit,p2p,utilities,posted
T00012106,A000571,2025-06-08 08:00:00,55.55,debit,atm,entertainment,posted
T00012107,A000571,2025-07-25 13:22:00,21.24,debit,card,utilities,posted
T00012108,A000571,2025-06-08 02:57:00,41.16,debit,card,utilities,posted
T00012109,A000571,2025-08-09 01:33:00,1331.55,credit,ach,,posted
T00012110,A000571,2025-11-11 16:10:00,1151.08,credit,ach,,posted
T00012111,A000571,2025-09-13 08:25:00,3324.52,credit,ach,,posted
T00012112,A000571,2025-10-31 18:40:00,21.16,debit,card,grocery,posted
T00012113,A000571,2025-10-15 08:42:00,286.32,debit,card,fuel,posted
T00012114,A000571,2025-10-31 12:23:00,31.27,debit,card,dining,posted
T00012115,A000571,2025-06-10 00:50:00,2260.95,credit,ach,,posted
T00012116,A000571,2025-11-29 01:24:00,49.05,debit,card,travel,posted
T00012117,A000571,2025-06-22 04:28:00,35.89,debit,atm,fuel,declined
T00012118,A000571,2025-08-03 03:17:00,24.02,debit,p2p,entertainment,posted
T00012119,A000571,2025-11-10 08:23:00,16.67,debit,ach,travel,posted
T00012120,A000571,2025-11-18 22:57:00,2213.34,credit,ach,,posted
T00012121,A000571,2025-11-02 09:10:00,42.34,debit,card,utilities,posted
T00012122,A000571,2025-11-24 03:09:00,87.92,debit,card,healthcare,posted
T00012123,A000571,2025-05-27 16:51:00,12.52,debit,atm,dining,posted
T00012124,A000571,2025-12-23 10:59:00,75.47,debit,card,fuel,posted
T00012125,A000571,2025-10-29 03:21:00,48.95,debit,card,entertainment,posted
T00012126,A000572,2025-12-28 22:01:00,67.4,debit,card,grocery,posted
T00012127,A000572,2025-11-15 21:32:00,85.26,debit,card,dining,posted
T00012128,A000572,2025-12-23 05:36:00,30.22,debit,p2p,dining,posted
T00012129,A000572,2025-12-27 16:18:00,25.96,debit,ach,fuel,posted
T00012130,A000572,2025-12-05 09:57:00,56.94,debit,card,fuel,posted
T00012131,A000572,2025-12-20 04:56:00,33.48,debit,card,fuel,posted
T00012132,A000572,2025-11-16 03:35:00,36.74,debit,card,utilities,posted
T00012133,A000572,2025-11-20 20:24:00,101.03,debit,card,entertainment,posted
T00012134,A000572,2025-11-29 15:19:00,23.88,debit,card,travel,posted
T00012135,A000572,2025-12-08 19:33:00,117.0,debit,p2p,entertainment,posted
T00012136,A000572,2025-11-24 16:07:00,849.03,credit,ach,,posted
T00012137,A000572,2025-12-19 22:40:00,1293.38,credit,ach,,posted
T00012138,A000572,2025-12-01 23:02:00,118.87,debit,card,dining,posted
T00012139,A000572,2025-12-27 03:25:00,37.81,debit,p2p,travel,posted
T00012140,A000572,2025-11-17 23:54:00,28.0,debit,p2p,entertainment,posted
T00012141,A000572,2025-12-11 21:50:00,1213.95,credit,ach,,posted
T00012142,A000572,2025-11-21 21:49:00,29.84,debit,atm,healthcare,posted
T00012143,A000572,2025-11-11 03:41:00,2.44,debit,card,online_retail,posted
T00012144,A000572,2025-11-21 11:23:00,1116.99,credit,ach,,posted
T00012145,A000572,2025-11-21 17:01:00,7.97,debit,card,dining,posted
T00012146,A000572,2025-12-01 23:33:00,45.9,debit,card,fuel,posted
T00012147,A000572,2025-12-30 14:59:00,5.81,debit,p2p,fuel,posted
T00012148,A000572,2025-12-01 20:24:00,1176.88,credit,ach,,posted
T00012149,A000572,2025-12-18 19:09:00,20.82,debit,p2p,utilities,posted
T00012150,A000572,2025-12-16 05:44:00,370.15,debit,card,utilities,posted
T00012151,A000572,2025-12-04 03:52:00,3969.34,credit,ach,,posted
T00012152,A000572,2025-12-31 22:46:00,110.2,debit,p2p,dining,posted
T00012153,A000572,2025-12-13 12:10:00,17.75,debit,atm,fuel,posted
T00012154,A000572,2025-12-07 10:20:00,2.8,debit,card,entertainment,declined
T00012155,A000572,2025-12-13 09:25:00,7.32,debit,atm,fuel,posted
T00012156,A000572,2025-12-19 23:31:00,2.94,debit,card,dining,posted
T00012157,A000572,2025-11-11 12:01:00,18.49,debit,atm,utilities,posted
T00012158,A000572,2025-12-28 12:36:00,60.29,debit,card,dining,posted
T00012159,A000572,2025-11-16 07:16:00,540.27,credit,ach,,posted
T00012160,A000572,2025-12-12 00:33:00,7.05,debit,ach,fuel,reversed
T00012161,A000572,2025-12-23 09:23:00,2074.26,credit,ach,,posted
T00012162,A000572,2025-12-08 02:01:00,24.46,debit,atm,entertainment,posted
T00012163,A000572,2025-11-14 00:35:00,404.17,debit,atm,utilities,posted
T00012164,A000572,2025-12-27 05:38:00,38.67,debit,card,online_retail,posted
T00012165,A000573,2025-05-07 16:53:00,211.84,debit,card,fuel,posted
T00012166,A000573,2025-06-07 16:58:00,26.09,debit,ach,dining,posted
T00012167,A000573,2025-06-03 01:25:00,14.03,debit,card,dining,posted
T00012168,A000573,2025-06-29 03:29:00,65.39,debit,card,fuel,posted
T00012169,A000573,2025-07-06 03:21:00,41.91,debit,card,fuel,posted
T00012170,A000573,2025-12-17 17:06:00,1268.77,credit,ach,,posted
T00012171,A000573,2025-04-13 23:14:00,766.19,credit,ach,,posted
T00012172,A000573,2025-04-05 09:24:00,27.8,debit,card,dining,posted
T00012173,A000573,2025-11-30 15:06:00,43.87,debit,ach,online_retail,posted
T00012174,A000573,2025-11-30 23:44:00,2001.69,credit,ach,,posted
T00012175,A000573,2025-01-18 04:46:00,36.84,debit,ach,entertainment,declined
T00012176,A000573,2025-08-01 15:23:00,62.54,debit,ach,online_retail,posted
T00012177,A000573,2025-11-29 19:23:00,32.24,debit,card,healthcare,posted
T00012178,A000573,2025-06-30 06:57:00,1210.64,credit,ach,,posted
T00012179,A000573,2025-08-29 03:06:00,25.94,debit,atm,grocery,posted
T00012180,A000573,2025-05-11 18:22:00,69.81,debit,card,utilities,posted
T00012181,A000573,2025-03-25 06:51:00,37.59,debit,p2p,fuel,posted
T00012182,A000573,2025-04-09 14:09:00,38.05,debit,card,healthcare,posted
T00012183,A000573,2025-08-24 13:02:00,3617.83,credit,ach,,posted
T00012184,A000573,2025-04-18 23:01:00,32.35,debit,ach,grocery,posted
T00012185,A000573,2025-12-21 02:16:00,53.57,debit,atm,dining,posted
T00012186,A000574,2025-10-09 21:39:00,3.88,debit,ach,fuel,posted
T00012187,A000574,2025-04-21 22:33:00,5.17,debit,card,grocery,posted
T00012188,A000574,2025-05-29 19:41:00,101.23,debit,card,online_retail,posted
T00012189,A000574,2025-11-28 03:33:00,1316.05,credit,ach,,posted
T00012190,A000574,2025-12-10 19:35:00,52.96,debit,card,utilities,posted
T00012191,A000574,2025-09-05 13:01:00,62.07,debit,atm,grocery,posted
T00012192,A000574,2025-10-21 14:24:00,1391.92,credit,ach,,posted
T00012193,A000574,2025-05-22 21:00:00,6.44,debit,atm,healthcare,posted
T00012194,A000574,2025-11-23 12:00:00,48.91,debit,card,fuel,posted
T00012195,A000574,2025-08-10 11:11:00,3502.08,credit,ach,,posted
T00012196,A000574,2025-09-27 16:23:00,1041.35,credit,ach,,posted
T00012197,A000574,2025-02-27 23:30:00,12.99,debit,card,grocery,posted
T00012198,A000574,2025-04-19 09:12:00,9.1,debit,card,entertainment,posted
T00012199,A000574,2025-10-19 03:37:00,35.91,debit,ach,entertainment,posted
T00012200,A000574,2025-06-05 19:40:00,3786.11,credit,ach,,posted
T00012201,A000574,2025-07-05 22:45:00,32.91,debit,card,dining,posted
T00012202,A000574,2025-10-02 18:36:00,40.32,debit,card,utilities,posted
T00012203,A000574,2025-09-26 22:39:00,54.16,debit,card,utilities,posted
T00012204,A000574,2025-03-10 04:50:00,40.06,debit,card,online_retail,posted
T00012205,A000574,2025-09-19 04:40:00,2347.41,credit,ach,,posted
T00012206,A000574,2025-03-11 21:48:00,1705.51,credit,ach,,posted
T00012207,A000574,2025-06-26 01:24:00,3.36,debit,card,entertainment,posted
T00012208,A000574,2025-09-09 23:35:00,64.49,debit,p2p,online_retail,posted
T00012209,A000574,2025-08-03 10:21:00,10.46,debit,card,travel,posted
T00012210,A000574,2025-09-07 00:28:00,70.93,debit,p2p,fuel,posted
T00012211,A000574,2025-07-12 00:59:00,2893.58,credit,ach,,posted
T00012212,A000574,2025-11-15 20:42:00,14.67,debit,p2p,dining,posted
T00012213,A000574,2025-09-22 07:43:00,1207.17,credit,ach,,posted
T00012214,A000574,2025-04-28 20:01:00,436.43,debit,ach,entertainment,posted
T00012215,A000574,2025-06-20 11:08:00,8.15,debit,card,utilities,posted
T00012216,A000574,2025-04-20 07:27:00,2303.38,credit,ach,,posted
T00012217,A000575,2025-11-03 04:30:00,3116.27,credit,ach,,posted
T00012218,A000575,2025-10-18 21:46:00,3747.95,credit,ach,,posted
T00012219,A000575,2025-11-08 07:59:00,1348.8,credit,ach,,posted
T00012220,A000575,2025-09-21 19:49:00,25.77,debit,ach,fuel,declined
T00012221,A000575,2025-10-08 19:14:00,93.21,debit,p2p,online_retail,posted
T00012222,A000575,2025-11-21 07:36:00,258.93,debit,atm,travel,posted
T00012223,A000575,2025-12-20 04:26:00,234.33,debit,ach,travel,posted
T00012224,A000575,2025-12-12 18:20:00,596.73,credit,ach,,posted
T00012225,A000575,2025-11-06 02:20:00,2127.68,credit,ach,,posted
T00012226,A000575,2025-12-20 05:40:00,82.68,debit,p2p,utilities,posted
T00012227,A000575,2025-12-10 15:52:00,82.54,debit,card,dining,posted
T00012228,A000575,2025-11-24 21:54:00,7.28,debit,ach,online_retail,posted
T00012229,A000575,2025-08-12 20:22:00,41.05,debit,card,travel,posted
T00012230,A000575,2025-09-07 03:58:00,11.45,debit,ach,healthcare,posted
T00012231,A000575,2025-10-25 10:53:00,47.18,debit,ach,fuel,posted
T00012232,A000575,2025-09-02 08:17:00,77.47,debit,ach,utilities,posted
T00012233,A000575,2025-09-03 12:54:00,20.87,debit,card,fuel,posted
T00012234,A000575,2025-10-04 04:34:00,52.11,debit,card,online_retail,posted
T00012235,A000575,2025-09-17 08:30:00,1881.03,credit,ach,,posted
T00012236,A000575,2025-10-24 03:28:00,52.94,debit,card,entertainment,posted
T00012237,A000575,2025-08-19 00:26:00,26.41,debit,p2p,online_retail,posted
T00012238,A000575,2025-12-20 09:19:00,530.9,credit,ach,,posted
T00012239,A000575,2025-11-30 15:10:00,376.44,debit,card,dining,posted
T00012240,A000576,2025-10-13 09:33:00,26.53,debit,ach,online_retail,posted
T00012241,A000576,2025-12-03 02:41:00,213.12,debit,ach,healthcare,posted
T00012242,A000576,2025-09-28 19:10:00,25.35,debit,card,utilities,posted
T00012243,A000576,2025-11-10 22:43:00,98.54,debit,card,online_retail,declined
T00012244,A000576,2025-10-07 14:34:00,20.0,debit,card,online_retail,posted
T00012245,A000576,2025-10-10 16:09:00,65.52,debit,card,utilities,posted
T00012246,A000576,2025-09-26 22:09:00,31.4,debit,card,dining,posted
T00012247,A000576,2025-10-31 22:11:00,29.77,debit,card,dining,posted
T00012248,A000576,2025-10-10 17:49:00,2232.66,credit,ach,,posted
T00012249,A000576,2025-11-12 07:30:00,11.48,debit,card,travel,posted
T00012250,A000576,2025-07-26 03:50:00,77.97,debit,card,travel,posted
T00012251,A000576,2025-09-06 11:48:00,11.36,debit,card,healthcare,posted
T00012252,A000576,2025-10-22 07:14:00,1936.47,credit,ach,,posted
T00012253,A000576,2025-08-24 11:24:00,3808.38,credit,ach,,posted
T00012254,A000576,2025-10-27 10:05:00,9.06,debit,ach,fuel,posted
T00012255,A000576,2025-11-02 20:05:00,53.35,debit,p2p,healthcare,posted
T00012256,A000576,2025-08-19 17:22:00,200.54,debit,card,utilities,posted
T00012257,A000576,2025-08-25 20:32:00,14.3,debit,card,utilities,posted
T00012258,A000576,2025-08-14 09:38:00,17.31,debit,p2p,entertainment,posted
T00012259,A000576,2025-10-10 07:29:00,15.03,debit,atm,online_retail,posted
T00012260,A000576,2025-11-25 16:18:00,56.3,debit,card,dining,posted
T00012261,A000576,2025-10-26 06:50:00,3709.35,credit,ach,,posted
T00012262,A000576,2025-12-06 21:41:00,731.57,credit,ach,,posted
T00012263,A000576,2025-10-01 15:09:00,74.5,debit,card,online_retail,posted
T00012264,A000576,2025-09-09 00:01:00,2426.42,credit,ach,,posted
T00012265,A000576,2025-11-07 12:52:00,615.42,credit,ach,,posted
T00012266,A000576,2025-10-02 11:22:00,22.9,debit,card,entertainment,reversed
T00012267,A000576,2025-12-22 08:39:00,8.89,debit,card,online_retail,posted
T00012268,A000576,2025-10-14 11:16:00,31.3,debit,atm,entertainment,posted
T00012269,A000576,2025-12-13 15:33:00,63.66,debit,card,entertainment,posted
T00012270,A000576,2025-10-23 02:52:00,118.46,debit,ach,fuel,posted
T00012271,A000576,2025-08-31 20:06:00,30.94,debit,card,travel,posted
T00012272,A000577,2025-08-26 03:43:00,48.42,debit,atm,entertainment,posted
T00012273,A000577,2025-12-03 22:06:00,34.35,debit,card,grocery,posted
T00012274,A000577,2025-12-18 16:14:00,37.43,debit,card,healthcare,posted
T00012275,A000577,2025-12-26 01:10:00,3758.03,credit,ach,,posted
T00012276,A000577,2025-11-20 15:58:00,53.94,debit,p2p,online_retail,posted
T00012277,A000577,2025-11-10 07:26:00,15.82,debit,p2p,healthcare,reversed
T00012278,A000577,2025-09-24 03:06:00,117.24,debit,ach,travel,posted
T00012279,A000577,2025-09-26 08:30:00,179.66,debit,card,grocery,posted
T00012280,A000577,2025-09-25 07:26:00,9.19,debit,atm,travel,posted
T00012281,A000577,2025-12-09 12:04:00,1284.08,credit,ach,,posted
T00012282,A000577,2025-09-27 02:38:00,2952.84,credit,ach,,posted
T00012283,A000577,2025-12-01 00:07:00,9.2,debit,p2p,utilities,posted
T00012284,A000577,2025-10-03 15:12:00,3.78,debit,card,fuel,posted
T00012285,A000577,2025-08-07 21:53:00,6.07,debit,atm,online_retail,posted
T00012286,A000577,2025-11-23 14:48:00,39.76,debit,card,utilities,posted
T00012287,A000577,2025-12-25 10:50:00,101.0,debit,atm,travel,posted
T00012288,A000577,2025-11-29 14:26:00,36.92,debit,card,healthcare,posted
T00012289,A000577,2025-11-14 05:07:00,353.28,debit,ach,dining,posted
T00012290,A000577,2025-08-09 12:46:00,35.82,debit,atm,entertainment,posted
T00012291,A000577,2025-11-13 19:27:00,102.87,debit,ach,online_retail,posted
T00012292,A000577,2025-12-26 13:48:00,3244.01,credit,ach,,posted
T00012293,A000577,2025-09-25 11:27:00,3130.43,credit,ach,,posted
T00012294,A000577,2025-11-25 19:46:00,14.83,debit,atm,entertainment,posted
T00012295,A000577,2025-08-27 14:53:00,16.13,debit,atm,dining,posted
T00012296,A000577,2025-11-29 04:26:00,18.09,debit,atm,grocery,posted
T00012297,A000577,2025-09-29 15:23:00,12.32,debit,atm,travel,declined
T00012298,A000577,2025-08-23 03:01:00,3327.64,credit,ach,,posted
T00012299,A000577,2025-08-31 15:38:00,184.25,debit,card,online_retail,posted
T00012300,A000577,2025-09-09 05:10:00,1111.25,debit,card,utilities,posted
T00012301,A000577,2025-08-05 04:52:00,11.06,debit,card,utilities,posted
T00012302,A000577,2025-12-19 20:07:00,26.47,debit,atm,entertainment,posted
T00012303,A000577,2025-10-03 17:35:00,3462.79,credit,ach,,posted
T00012304,A000578,2025-08-25 19:46:00,25.5,debit,ach,online_retail,posted
T00012305,A000578,2025-08-28 04:49:00,140.48,debit,ach,entertainment,posted
T00012306,A000578,2025-10-22 18:56:00,6.82,debit,card,travel,posted
T00012307,A000578,2025-11-25 10:04:00,27.69,debit,card,online_retail,posted
T00012308,A000578,2025-10-18 02:24:00,41.26,debit,ach,grocery,posted
T00012309,A000578,2025-08-30 15:38:00,155.02,debit,p2p,utilities,posted
T00012310,A000578,2025-11-15 15:11:00,23.3,debit,p2p,dining,posted
T00012311,A000578,2025-10-06 03:01:00,809.43,credit,ach,,posted
T00012312,A000578,2025-10-04 23:57:00,2608.63,credit,ach,,posted
T00012313,A000578,2025-11-25 17:16:00,30.17,debit,ach,fuel,posted
T00012314,A000578,2025-12-17 20:38:00,22.84,debit,card,dining,posted
T00012315,A000578,2025-10-19 20:30:00,670.08,credit,ach,,posted
T00012316,A000578,2025-10-13 23:14:00,27.6,debit,card,travel,posted
T00012317,A000578,2025-12-09 11:10:00,33.61,debit,card,fuel,posted
T00012318,A000578,2025-10-16 01:20:00,44.59,debit,p2p,online_retail,posted
T00012319,A000578,2025-09-09 04:04:00,99.58,debit,atm,fuel,posted
T00012320,A000578,2025-09-03 05:23:00,12.15,debit,card,grocery,posted
T00012321,A000578,2025-09-01 02:48:00,255.09,debit,card,travel,posted
T00012322,A000578,2025-11-02 16:42:00,11.66,debit,card,utilities,declined
T00012323,A000578,2025-09-25 15:31:00,7.81,debit,ach,utilities,posted
T00012324,A000578,2025-11-17 03:58:00,5.04,debit,card,utilities,declined
T00012325,A000578,2025-11-20 12:43:00,51.95,debit,card,online_retail,posted
T00012326,A000578,2025-11-14 08:05:00,353.16,debit,card,utilities,posted
T00012327,A000578,2025-12-15 04:25:00,3493.57,credit,ach,,posted
T00012328,A000578,2025-11-10 23:35:00,18.16,debit,p2p,online_retail,posted
T00012329,A000578,2025-09-16 14:30:00,1473.76,credit,ach,,posted
T00012330,A000579,2025-03-26 23:30:00,32.73,debit,atm,dining,posted
T00012331,A000579,2025-06-17 23:31:00,22.19,debit,card,utilities,posted
T00012332,A000579,2025-10-07 19:14:00,22.99,debit,p2p,healthcare,posted
T00012333,A000579,2025-06-18 09:00:00,87.35,debit,card,travel,posted
T00012334,A000579,2025-05-16 04:36:00,30.12,debit,card,utilities,posted
T00012335,A000579,2025-08-20 23:04:00,32.44,debit,atm,healthcare,posted
T00012336,A000579,2024-10-17 00:39:00,782.2,credit,ach,,posted
T00012337,A000579,2025-06-26 17:49:00,29.07,debit,atm,utilities,posted
T00012338,A000579,2025-03-20 08:05:00,44.25,debit,card,grocery,posted
T00012339,A000579,2025-10-26 03:18:00,16.18,debit,card,travel,posted
T00012340,A000579,2025-01-03 22:33:00,13.57,debit,card,grocery,posted
T00012341,A000579,2025-10-31 21:00:00,27.44,debit,ach,utilities,posted
T00012342,A000579,2025-01-23 08:42:00,2245.5,credit,ach,,posted
T00012343,A000579,2024-10-19 11:16:00,3654.59,credit,ach,,posted
T00012344,A000579,2025-01-28 11:15:00,106.29,debit,atm,travel,posted
T00012345,A000579,2025-07-09 21:48:00,61.26,debit,card,healthcare,posted
T00012346,A000579,2025-06-23 17:03:00,60.0,debit,ach,online_retail,posted
T00012347,A000579,2025-05-31 07:54:00,3248.49,credit,ach,,posted
T00012348,A000579,2025-10-26 11:48:00,2034.33,credit,ach,,posted
T00012349,A000579,2025-01-11 05:35:00,132.42,debit,ach,healthcare,posted
T00012350,A000579,2025-12-26 20:38:00,9.66,debit,ach,grocery,posted
T00012351,A000579,2025-03-06 16:08:00,527.75,credit,ach,,posted
T00012352,A000579,2025-12-09 16:40:00,39.92,debit,p2p,fuel,posted
T00012353,A000579,2025-12-10 21:55:00,130.05,debit,atm,healthcare,posted
T00012354,A000579,2025-01-22 23:09:00,2620.53,credit,ach,,reversed
T00012355,A000579,2025-12-04 05:05:00,116.68,debit,ach,grocery,posted
T00012356,A000579,2025-08-11 04:15:00,24.2,debit,p2p,fuel,posted
T00012357,A000579,2025-04-29 08:16:00,65.03,debit,card,travel,posted
T00012358,A000579,2025-10-29 08:25:00,13.56,debit,p2p,utilities,posted
T00012359,A000579,2025-03-21 20:58:00,1845.76,credit,ach,,posted
T00012360,A000580,2025-02-19 17:02:00,86.29,debit,card,travel,posted
T00012361,A000580,2025-08-19 06:18:00,530.02,credit,ach,,posted
T00012362,A000580,2025-12-06 00:34:00,3841.19,credit,ach,,posted
T00012363,A000580,2025-11-23 01:38:00,42.53,debit,ach,fuel,posted
T00012364,A000580,2025-08-10 19:56:00,148.66,debit,card,travel,posted
T00012365,A000580,2024-12-07 11:22:00,120.05,debit,p2p,online_retail,posted
T00012366,A000580,2025-11-15 09:16:00,7.64,debit,p2p,grocery,posted
T00012367,A000580,2025-07-09 04:30:00,13.47,debit,p2p,dining,posted
T00012368,A000580,2025-06-25 00:41:00,23.22,debit,card,utilities,posted
T00012369,A000580,2024-12-11 21:30:00,3.27,debit,card,entertainment,posted
T00012370,A000580,2025-05-16 18:04:00,30.84,debit,atm,utilities,posted
T00012371,A000580,2025-04-27 10:33:00,1632.05,credit,ach,,posted
T00012372,A000580,2025-06-20 05:14:00,23.59,debit,card,entertainment,posted
T00012373,A000580,2025-01-13 19:47:00,27.57,debit,atm,utilities,reversed
T00012374,A000580,2025-06-18 06:20:00,30.45,debit,ach,dining,posted
T00012375,A000580,2024-12-06 19:00:00,1013.33,credit,ach,,posted
T00012376,A000580,2025-03-25 17:28:00,40.52,debit,ach,utilities,posted
T00012377,A000580,2025-03-03 15:42:00,13.84,debit,card,entertainment,declined
T00012378,A000580,2024-12-30 14:14:00,23.03,debit,card,fuel,posted
T00012379,A000580,2025-05-04 03:26:00,2.46,debit,card,entertainment,posted
T00012380,A000580,2025-08-11 19:59:00,17.18,debit,p2p,entertainment,posted
T00012381,A000580,2025-10-08 15:56:00,1279.27,credit,ach,,posted
T00012382,A000580,2025-02-17 16:01:00,29.08,debit,card,entertainment,posted
T00012383,A000580,2025-07-01 00:24:00,155.99,debit,ach,dining,posted
T00012384,A000581,2025-11-12 22:00:00,2606.62,credit,ach,,posted
T00012385,A000581,2025-11-05 01:06:00,8.01,debit,card,dining,posted
T00012386,A000581,2025-11-27 10:42:00,1900.44,credit,ach,,posted
T00012387,A000581,2025-12-17 11:02:00,1553.4,credit,ach,,posted
T00012388,A000581,2025-11-04 13:18:00,59.77,debit,p2p,fuel,posted
T00012389,A000581,2025-11-28 22:07:00,18.13,debit,atm,travel,posted
T00012390,A000581,2025-11-28 22:09:00,11.38,debit,ach,travel,posted
T00012391,A000581,2025-11-14 12:22:00,2083.3,credit,ach,,posted
T00012392,A000581,2025-12-01 01:26:00,14.96,debit,card,dining,posted
T00012393,A000581,2025-12-23 05:26:00,2039.9,credit,ach,,posted
T00012394,A000581,2025-12-20 04:00:00,3.62,debit,card,utilities,posted
T00012395,A000581,2025-12-27 06:32:00,21.33,debit,card,healthcare,posted
T00012396,A000581,2025-12-15 15:56:00,13.63,debit,card,dining,posted
T00012397,A000581,2025-12-20 22:02:00,22.45,debit,card,entertainment,posted
T00012398,A000581,2025-12-01 01:14:00,31.57,debit,atm,utilities,posted
T00012399,A000582,2025-11-08 21:19:00,40.83,debit,card,healthcare,posted
T00012400,A000582,2025-07-13 00:49:00,3430.34,credit,ach,,posted
T00012401,A000582,2025-06-18 04:31:00,9.03,debit,ach,utilities,posted
T00012402,A000582,2025-08-06 19:45:00,108.59,debit,p2p,fuel,posted
T00012403,A000582,2025-07-03 03:55:00,39.73,debit,atm,dining,posted
T00012404,A000582,2025-12-20 10:36:00,33.83,debit,card,dining,posted
T00012405,A000582,2025-11-07 16:33:00,29.84,debit,p2p,travel,posted
T00012406,A000582,2025-08-31 11:44:00,39.47,debit,atm,online_retail,posted
T00012407,A000582,2025-04-12 23:13:00,2432.5,credit,ach,,posted
T00012408,A000582,2025-11-28 05:23:00,62.38,debit,ach,grocery,posted
T00012409,A000582,2025-08-22 16:28:00,1041.69,credit,ach,,posted
T00012410,A000582,2025-09-23 18:07:00,147.77,debit,card,dining,posted
T00012411,A000582,2025-11-17 04:52:00,1761.6,credit,ach,,posted
T00012412,A000582,2025-07-01 22:58:00,91.49,debit,card,travel,posted
T00012413,A000582,2025-10-31 22:01:00,1906.86,credit,ach,,posted
T00012414,A000582,2025-08-16 15:35:00,67.51,debit,ach,utilities,posted
T00012415,A000582,2025-12-09 00:54:00,2120.19,credit,ach,,posted
T00012416,A000582,2025-04-06 14:26:00,13.71,debit,card,utilities,posted
T00012417,A000582,2025-12-24 20:03:00,37.71,debit,p2p,grocery,posted
T00012418,A000582,2025-06-05 00:20:00,3.0,debit,card,entertainment,posted
T00012419,A000582,2025-11-27 10:50:00,6.48,debit,card,dining,posted
T00012420,A000582,2025-03-09 08:38:00,3657.86,credit,ach,,posted
T00012421,A000582,2025-10-10 15:20:00,22.96,debit,p2p,fuel,posted
T00012422,A000582,2025-01-28 00:56:00,17.04,debit,ach,utilities,posted
T00012423,A000582,2025-09-01 08:41:00,28.21,debit,p2p,dining,posted
T00012424,A000582,2025-07-11 08:32:00,88.22,debit,card,utilities,posted
T00012425,A000582,2025-09-11 07:46:00,68.15,debit,p2p,utilities,reversed
T00012426,A000583,2025-12-29 22:21:00,2306.35,credit,ach,,posted
T00012427,A000583,2025-10-16 05:07:00,41.63,debit,atm,travel,posted
T00012428,A000583,2025-11-07 23:14:00,1099.04,credit,ach,,posted
T00012429,A000583,2025-09-06 22:30:00,150.3,debit,card,travel,posted
T00012430,A000583,2025-09-19 15:25:00,94.91,debit,ach,utilities,posted
T00012431,A000583,2025-12-05 15:00:00,8.62,debit,card,entertainment,posted
T00012432,A000583,2025-08-30 15:32:00,2489.23,credit,ach,,posted
T00012433,A000583,2025-09-28 12:57:00,74.81,debit,card,grocery,posted
T00012434,A000583,2025-10-15 01:57:00,2.77,debit,card,entertainment,posted
T00012435,A000583,2025-12-11 07:34:00,20.57,debit,ach,healthcare,posted
T00012436,A000583,2025-12-28 19:55:00,3248.26,credit,ach,,posted
T00012437,A000583,2025-12-11 23:19:00,3255.43,credit,ach,,posted
T00012438,A000583,2025-11-08 01:35:00,3040.82,credit,ach,,reversed
T00012439,A000583,2025-10-22 17:01:00,47.72,debit,atm,healthcare,posted
T00012440,A000583,2025-12-02 07:48:00,18.72,debit,card,entertainment,posted
T00012441,A000583,2025-12-26 14:56:00,8.73,debit,ach,grocery,declined
T00012442,A000583,2025-08-30 09:50:00,2390.28,credit,ach,,posted
T00012443,A000583,2025-09-21 01:53:00,1408.51,credit,ach,,posted
T00012444,A000583,2025-10-05 05:15:00,15.95,debit,ach,fuel,posted
T00012445,A000583,2025-11-28 03:03:00,64.41,debit,p2p,grocery,posted
T00012446,A000583,2025-11-19 12:38:00,1188.31,credit,ach,,posted
T00012447,A000583,2025-09-13 07:48:00,1832.53,credit,ach,,posted
T00012448,A000583,2025-12-24 22:08:00,2272.59,credit,ach,,posted
T00012449,A000583,2025-12-29 19:05:00,2755.68,credit,ach,,posted
T00012450,A000583,2025-11-29 07:51:00,31.89,debit,card,travel,posted
T00012451,A000583,2025-10-07 16:43:00,139.74,debit,ach,dining,declined
T00012452,A000583,2025-11-08 14:56:00,46.84,debit,ach,grocery,posted
T00012453,A000583,2025-09-22 10:50:00,3.02,debit,card,entertainment,posted
T00012454,A000583,2025-09-24 17:38:00,9.99,debit,card,dining,posted
T00012455,A000583,2025-11-10 16:12:00,82.89,debit,card,fuel,posted
T00012456,A000583,2025-12-17 07:07:00,38.06,debit,card,fuel,posted
T00012457,A000583,2025-12-15 21:07:00,30.73,debit,card,utilities,posted
T00012458,A000583,2025-09-16 11:39:00,332.61,debit,card,online_retail,posted
T00012459,A000583,2025-11-18 03:18:00,24.91,debit,card,online_retail,posted
T00012460,A000583,2025-10-14 08:01:00,23.43,debit,atm,dining,posted
T00012461,A000583,2025-11-18 11:06:00,123.65,debit,ach,utilities,posted
T00012462,A000584,2025-10-09 20:38:00,16.22,debit,card,online_retail,posted
T00012463,A000584,2025-03-27 09:23:00,51.19,debit,card,fuel,posted
T00012464,A000584,2025-03-24 02:47:00,3928.49,credit,ach,,posted
T00012465,A000584,2025-11-13 07:26:00,2535.52,credit,ach,,posted
T00012466,A000584,2025-05-31 07:44:00,14.8,debit,p2p,online_retail,posted
T00012467,A000584,2025-12-04 04:18:00,1577.61,credit,ach,,posted
T00012468,A000584,2025-04-01 17:27:00,65.23,debit,atm,healthcare,posted
T00012469,A000584,2025-03-24 00:16:00,1017.29,credit,ach,,reversed
T00012470,A000584,2025-07-27 03:19:00,7.13,debit,card,dining,posted
T00012471,A000584,2025-04-18 11:09:00,549.52,credit,ach,,posted
T00012472,A000584,2025-12-05 13:22:00,56.38,debit,ach,travel,posted
T00012473,A000584,2025-10-18 16:47:00,31.21,debit,ach,entertainment,posted
T00012474,A000584,2025-10-16 05:30:00,609.45,credit,ach,,posted
T00012475,A000584,2025-11-09 16:21:00,1948.6,credit,ach,,posted
T00012476,A000584,2025-09-11 02:24:00,19.24,debit,card,fuel,posted
T00012477,A000584,2025-09-16 18:13:00,160.38,debit,card,utilities,posted
T00012478,A000584,2025-03-04 18:36:00,77.06,debit,atm,healthcare,posted
T00012479,A000584,2025-07-30 16:28:00,22.91,debit,atm,dining,posted
T00012480,A000584,2025-03-07 17:40:00,37.74,debit,card,dining,posted
T00012481,A000584,2025-09-29 23:52:00,9.99,debit,ach,travel,posted
T00012482,A000584,2025-11-30 11:02:00,1559.32,credit,ach,,posted
T00012483,A000584,2025-12-08 21:19:00,2207.96,credit,ach,,posted
T00012484,A000586,2025-08-14 22:40:00,67.5,debit,card,online_retail,posted
T00012485,A000586,2025-08-23 01:49:00,121.92,debit,atm,fuel,posted
T00012486,A000586,2025-02-28 06:44:00,4.38,debit,card,entertainment,posted
T00012487,A000586,2025-06-09 10:23:00,1213.75,credit,ach,,posted
T00012488,A000586,2025-10-11 18:05:00,13.32,debit,card,online_retail,posted
T00012489,A000586,2025-04-15 16:06:00,1932.87,credit,ach,,posted
T00012490,A000586,2025-09-11 09:55:00,29.05,debit,card,utilities,posted
T00012491,A000586,2025-04-13 23:53:00,65.62,debit,p2p,fuel,posted
T00012492,A000586,2025-11-19 13:12:00,506.4,credit,ach,,posted
T00012493,A000586,2025-06-24 06:48:00,21.2,debit,p2p,online_retail,posted
T00012494,A000586,2025-04-15 12:45:00,96.74,debit,card,healthcare,posted
T00012495,A000586,2025-05-22 18:31:00,18.6,debit,ach,dining,posted
T00012496,A000586,2025-11-09 17:05:00,22.01,debit,card,utilities,posted
T00012497,A000586,2025-02-16 15:04:00,2307.89,credit,ach,,posted
T00012498,A000586,2025-06-09 01:56:00,233.99,debit,card,travel,posted
T00012499,A000586,2025-06-26 17:27:00,13.14,debit,ach,travel,posted
T00012500,A000586,2025-06-06 02:54:00,11.2,debit,ach,fuel,posted
T00012501,A000586,2025-10-09 23:37:00,7.86,debit,card,entertainment,posted
T00012502,A000586,2025-03-23 00:42:00,21.91,debit,p2p,fuel,posted
T00012503,A000586,2025-10-13 13:11:00,2798.58,credit,ach,,posted
T00012504,A000586,2025-09-29 00:36:00,2991.34,credit,ach,,posted
T00012505,A000586,2025-03-10 12:49:00,83.13,debit,card,online_retail,posted
T00012506,A000586,2025-06-30 20:43:00,17.29,debit,card,grocery,posted
T00012507,A000586,2025-04-25 02:56:00,36.23,debit,atm,online_retail,posted
T00012508,A000586,2025-03-29 07:10:00,3677.0,credit,ach,,posted
T00012509,A000586,2025-07-28 10:30:00,24.51,debit,atm,entertainment,posted
T00012510,A000586,2025-09-16 03:17:00,35.19,debit,card,travel,posted
T00012511,A000586,2025-05-14 18:01:00,29.66,debit,atm,grocery,posted
T00012512,A000586,2025-07-28 19:21:00,7.18,debit,card,entertainment,posted
T00012513,A000586,2025-05-17 14:10:00,2753.94,credit,ach,,posted
T00012514,A000586,2025-02-01 16:53:00,2635.35,credit,ach,,posted
T00012515,A000586,2025-06-22 13:00:00,57.39,debit,card,travel,posted
T00012516,A000586,2025-09-14 23:21:00,10.04,debit,atm,fuel,posted
T00012517,A000586,2025-09-16 03:12:00,59.2,debit,card,utilities,posted
T00012518,A000586,2025-03-06 06:17:00,14.21,debit,card,healthcare,posted
T00012519,A000586,2025-11-01 16:57:00,2733.24,credit,ach,,posted
T00012520,A000587,2025-07-19 07:49:00,3491.61,credit,ach,,posted
T00012521,A000587,2025-02-20 02:23:00,43.68,debit,atm,grocery,posted
T00012522,A000587,2025-04-24 01:10:00,33.12,debit,card,fuel,posted
T00012523,A000587,2025-05-30 14:27:00,2305.41,credit,ach,,posted
T00012524,A000587,2025-09-01 09:24:00,3516.5,credit,ach,,posted
T00012525,A000587,2024-08-15 10:01:00,44.94,debit,card,fuel,posted
T00012526,A000587,2025-10-15 02:56:00,28.88,debit,card,grocery,posted
T00012527,A000587,2025-04-04 21:44:00,103.0,debit,card,fuel,posted
T00012528,A000587,2024-11-09 09:09:00,78.74,debit,atm,utilities,posted
T00012529,A000587,2024-11-30 20:07:00,2930.92,credit,ach,,posted
T00012530,A000587,2025-04-09 09:46:00,66.57,debit,ach,entertainment,posted
T00012531,A000587,2025-10-13 13:00:00,1660.09,credit,ach,,posted
T00012532,A000587,2025-03-07 02:58:00,21.9,debit,p2p,online_retail,posted
T00012533,A000587,2024-10-13 09:57:00,41.12,debit,card,healthcare,posted
T00012534,A000587,2024-10-02 02:39:00,95.5,debit,ach,grocery,posted
T00012535,A000587,2024-11-24 06:40:00,7.88,debit,atm,healthcare,posted
T00012536,A000587,2025-07-18 05:12:00,159.56,debit,card,online_retail,posted
T00012537,A000587,2025-05-21 15:57:00,6.71,debit,ach,travel,posted
T00012538,A000587,2024-09-14 10:30:00,21.61,debit,p2p,travel,posted
T00012539,A000587,2025-02-06 21:12:00,22.33,debit,card,grocery,posted
T00012540,A000587,2025-01-30 23:22:00,25.48,debit,card,online_retail,posted
T00012541,A000587,2024-10-12 04:12:00,16.42,debit,p2p,healthcare,posted
T00012542,A000587,2025-05-15 19:10:00,1665.09,credit,ach,,posted
T00012543,A000587,2025-03-19 00:54:00,29.52,debit,atm,online_retail,posted
T00012544,A000587,2025-12-05 05:14:00,168.4,debit,card,fuel,posted
T00012545,A000587,2025-01-26 23:32:00,3078.63,credit,ach,,posted
T00012546,A000587,2025-08-24 00:53:00,72.55,debit,atm,fuel,posted
T00012547,A000587,2024-08-28 15:58:00,21.16,debit,card,healthcare,posted
T00012548,A000587,2025-09-12 19:02:00,771.87,credit,ach,,declined
T00012549,A000588,2025-11-21 12:53:00,1339.59,credit,ach,,posted
T00012550,A000588,2025-10-09 11:31:00,291.28,debit,card,travel,posted
T00012551,A000588,2025-09-12 13:29:00,21.74,debit,card,healthcare,posted
T00012552,A000588,2025-10-21 08:35:00,111.35,debit,card,utilities,posted
T00012553,A000588,2025-12-03 07:34:00,284.54,debit,card,online_retail,posted
T00012554,A000588,2025-09-05 22:00:00,21.5,debit,atm,entertainment,posted
T00012555,A000588,2025-10-07 10:54:00,32.47,debit,ach,travel,posted
T00012556,A000588,2025-09-09 13:29:00,23.86,debit,card,healthcare,posted
T00012557,A000588,2025-10-23 19:08:00,14.11,debit,card,travel,posted
T00012558,A000588,2025-11-07 07:55:00,3305.62,credit,ach,,posted
T00012559,A000588,2025-09-08 15:48:00,103.6,debit,ach,travel,posted
T00012560,A000588,2025-09-06 08:11:00,81.45,debit,ach,travel,posted
T00012561,A000588,2025-10-23 16:44:00,45.18,debit,card,dining,posted
T00012562,A000588,2025-09-11 16:41:00,44.19,debit,card,utilities,posted
T00012563,A000588,2025-12-17 04:29:00,50.07,debit,card,dining,posted
T00012564,A000588,2025-12-29 08:25:00,78.29,debit,atm,entertainment,posted
T00012565,A000588,2025-09-05 04:14:00,2505.83,credit,ach,,posted
T00012566,A000588,2025-09-15 22:29:00,118.54,debit,card,entertainment,posted
T00012567,A000588,2025-09-06 04:15:00,1051.07,credit,ach,,posted
T00012568,A000588,2025-09-26 19:34:00,81.57,debit,p2p,online_retail,posted
T00012569,A000588,2025-12-09 01:55:00,5.34,debit,p2p,entertainment,posted
T00012570,A000588,2025-09-05 15:49:00,86.45,debit,p2p,entertainment,declined
T00012571,A000588,2025-10-03 11:52:00,48.49,debit,atm,fuel,posted
T00012572,A000588,2025-11-23 09:41:00,2176.44,credit,ach,,posted
T00012573,A000588,2025-11-24 16:44:00,3044.36,credit,ach,,posted
T00012574,A000588,2025-10-07 01:58:00,14.78,debit,card,fuel,posted
T00012575,A000589,2025-12-27 22:51:00,9.87,debit,card,grocery,posted
T00012576,A000589,2025-12-24 23:45:00,18.36,debit,card,dining,posted
T00012577,A000589,2025-12-16 16:23:00,2402.52,credit,ach,,posted
T00012578,A000589,2025-12-25 12:40:00,377.12,debit,card,travel,posted
T00012579,A000589,2025-12-31 00:36:00,112.66,debit,p2p,online_retail,posted
T00012580,A000589,2025-12-26 19:27:00,773.91,credit,ach,,posted
T00012581,A000589,2025-12-28 15:19:00,80.72,debit,card,dining,posted
T00012582,A000589,2025-12-18 22:22:00,26.06,debit,card,grocery,posted
T00012583,A000589,2025-12-19 01:28:00,70.45,debit,ach,online_retail,posted
T00012584,A000589,2025-12-29 02:19:00,129.38,debit,card,utilities,posted
T00012585,A000589,2025-12-16 04:15:00,3746.1,credit,ach,,posted
T00012586,A000589,2025-12-18 15:36:00,19.86,debit,atm,fuel,posted
T00012587,A000589,2025-12-30 20:55:00,29.44,debit,p2p,fuel,posted
T00012588,A000589,2025-12-20 11:31:00,82.19,debit,card,grocery,posted
T00012589,A000589,2025-12-19 14:19:00,24.0,debit,ach,online_retail,posted
T00012590,A000589,2025-12-17 12:29:00,126.36,debit,card,dining,posted
T00012591,A000589,2025-12-29 17:19:00,40.33,debit,p2p,dining,posted
T00012592,A000589,2025-12-21 06:21:00,159.02,debit,card,online_retail,posted
T00012593,A000589,2025-12-31 18:01:00,4.68,debit,atm,healthcare,posted
T00012594,A000589,2025-12-30 07:13:00,38.13,debit,p2p,travel,posted
T00012595,A000589,2025-12-21 09:46:00,74.49,debit,card,travel,posted
T00012596,A000589,2025-12-22 02:09:00,4.39,debit,p2p,travel,posted
T00012597,A000589,2025-12-16 08:16:00,20.74,debit,p2p,healthcare,posted
T00012598,A000589,2025-12-29 17:14:00,6.2,debit,card,travel,posted
T00012599,A000589,2025-12-24 16:35:00,3043.74,credit,ach,,posted
T00012600,A000589,2025-12-25 08:11:00,6.9,debit,card,travel,posted
T00012601,A000589,2025-12-22 13:55:00,63.71,debit,p2p,grocery,posted
T00012602,A000589,2025-12-21 12:03:00,25.19,debit,card,healthcare,posted
T00012603,A000589,2025-12-24 14:42:00,3980.28,credit,ach,,posted
T00012604,A000589,2025-12-29 17:56:00,1717.28,credit,ach,,posted
T00012605,A000589,2025-12-17 13:20:00,15.69,debit,card,fuel,posted
T00012606,A000589,2025-12-19 08:31:00,34.46,debit,card,fuel,posted
T00012607,A000589,2025-12-21 05:47:00,20.37,debit,card,travel,posted
T00012608,A000590,2025-11-09 18:04:00,9.8,debit,card,travel,posted
T00012609,A000590,2025-07-22 11:21:00,19.54,debit,card,travel,posted
T00012610,A000590,2025-10-07 21:02:00,7.48,debit,card,dining,posted
T00012611,A000590,2025-10-11 18:57:00,23.99,debit,ach,grocery,posted
T00012612,A000590,2025-10-06 05:36:00,2053.12,credit,ach,,posted
T00012613,A000590,2025-09-23 05:52:00,674.59,credit,ach,,posted
T00012614,A000590,2025-07-27 07:09:00,99.44,debit,ach,entertainment,posted
T00012615,A000590,2025-10-20 15:29:00,2341.03,credit,ach,,posted
T00012616,A000590,2025-08-30 03:23:00,15.28,debit,atm,dining,posted
T00012617,A000590,2025-10-29 13:09:00,95.59,debit,card,dining,declined
T00012618,A000590,2025-12-28 13:32:00,1633.89,credit,ach,,posted
T00012619,A000590,2025-09-20 21:18:00,75.34,debit,atm,travel,posted
T00012620,A000590,2025-12-25 13:57:00,163.63,debit,card,entertainment,posted
T00012621,A000590,2025-10-15 03:25:00,28.06,debit,atm,utilities,posted
T00012622,A000590,2025-07-29 18:09:00,18.95,debit,atm,entertainment,posted
T00012623,A000591,2025-12-07 18:46:00,13.88,debit,atm,entertainment,posted
T00012624,A000591,2025-06-29 14:55:00,57.61,debit,ach,online_retail,posted
T00012625,A000591,2025-12-10 05:16:00,22.06,debit,card,grocery,posted
T00012626,A000591,2025-07-16 02:59:00,12.6,debit,p2p,utilities,posted
T00012627,A000591,2025-08-14 17:48:00,1562.27,credit,ach,,posted
T00012628,A000591,2025-10-12 17:30:00,22.2,debit,card,fuel,posted
T00012629,A000591,2025-09-27 03:41:00,53.37,debit,atm,utilities,posted
T00012630,A000591,2025-09-04 15:04:00,34.17,debit,card,utilities,posted
T00012631,A000591,2025-06-15 11:35:00,34.37,debit,ach,fuel,posted
T00012632,A000591,2025-06-08 13:56:00,21.46,debit,ach,entertainment,posted
T00012633,A000591,2025-10-22 09:43:00,1267.29,credit,ach,,posted
T00012634,A000591,2025-11-24 23:11:00,54.93,debit,card,grocery,posted
T00012635,A000591,2025-07-25 05:22:00,1774.72,credit,ach,,posted
T00012636,A000591,2025-07-08 01:38:00,1783.95,credit,ach,,posted
T00012637,A000591,2025-08-03 03:00:00,95.56,debit,card,fuel,posted
T00012638,A000591,2025-10-11 00:47:00,67.38,debit,card,grocery,posted
T00012639,A000591,2025-12-19 12:59:00,1366.1,credit,ach,,posted
T00012640,A000591,2025-10-04 06:03:00,4.59,debit,card,healthcare,posted
T00012641,A000591,2025-10-27 18:02:00,59.56,debit,card,dining,posted
T00012642,A000591,2025-07-14 18:30:00,3.15,debit,card,grocery,posted
T00012643,A000591,2025-07-01 10:34:00,50.66,debit,card,utilities,posted
T00012644,A000591,2025-09-16 17:48:00,62.48,debit,card,dining,posted
T00012645,A000591,2025-12-30 16:14:00,2351.57,credit,ach,,posted
T00012646,A000591,2025-11-04 21:36:00,1326.35,credit,ach,,posted
T00012647,A000591,2025-09-29 00:13:00,276.56,debit,card,healthcare,posted
T00012648,A000591,2025-08-01 10:36:00,3294.69,credit,ach,,posted
T00012649,A000591,2025-10-28 06:36:00,30.51,debit,atm,grocery,posted
T00012650,A000591,2025-12-02 01:32:00,3.16,debit,p2p,utilities,posted
T00012651,A000591,2025-11-04 03:47:00,26.76,debit,atm,grocery,posted
T00012652,A000591,2025-11-25 14:51:00,762.59,credit,ach,,posted
T00012653,A000591,2025-11-28 14:23:00,19.62,debit,card,utilities,posted
T00012654,A000591,2025-08-12 04:55:00,32.38,debit,atm,entertainment,posted
T00012655,A000591,2025-12-15 02:42:00,2180.97,credit,ach,,posted
T00012656,A000591,2025-12-06 16:41:00,155.17,debit,card,travel,posted
T00012657,A000591,2025-09-05 21:55:00,149.85,debit,card,fuel,posted
T00012658,A000591,2025-07-25 12:55:00,40.02,debit,card,entertainment,posted
T00012659,A000591,2025-07-08 12:39:00,1855.85,credit,ach,,posted
T00012660,A000592,2025-08-22 00:38:00,9.66,debit,card,entertainment,posted
T00012661,A000592,2025-11-07 19:43:00,672.45,credit,ach,,posted
T00012662,A000592,2025-12-22 04:39:00,159.59,debit,card,grocery,posted
T00012663,A000592,2025-10-26 07:39:00,25.62,debit,p2p,fuel,posted
T00012664,A000592,2025-08-12 16:26:00,21.41,debit,ach,fuel,posted
T00012665,A000592,2025-12-05 16:18:00,26.48,debit,ach,online_retail,posted
T00012666,A000592,2025-10-15 13:09:00,933.66,credit,ach,,posted
T00012667,A000592,2025-09-27 13:31:00,132.24,debit,card,online_retail,posted
T00012668,A000592,2025-11-26 06:59:00,6.05,debit,p2p,utilities,posted
T00012669,A000592,2025-08-08 15:36:00,25.97,debit,card,healthcare,posted
T00012670,A000592,2025-12-15 21:55:00,1893.34,credit,ach,,posted
T00012671,A000592,2025-12-17 06:42:00,9.62,debit,card,fuel,posted
T00012672,A000592,2025-11-11 03:19:00,61.82,debit,card,entertainment,posted
T00012673,A000592,2025-10-05 02:17:00,29.16,debit,ach,healthcare,posted
T00012674,A000592,2025-12-25 19:01:00,3720.75,credit,ach,,posted
T00012675,A000592,2025-08-01 16:38:00,46.53,debit,ach,grocery,posted
T00012676,A000592,2025-10-08 22:17:00,58.09,debit,card,utilities,posted
T00012677,A000592,2025-12-09 15:49:00,14.15,debit,card,online_retail,posted
T00012678,A000592,2025-09-30 18:55:00,311.43,debit,card,online_retail,posted
T00012679,A000592,2025-12-16 05:11:00,1553.67,credit,ach,,posted
T00012680,A000592,2025-08-16 17:30:00,117.99,debit,card,travel,posted
T00012681,A000592,2025-12-08 03:13:00,38.01,debit,card,travel,posted
T00012682,A000592,2025-09-10 21:21:00,97.72,debit,atm,dining,posted
T00012683,A000592,2025-09-25 12:18:00,3.24,debit,card,grocery,posted
T00012684,A000593,2025-04-12 02:03:00,138.34,debit,ach,online_retail,posted
T00012685,A000593,2025-05-11 19:59:00,17.48,debit,ach,entertainment,posted
T00012686,A000593,2025-02-12 14:06:00,47.85,debit,card,grocery,posted
T00012687,A000593,2025-06-05 05:12:00,154.7,debit,card,entertainment,posted
T00012688,A000593,2025-08-16 10:27:00,45.47,debit,card,dining,posted
T00012689,A000593,2025-09-10 02:30:00,3964.59,credit,ach,,posted
T00012690,A000593,2025-06-30 13:01:00,112.29,debit,ach,online_retail,posted
T00012691,A000593,2025-12-03 23:19:00,13.05,debit,card,grocery,posted
T00012692,A000593,2025-07-31 09:55:00,50.4,debit,p2p,travel,posted
T00012693,A000593,2025-04-08 00:59:00,71.48,debit,card,healthcare,posted
T00012694,A000593,2025-12-19 16:52:00,42.4,debit,card,dining,posted
T00012695,A000593,2025-04-21 11:05:00,543.39,credit,ach,,posted
T00012696,A000593,2025-07-01 02:12:00,60.97,debit,card,healthcare,posted
T00012697,A000593,2025-10-11 15:54:00,515.72,debit,atm,travel,posted
T00012698,A000593,2025-07-07 17:13:00,59.65,debit,ach,dining,posted
T00012699,A000593,2025-06-08 20:32:00,70.27,debit,p2p,travel,posted
T00012700,A000593,2025-10-05 17:15:00,2027.13,credit,ach,,posted
T00012701,A000593,2025-09-06 06:28:00,11.14,debit,atm,utilities,posted
T00012702,A000593,2025-06-10 04:31:00,19.34,debit,atm,fuel,posted
T00012703,A000593,2025-12-09 11:03:00,30.41,debit,p2p,grocery,posted
T00012704,A000593,2025-03-02 18:35:00,8.14,debit,p2p,dining,posted
T00012705,A000593,2025-12-13 02:48:00,86.46,debit,card,online_retail,posted
T00012706,A000593,2025-07-19 08:26:00,27.91,debit,card,grocery,posted
T00012707,A000593,2025-04-02 18:06:00,5.7,debit,p2p,grocery,posted
T00012708,A000593,2025-11-08 19:49:00,70.85,debit,p2p,dining,posted
T00012709,A000593,2025-08-26 17:36:00,66.05,debit,atm,online_retail,posted
T00012710,A000593,2025-05-06 15:01:00,27.81,debit,card,entertainment,posted
T00012711,A000593,2025-05-27 22:15:00,25.54,debit,p2p,online_retail,posted
T00012712,A000593,2025-12-08 09:39:00,66.44,debit,atm,dining,posted
T00012713,A000593,2025-04-10 20:50:00,122.07,debit,p2p,dining,posted
T00012714,A000593,2025-06-18 12:23:00,39.74,debit,card,entertainment,posted
T00012715,A000593,2025-03-04 14:01:00,31.05,debit,p2p,dining,posted
T00012716,A000594,2025-09-17 19:37:00,1165.84,credit,ach,,posted
T00012717,A000594,2025-10-07 10:57:00,36.5,debit,p2p,travel,posted
T00012718,A000594,2025-09-10 17:28:00,31.18,debit,card,healthcare,posted
T00012719,A000594,2025-11-07 23:59:00,3912.25,credit,ach,,posted
T00012720,A000594,2025-10-31 09:49:00,3343.02,credit,ach,,posted
T00012721,A000594,2025-10-03 09:30:00,44.6,debit,ach,grocery,posted
T00012722,A000594,2025-07-26 13:47:00,36.61,debit,ach,grocery,posted
T00012723,A000594,2025-10-14 14:19:00,4.77,debit,card,entertainment,posted
T00012724,A000594,2025-09-14 03:27:00,18.46,debit,card,utilities,posted
T00012725,A000594,2025-09-29 19:46:00,25.7,debit,card,dining,posted
T00012726,A000594,2025-07-16 10:10:00,1291.04,credit,ach,,posted
T00012727,A000594,2025-11-16 05:26:00,22.43,debit,p2p,entertainment,posted
T00012728,A000594,2025-10-02 19:27:00,527.19,credit,ach,,posted
T00012729,A000594,2025-11-29 02:11:00,2219.13,credit,ach,,posted
T00012730,A000594,2025-07-28 15:45:00,2088.19,credit,ach,,posted
T00012731,A000594,2025-10-13 11:21:00,13.57,debit,ach,utilities,posted
T00012732,A000594,2025-11-26 22:43:00,3145.78,credit,ach,,posted
T00012733,A000594,2025-10-07 08:03:00,37.24,debit,atm,healthcare,posted
T00012734,A000594,2025-07-31 02:21:00,118.43,debit,card,dining,posted
T00012735,A000594,2025-08-10 00:12:00,36.35,debit,p2p,online_retail,posted
T00012736,A000594,2025-10-16 23:04:00,6.07,debit,card,entertainment,posted
T00012737,A000594,2025-08-23 10:34:00,19.13,debit,card,fuel,posted
T00012738,A000594,2025-07-18 21:51:00,27.97,debit,card,entertainment,posted
T00012739,A000594,2025-06-25 16:36:00,605.19,credit,ach,,posted
T00012740,A000594,2025-11-11 17:06:00,1776.07,credit,ach,,posted
T00012741,A000594,2025-11-09 20:53:00,2900.11,credit,ach,,posted
T00012742,A000594,2025-11-16 01:55:00,43.42,debit,atm,travel,posted
T00012743,A000594,2025-12-04 11:56:00,12.14,debit,atm,utilities,posted
T00012744,A000594,2025-08-30 08:55:00,76.27,debit,ach,dining,posted
T00012745,A000594,2025-09-07 05:21:00,26.41,debit,card,utilities,posted
T00012746,A000594,2025-11-18 14:22:00,996.54,credit,ach,,posted
T00012747,A000594,2025-10-15 19:19:00,1505.91,credit,ach,,posted
T00012748,A000594,2025-07-29 01:15:00,802.11,credit,ach,,posted
T00012749,A000594,2025-08-06 04:34:00,13.91,debit,card,online_retail,posted
T00012750,A000594,2025-09-28 07:45:00,162.58,debit,ach,grocery,posted
T00012751,A000594,2025-11-20 00:18:00,47.87,debit,p2p,utilities,posted
T00012752,A000595,2025-12-29 14:26:00,79.31,debit,p2p,fuel,posted
T00012753,A000595,2025-12-31 18:43:00,39.67,debit,ach,entertainment,posted
T00012754,A000595,2025-12-30 14:22:00,34.92,debit,card,fuel,posted
T00012755,A000595,2025-12-31 11:39:00,2189.03,credit,ach,,posted
T00012756,A000595,2025-12-30 10:36:00,2571.34,credit,ach,,posted
T00012757,A000595,2025-12-31 16:18:00,157.53,debit,card,travel,posted
T00012758,A000595,2025-12-29 10:08:00,40.06,debit,p2p,dining,posted
T00012759,A000595,2025-12-30 10:34:00,11.94,debit,atm,fuel,posted
T00012760,A000595,2025-12-31 01:55:00,127.71,debit,card,healthcare,posted
T00012761,A000595,2025-12-29 22:41:00,2971.37,credit,ach,,posted
T00012762,A000595,2025-12-29 14:04:00,40.22,debit,card,healthcare,posted
T00012763,A000595,2025-12-30 12:37:00,8.3,debit,ach,grocery,posted
T00012764,A000595,2025-12-29 02:19:00,20.47,debit,card,dining,posted
T00012765,A000595,2025-12-30 15:21:00,29.21,debit,card,fuel,posted
T00012766,A000595,2025-12-30 19:37:00,50.41,debit,card,grocery,posted
T00012767,A000595,2025-12-31 13:16:00,217.54,debit,card,fuel,posted
T00012768,A000596,2025-11-01 19:18:00,2645.18,credit,ach,,posted
T00012769,A000596,2025-12-19 12:08:00,18.44,debit,p2p,entertainment,posted
T00012770,A000596,2025-09-29 14:41:00,28.85,debit,p2p,healthcare,reversed
T00012771,A000596,2025-10-27 22:35:00,5.58,debit,card,grocery,posted
T00012772,A000596,2025-11-04 04:28:00,48.32,debit,p2p,dining,posted
T00012773,A000596,2025-11-19 10:24:00,847.1,credit,ach,,posted
T00012774,A000596,2025-10-29 13:53:00,22.93,debit,atm,dining,posted
T00012775,A000596,2025-09-21 12:46:00,134.56,debit,card,entertainment,posted
T00012776,A000597,2025-07-17 10:25:00,12.27,debit,card,entertainment,posted
T00012777,A000597,2025-07-24 11:53:00,23.41,debit,atm,healthcare,posted
T00012778,A000597,2025-08-11 10:38:00,21.37,debit,atm,dining,posted
T00012779,A000597,2025-07-22 12:26:00,34.33,debit,card,utilities,posted
T00012780,A000597,2025-11-11 09:49:00,63.48,debit,card,fuel,posted
T00012781,A000597,2025-11-01 14:39:00,24.96,debit,p2p,utilities,posted
T00012782,A000597,2025-08-09 18:54:00,112.21,debit,card,online_retail,posted
T00012783,A000597,2025-04-25 12:06:00,1331.54,credit,ach,,posted
T00012784,A000597,2025-09-11 21:17:00,71.01,debit,card,grocery,posted
T00012785,A000597,2025-09-12 19:58:00,2925.26,credit,ach,,posted
T00012786,A000598,2025-05-22 05:41:00,46.07,debit,ach,online_retail,posted
T00012787,A000598,2025-10-30 22:10:00,10.06,debit,p2p,grocery,posted
T00012788,A000598,2025-11-15 12:19:00,16.94,debit,card,utilities,posted
T00012789,A000598,2025-12-24 09:25:00,10.16,debit,card,grocery,posted
T00012790,A000598,2025-05-18 06:09:00,1011.21,credit,ach,,posted
T00012791,A000598,2025-08-15 10:42:00,169.82,debit,card,grocery,posted
T00012792,A000598,2025-05-23 19:00:00,1428.14,credit,ach,,posted
T00012793,A000598,2025-08-01 07:09:00,3.56,debit,atm,online_retail,posted
T00012794,A000598,2025-07-19 06:58:00,23.09,debit,card,online_retail,posted
T00012795,A000598,2025-08-24 20:36:00,17.86,debit,p2p,dining,declined
T00012796,A000598,2025-08-09 04:25:00,4.75,debit,ach,utilities,posted
T00012797,A000598,2025-12-02 07:28:00,28.98,debit,p2p,dining,posted
T00012798,A000598,2025-07-10 22:40:00,11.17,debit,card,grocery,declined
T00012799,A000598,2025-09-05 01:23:00,12.84,debit,card,fuel,posted
T00012800,A000598,2025-10-06 01:56:00,16.35,debit,p2p,grocery,posted
T00012801,A000598,2025-10-13 17:54:00,2094.39,credit,ach,,posted
T00012802,A000598,2025-10-15 07:01:00,13.09,debit,p2p,utilities,posted
T00012803,A000598,2025-08-04 04:29:00,7.29,debit,card,healthcare,posted
T00012804,A000598,2025-08-26 05:39:00,22.33,debit,ach,travel,posted
T00012805,A000598,2025-07-15 22:46:00,20.43,debit,card,dining,declined
T00012806,A000598,2025-09-11 20:39:00,15.52,debit,p2p,healthcare,posted
T00012807,A000598,2025-04-16 15:58:00,29.02,debit,p2p,online_retail,posted
T00012808,A000598,2025-08-23 17:48:00,743.64,credit,ach,,posted
T00012809,A000598,2025-04-18 22:54:00,5.48,debit,p2p,dining,posted
T00012810,A000598,2025-08-14 04:21:00,30.52,debit,card,travel,posted
T00012811,A000598,2025-07-02 21:55:00,43.8,debit,card,utilities,posted
T00012812,A000598,2025-06-24 13:43:00,30.79,debit,p2p,utilities,posted
T00012813,A000598,2025-07-31 01:09:00,201.0,debit,card,utilities,posted
T00012814,A000598,2025-10-31 15:43:00,19.34,debit,card,grocery,declined
T00012815,A000598,2025-06-03 20:00:00,62.92,debit,card,fuel,posted
T00012816,A000598,2025-06-19 02:06:00,1364.41,credit,ach,,posted
T00012817,A000598,2025-06-26 09:19:00,21.69,debit,card,entertainment,posted
T00012818,A000600,2025-10-26 20:38:00,41.56,debit,card,travel,posted
T00012819,A000600,2025-12-31 17:06:00,6.18,debit,card,grocery,posted
T00012820,A000600,2025-11-18 11:35:00,100.12,debit,p2p,dining,posted
T00012821,A000600,2025-10-04 20:27:00,70.73,debit,card,entertainment,posted
T00012822,A000600,2025-10-24 04:55:00,1179.98,credit,ach,,posted
T00012823,A000600,2025-11-19 16:34:00,12.72,debit,card,utilities,posted
T00012824,A000600,2025-10-13 15:26:00,35.95,debit,ach,entertainment,posted
T00012825,A000600,2025-11-20 04:23:00,5.58,debit,card,utilities,declined
T00012826,A000600,2025-10-23 21:21:00,38.61,debit,card,utilities,posted
T00012827,A000600,2025-11-23 17:32:00,43.34,debit,ach,dining,posted
T00012828,A000600,2025-12-27 19:57:00,29.62,debit,p2p,dining,posted
T00012829,A000600,2025-12-30 17:09:00,112.7,debit,card,utilities,posted
T00012830,A000600,2025-10-03 02:58:00,31.57,debit,card,utilities,posted
T00012831,A000600,2025-10-03 12:05:00,34.54,debit,p2p,entertainment,posted
T00012832,A000600,2025-10-09 10:30:00,44.61,debit,card,fuel,posted
T00012833,A000600,2025-10-21 05:38:00,3503.42,credit,ach,,posted
T00012834,A000600,2025-12-13 19:19:00,22.71,debit,ach,entertainment,posted
T00012835,A000601,2025-09-26 06:03:00,26.43,debit,card,grocery,posted
T00012836,A000601,2025-10-03 15:06:00,237.52,debit,card,healthcare,posted
T00012837,A000601,2025-08-02 04:49:00,22.0,debit,card,dining,posted
T00012838,A000601,2025-10-13 12:34:00,2252.43,credit,ach,,posted
T00012839,A000601,2025-06-11 03:57:00,1.88,debit,card,online_retail,posted
T00012840,A000601,2025-08-23 06:32:00,44.03,debit,ach,utilities,posted
T00012841,A000601,2025-10-05 21:24:00,26.73,debit,card,dining,posted
T00012842,A000601,2025-06-29 19:04:00,40.2,debit,card,grocery,posted
T00012843,A000601,2025-10-21 13:32:00,26.94,debit,atm,utilities,posted
T00012844,A000601,2025-09-27 22:19:00,2798.04,credit,ach,,posted
T00012845,A000601,2025-12-19 02:48:00,1333.42,credit,ach,,posted
T00012846,A000601,2025-08-17 11:38:00,69.38,debit,card,entertainment,posted
T00012847,A000601,2025-08-21 18:18:00,1909.34,credit,ach,,posted
T00012848,A000601,2025-06-18 05:49:00,96.14,debit,p2p,dining,posted
T00012849,A000601,2025-10-22 10:06:00,47.62,debit,ach,healthcare,posted
T00012850,A000601,2025-08-12 19:25:00,27.09,debit,atm,grocery,posted
T00012851,A000601,2025-09-07 16:50:00,2046.54,credit,ach,,posted
T00012852,A000601,2025-07-30 20:25:00,50.61,debit,card,travel,posted
T00012853,A000601,2025-09-19 09:45:00,3232.31,credit,ach,,posted
T00012854,A000601,2025-09-07 13:19:00,2582.29,credit,ach,,posted
T00012855,A000601,2025-06-28 15:25:00,2016.43,credit,ach,,declined
T00012856,A000601,2025-07-11 00:05:00,47.45,debit,p2p,healthcare,posted
T00012857,A000601,2025-09-02 18:09:00,23.29,debit,card,healthcare,posted
T00012858,A000601,2025-09-22 13:32:00,22.09,debit,p2p,utilities,declined
T00012859,A000601,2025-07-05 22:22:00,2108.82,credit,ach,,posted
T00012860,A000601,2025-10-03 21:05:00,240.55,debit,card,online_retail,reversed
T00012861,A000601,2025-09-10 07:56:00,2610.75,credit,ach,,posted
T00012862,A000602,2025-03-10 05:49:00,64.74,debit,card,dining,posted
T00012863,A000602,2025-12-17 01:20:00,171.68,debit,card,healthcare,declined
T00012864,A000602,2025-09-02 11:51:00,2084.83,credit,ach,,posted
T00012865,A000602,2025-07-26 14:28:00,68.93,debit,atm,healthcare,posted
T00012866,A000602,2025-12-26 00:01:00,1216.32,credit,ach,,posted
T00012867,A000602,2025-10-08 08:29:00,33.62,debit,card,entertainment,posted
T00012868,A000602,2025-12-29 22:29:00,11.21,debit,card,dining,posted
T00012869,A000603,2025-09-11 21:38:00,16.21,debit,ach,utilities,reversed
T00012870,A000603,2025-10-29 10:10:00,58.65,debit,p2p,grocery,posted
T00012871,A000603,2025-10-18 13:07:00,1192.39,credit,ach,,posted
T00012872,A000603,2025-10-21 15:27:00,1459.42,credit,ach,,posted
T00012873,A000603,2025-11-27 23:21:00,11.75,debit,card,travel,posted
T00012874,A000603,2025-09-21 06:19:00,1986.7,credit,ach,,posted
T00012875,A000603,2025-12-28 14:17:00,76.31,debit,p2p,grocery,posted
T00012876,A000604,2025-12-08 13:49:00,11.46,debit,ach,utilities,posted
T00012877,A000604,2025-12-12 05:09:00,7.87,debit,card,grocery,posted
T00012878,A000604,2025-12-25 09:26:00,32.32,debit,card,online_retail,posted
T00012879,A000604,2025-12-20 02:48:00,25.09,debit,card,healthcare,posted
T00012880,A000604,2025-12-22 19:57:00,32.49,debit,card,fuel,posted
T00012881,A000604,2025-12-11 06:24:00,53.76,debit,card,healthcare,posted
T00012882,A000604,2025-12-25 16:34:00,1979.74,credit,ach,,posted
T00012883,A000604,2025-12-27 01:40:00,1233.98,credit,ach,,posted
T00012884,A000604,2025-12-08 15:55:00,51.36,debit,ach,travel,posted
T00012885,A000604,2025-12-14 14:54:00,1316.11,credit,ach,,posted
T00012886,A000604,2025-12-13 23:46:00,56.86,debit,card,travel,posted
T00012887,A000604,2025-12-16 22:12:00,27.82,debit,card,fuel,posted
T00012888,A000604,2025-12-25 18:06:00,33.45,debit,atm,utilities,posted
T00012889,A000604,2025-12-29 21:13:00,44.82,debit,p2p,healthcare,posted
T00012890,A000604,2025-12-24 19:58:00,14.98,debit,card,travel,posted
T00012891,A000604,2025-12-18 10:31:00,2947.55,credit,ach,,posted
T00012892,A000604,2025-12-26 07:10:00,14.76,debit,p2p,utilities,posted
T00012893,A000604,2025-12-08 23:34:00,25.67,debit,p2p,online_retail,posted
T00012894,A000604,2025-12-28 03:43:00,6.59,debit,p2p,healthcare,posted
T00012895,A000604,2025-12-25 18:28:00,5.47,debit,p2p,dining,posted
T00012896,A000604,2025-12-11 00:15:00,3.38,debit,card,grocery,posted
T00012897,A000604,2025-12-31 18:45:00,23.25,debit,atm,online_retail,posted
T00012898,A000604,2025-12-14 08:35:00,44.89,debit,p2p,online_retail,posted
T00012899,A000605,2025-10-29 01:15:00,102.78,debit,p2p,grocery,posted
T00012900,A000605,2025-09-21 21:23:00,16.58,debit,card,healthcare,posted
T00012901,A000605,2025-11-27 08:52:00,19.02,debit,card,online_retail,posted
T00012902,A000605,2025-07-29 22:45:00,2226.6,credit,ach,,posted
T00012903,A000605,2025-11-19 10:40:00,30.26,debit,p2p,travel,posted
T00012904,A000605,2025-07-29 22:44:00,99.17,debit,atm,utilities,posted
T00012905,A000605,2025-07-21 15:13:00,53.72,debit,card,healthcare,posted
T00012906,A000605,2025-08-01 00:02:00,28.84,debit,card,travel,posted
T00012907,A000605,2025-10-02 02:07:00,14.74,debit,ach,dining,posted
T00012908,A000605,2025-11-06 04:54:00,1169.12,credit,ach,,posted
T00012909,A000605,2025-08-25 21:15:00,108.82,debit,atm,dining,posted
T00012910,A000605,2025-10-05 00:08:00,3833.15,credit,ach,,posted
T00012911,A000605,2025-09-27 22:57:00,75.05,debit,card,grocery,posted
T00012912,A000605,2025-07-29 03:54:00,2853.69,credit,ach,,posted
T00012913,A000605,2025-11-17 18:59:00,40.96,debit,ach,grocery,posted
T00012914,A000605,2025-09-26 21:36:00,2401.63,credit,ach,,posted
T00012915,A000605,2025-08-01 15:34:00,80.28,debit,atm,grocery,posted
T00012916,A000605,2025-09-01 22:23:00,18.18,debit,p2p,online_retail,posted
T00012917,A000605,2025-10-05 18:34:00,82.09,debit,atm,fuel,posted
T00012918,A000605,2025-12-15 17:12:00,98.87,debit,ach,utilities,posted
T00012919,A000605,2025-10-28 08:35:00,53.11,debit,atm,grocery,posted
T00012920,A000605,2025-08-31 11:36:00,22.14,debit,p2p,online_retail,posted
T00012921,A000605,2025-10-03 19:25:00,24.8,debit,card,travel,posted
T00012922,A000605,2025-09-01 12:02:00,1536.29,credit,ach,,posted
T00012923,A000605,2025-11-13 11:41:00,11.53,debit,p2p,fuel,posted
T00012924,A000605,2025-10-13 19:16:00,769.43,credit,ach,,posted
T00012925,A000605,2025-08-21 04:45:00,7.83,debit,p2p,online_retail,posted
T00012926,A000605,2025-07-30 05:10:00,52.68,debit,ach,online_retail,posted
T00012927,A000605,2025-12-26 00:39:00,2085.42,credit,ach,,posted
T00012928,A000605,2025-08-28 16:26:00,85.48,debit,card,entertainment,posted
T00012929,A000605,2025-08-29 16:16:00,3150.64,credit,ach,,posted
T00012930,A000605,2025-08-23 07:08:00,17.41,debit,ach,grocery,posted
T00012931,A000605,2025-11-28 12:17:00,60.36,debit,card,entertainment,posted
T00012932,A000605,2025-08-12 10:21:00,81.51,debit,card,fuel,posted
T00012933,A000605,2025-08-20 14:52:00,89.61,debit,card,utilities,posted
T00012934,A000605,2025-10-16 07:48:00,13.05,debit,ach,grocery,posted
T00012935,A000605,2025-09-17 00:47:00,23.67,debit,card,entertainment,posted
T00012936,A000605,2025-10-19 08:34:00,28.53,debit,card,utilities,posted
T00012937,A000606,2025-03-14 23:05:00,19.14,debit,ach,dining,posted
T00012938,A000606,2025-11-09 05:45:00,105.38,debit,atm,healthcare,posted
T00012939,A000606,2025-07-15 09:38:00,34.06,debit,card,entertainment,posted
T00012940,A000606,2025-07-06 08:46:00,610.77,credit,ach,,posted
T00012941,A000606,2025-08-20 16:23:00,2078.07,credit,ach,,posted
T00012942,A000606,2025-04-29 12:16:00,6.05,debit,p2p,fuel,posted
T00012943,A000606,2025-11-17 02:40:00,32.96,debit,ach,travel,posted
T00012944,A000606,2025-03-20 07:01:00,3347.9,credit,ach,,posted
T00012945,A000606,2025-12-12 20:49:00,21.7,debit,card,travel,posted
T00012946,A000606,2025-09-21 08:47:00,737.27,credit,ach,,posted
T00012947,A000606,2025-11-03 19:04:00,3316.86,credit,ach,,posted
T00012948,A000607,2025-05-02 11:59:00,15.65,debit,ach,entertainment,posted
T00012949,A000607,2025-05-14 15:33:00,1572.71,credit,ach,,posted
T00012950,A000607,2025-08-26 07:32:00,200.72,debit,card,utilities,posted
T00012951,A000607,2025-03-26 13:41:00,1691.77,credit,ach,,declined
T00012952,A000607,2025-12-07 05:28:00,24.11,debit,atm,entertainment,posted
T00012953,A000607,2025-08-11 17:55:00,203.37,debit,card,grocery,posted
T00012954,A000607,2025-12-17 23:25:00,27.41,debit,p2p,grocery,posted
T00012955,A000607,2025-08-12 05:55:00,3313.01,credit,ach,,posted
T00012956,A000607,2025-06-16 18:49:00,45.72,debit,ach,travel,posted
T00012957,A000607,2025-07-12 08:07:00,911.41,credit,ach,,posted
T00012958,A000607,2025-05-16 09:01:00,77.62,debit,p2p,dining,posted
T00012959,A000607,2025-09-03 19:40:00,8.03,debit,atm,grocery,declined
T00012960,A000607,2025-07-06 16:43:00,7.46,debit,card,travel,posted
T00012961,A000607,2025-05-20 17:21:00,137.59,debit,p2p,online_retail,posted
T00012962,A000607,2025-08-18 02:30:00,37.31,debit,card,fuel,posted
T00012963,A000607,2025-04-08 09:45:00,14.9,debit,card,utilities,posted
T00012964,A000607,2025-03-26 22:43:00,19.79,debit,atm,utilities,posted
T00012965,A000607,2025-12-28 14:02:00,850.08,credit,ach,,posted
T00012966,A000607,2025-11-24 10:40:00,78.97,debit,card,healthcare,posted
T00012967,A000607,2025-10-19 05:54:00,88.42,debit,p2p,fuel,posted
T00012968,A000607,2025-09-28 03:10:00,18.87,debit,card,grocery,posted
T00012969,A000607,2025-05-25 01:57:00,25.8,debit,atm,entertainment,posted
T00012970,A000607,2025-07-17 17:05:00,18.68,debit,p2p,dining,posted
T00012971,A000607,2025-10-22 03:27:00,1632.21,credit,ach,,posted
T00012972,A000607,2025-08-22 15:50:00,2945.57,credit,ach,,posted
T00012973,A000607,2025-12-25 22:05:00,40.02,debit,p2p,dining,posted
T00012974,A000607,2025-08-17 16:21:00,39.23,debit,ach,travel,posted
T00012975,A000607,2025-08-13 00:37:00,6.21,debit,ach,travel,posted
T00012976,A000607,2025-03-31 00:59:00,1491.56,credit,ach,,posted
T00012977,A000607,2025-08-03 16:32:00,87.69,debit,card,entertainment,posted
T00012978,A000607,2025-11-15 16:32:00,37.94,debit,card,online_retail,posted
T00012979,A000607,2025-12-12 05:14:00,25.59,debit,atm,entertainment,posted
T00012980,A000607,2025-09-21 06:42:00,801.5,credit,ach,,posted
T00012981,A000608,2025-10-25 01:48:00,2176.13,credit,ach,,posted
T00012982,A000608,2025-11-17 09:38:00,46.64,debit,card,healthcare,posted
T00012983,A000608,2025-11-25 11:04:00,15.2,debit,ach,healthcare,posted
T00012984,A000608,2025-12-15 04:44:00,56.34,debit,card,online_retail,posted
T00012985,A000608,2025-10-16 19:12:00,17.45,debit,ach,grocery,posted
T00012986,A000608,2025-11-09 07:25:00,118.72,debit,atm,online_retail,posted
T00012987,A000608,2025-10-03 09:15:00,972.21,credit,ach,,posted
T00012988,A000608,2025-10-24 17:22:00,21.17,debit,card,dining,posted
T00012989,A000608,2025-12-30 18:08:00,11.05,debit,card,grocery,posted
T00012990,A000608,2025-12-28 22:03:00,3076.02,credit,ach,,posted
T00012991,A000609,2025-12-02 00:35:00,96.43,debit,card,travel,posted
T00012992,A000609,2025-10-09 08:27:00,22.03,debit,card,entertainment,declined
T00012993,A000609,2025-09-05 16:57:00,14.95,debit,card,travel,posted
T00012994,A000609,2025-10-23 07:01:00,13.4,debit,p2p,travel,posted
T00012995,A000609,2025-12-16 20:59:00,2945.76,credit,ach,,posted
T00012996,A000609,2025-08-11 14:39:00,33.17,debit,card,fuel,posted
T00012997,A000609,2025-12-21 17:18:00,26.35,debit,ach,utilities,posted
T00012998,A000609,2025-11-22 00:34:00,12.79,debit,card,travel,posted
T00012999,A000609,2025-10-28 20:21:00,30.42,debit,card,fuel,posted
T00013000,A000609,2025-07-27 11:12:00,108.71,debit,card,dining,posted
T00013001,A000609,2025-09-19 10:51:00,10.31,debit,ach,grocery,posted
T00013002,A000609,2025-06-12 12:19:00,44.68,debit,card,dining,posted
T00013003,A000609,2025-08-02 13:27:00,10.83,debit,card,utilities,posted
T00013004,A000609,2025-09-15 18:41:00,29.54,debit,card,online_retail,posted
T00013005,A000609,2025-11-18 14:49:00,279.85,debit,atm,grocery,posted
T00013006,A000609,2025-11-01 06:22:00,1399.9,credit,ach,,posted
T00013007,A000609,2025-09-16 17:15:00,2693.05,credit,ach,,posted
T00013008,A000609,2025-07-11 07:43:00,8.84,debit,atm,travel,posted
T00013009,A000609,2025-12-18 06:05:00,20.4,debit,card,dining,posted
T00013010,A000609,2025-08-28 09:28:00,3294.11,credit,ach,,posted
T00013011,A000610,2025-12-19 08:13:00,58.26,debit,card,dining,posted
T00013012,A000610,2025-11-22 00:16:00,58.94,debit,atm,fuel,posted
T00013013,A000610,2025-12-27 09:30:00,88.02,debit,card,grocery,posted
T00013014,A000610,2025-12-30 15:28:00,22.48,debit,card,entertainment,posted
T00013015,A000610,2025-10-27 07:21:00,76.62,debit,card,travel,posted
T00013016,A000610,2025-12-11 01:11:00,17.88,debit,card,dining,posted
T00013017,A000610,2025-11-30 03:07:00,17.09,debit,p2p,fuel,posted
T00013018,A000610,2025-12-03 00:06:00,11.86,debit,atm,entertainment,posted
T00013019,A000610,2025-10-26 06:46:00,15.72,debit,p2p,dining,posted
T00013020,A000610,2025-10-23 01:48:00,9.94,debit,p2p,fuel,posted
T00013021,A000610,2025-12-20 20:51:00,12.59,debit,card,online_retail,posted
T00013022,A000610,2025-11-07 14:19:00,103.9,debit,atm,dining,posted
T00013023,A000610,2025-11-18 23:37:00,334.75,debit,ach,dining,posted
T00013024,A000610,2025-11-22 15:45:00,27.69,debit,atm,online_retail,posted
T00013025,A000610,2025-10-09 07:25:00,634.06,credit,ach,,posted
T00013026,A000610,2025-10-29 07:01:00,2100.28,credit,ach,,posted
T00013027,A000610,2025-10-20 22:17:00,486.39,debit,p2p,dining,posted
T00013028,A000610,2025-12-14 15:45:00,35.7,debit,card,utilities,posted
T00013029,A000610,2025-11-09 03:34:00,20.33,debit,ach,entertainment,posted
T00013030,A000610,2025-12-28 05:19:00,11.74,debit,p2p,online_retail,posted
T00013031,A000610,2025-12-18 05:42:00,30.13,debit,p2p,fuel,posted
T00013032,A000611,2025-01-06 02:33:00,12.09,debit,ach,grocery,posted
T00013033,A000611,2025-12-04 07:03:00,5.38,debit,atm,utilities,posted
T00013034,A000611,2025-04-05 11:07:00,2435.51,credit,ach,,posted
T00013035,A000611,2025-04-02 10:16:00,674.14,credit,ach,,posted
T00013036,A000611,2024-11-19 23:19:00,727.3,credit,ach,,posted
T00013037,A000611,2025-04-16 19:39:00,16.77,debit,card,healthcare,posted
T00013038,A000611,2025-07-18 16:46:00,47.83,debit,atm,grocery,posted
T00013039,A000611,2024-11-21 09:28:00,21.98,debit,card,travel,posted
T00013040,A000611,2025-09-16 04:32:00,47.21,debit,card,travel,posted
T00013041,A000611,2024-11-15 21:55:00,53.35,debit,p2p,grocery,posted
T00013042,A000611,2025-07-23 21:06:00,871.5,credit,ach,,posted
T00013043,A000611,2025-06-04 04:43:00,14.15,debit,p2p,fuel,posted
T00013044,A000611,2024-11-29 03:43:00,2614.26,credit,ach,,declined
T00013045,A000611,2025-04-15 00:37:00,183.93,debit,ach,online_retail,posted
T00013046,A000611,2025-04-01 19:34:00,1202.66,credit,ach,,posted
T00013047,A000611,2025-09-27 18:43:00,19.9,debit,p2p,utilities,posted
T00013048,A000611,2025-09-20 22:45:00,10.81,debit,card,grocery,posted
T00013049,A000611,2024-12-04 11:53:00,21.07,debit,card,dining,posted
T00013050,A000611,2025-09-21 23:26:00,24.0,debit,card,healthcare,declined
T00013051,A000611,2025-12-13 15:07:00,2236.57,credit,ach,,posted
T00013052,A000611,2025-07-11 14:03:00,845.4,credit,ach,,posted
T00013053,A000611,2025-03-25 21:19:00,20.88,debit,card,fuel,posted
T00013054,A000611,2025-08-15 15:05:00,13.59,debit,p2p,entertainment,posted
T00013055,A000611,2025-12-04 16:49:00,15.04,debit,card,dining,declined
T00013056,A000611,2025-05-01 12:06:00,3966.88,credit,ach,,posted
T00013057,A000611,2025-03-01 08:34:00,13.92,debit,atm,grocery,posted
T00013058,A000611,2025-03-23 22:26:00,6.38,debit,atm,grocery,posted
T00013059,A000611,2024-12-15 11:24:00,10.91,debit,card,dining,posted
T00013060,A000611,2025-02-11 03:13:00,2659.69,credit,ach,,posted
T00013061,A000611,2025-09-17 22:03:00,92.19,debit,p2p,grocery,posted
T00013062,A000611,2025-09-15 00:30:00,1.95,debit,card,dining,posted
T00013063,A000612,2025-03-23 23:58:00,1009.57,credit,ach,,posted
T00013064,A000612,2025-03-19 18:05:00,55.65,debit,card,healthcare,posted
T00013065,A000612,2025-04-25 19:51:00,27.98,debit,ach,fuel,posted
T00013066,A000612,2025-06-03 13:43:00,56.7,debit,p2p,healthcare,posted
T00013067,A000612,2025-06-12 23:06:00,19.12,debit,card,online_retail,posted
T00013068,A000612,2024-07-02 12:58:00,9.75,debit,atm,entertainment,posted
T00013069,A000612,2024-08-15 09:32:00,2306.01,credit,ach,,posted
T00013070,A000613,2025-12-28 13:18:00,13.37,debit,p2p,travel,posted
T00013071,A000613,2025-12-26 03:26:00,38.67,debit,ach,dining,posted
T00013072,A000613,2025-12-29 14:45:00,37.5,debit,atm,dining,posted
T00013073,A000613,2025-12-11 08:11:00,65.99,debit,p2p,grocery,posted
T00013074,A000613,2025-12-22 02:12:00,2631.12,credit,ach,,posted
T00013075,A000613,2025-12-04 15:50:00,14.08,debit,atm,grocery,posted
T00013076,A000613,2025-12-23 15:38:00,18.32,debit,card,entertainment,posted
T00013077,A000613,2025-12-12 02:59:00,30.73,debit,card,healthcare,posted
T00013078,A000613,2025-12-02 23:24:00,2246.88,credit,ach,,posted
T00013079,A000613,2025-12-18 05:38:00,3037.2,credit,ach,,posted
T00013080,A000613,2025-12-04 08:20:00,1613.23,credit,ach,,posted
T00013081,A000613,2025-12-07 11:17:00,56.42,debit,card,online_retail,posted
T00013082,A000613,2025-12-15 17:01:00,14.02,debit,p2p,dining,posted
T00013083,A000613,2025-12-20 00:14:00,22.91,debit,p2p,grocery,posted
T00013084,A000613,2025-12-02 03:21:00,13.73,debit,card,grocery,posted
T00013085,A000613,2025-12-15 15:58:00,72.94,debit,ach,healthcare,posted
T00013086,A000613,2025-12-24 07:31:00,88.46,debit,card,entertainment,posted
T00013087,A000613,2025-12-14 01:18:00,18.67,debit,card,fuel,posted
T00013088,A000613,2025-12-14 03:30:00,35.67,debit,atm,utilities,posted
T00013089,A000613,2025-12-07 20:55:00,115.71,debit,card,dining,posted
T00013090,A000613,2025-12-02 13:12:00,3026.33,credit,ach,,posted
T00013091,A000613,2025-12-05 17:00:00,48.15,debit,atm,fuel,posted
T00013092,A000614,2025-12-22 21:58:00,91.47,debit,ach,utilities,posted
T00013093,A000614,2025-11-24 02:28:00,126.28,debit,atm,entertainment,declined
T00013094,A000614,2025-12-21 14:52:00,32.44,debit,card,healthcare,posted
T00013095,A000614,2025-11-20 12:00:00,37.25,debit,p2p,dining,posted
T00013096,A000614,2025-12-10 21:12:00,993.21,credit,ach,,posted
T00013097,A000614,2025-12-31 01:13:00,40.38,debit,card,grocery,posted
T00013098,A000614,2025-12-01 21:45:00,111.13,debit,card,healthcare,posted
T00013099,A000614,2025-11-30 16:00:00,77.34,debit,card,grocery,posted
T00013100,A000614,2025-12-07 13:24:00,39.24,debit,p2p,entertainment,posted
T00013101,A000614,2025-12-06 05:40:00,10.09,debit,ach,dining,posted
T00013102,A000614,2025-12-25 09:53:00,145.04,debit,card,grocery,posted
T00013103,A000614,2025-12-01 09:49:00,16.96,debit,card,dining,posted
T00013104,A000614,2025-12-30 08:21:00,1612.8,credit,ach,,posted
T00013105,A000614,2025-12-06 04:56:00,44.15,debit,p2p,travel,posted
T00013106,A000614,2025-11-20 11:43:00,2419.13,credit,ach,,posted
T00013107,A000614,2025-12-27 06:28:00,30.12,debit,p2p,fuel,posted
T00013108,A000614,2025-12-21 02:46:00,1555.59,credit,ach,,posted
T00013109,A000614,2025-12-27 06:18:00,51.24,debit,atm,healthcare,posted
T00013110,A000614,2025-12-27 09:10:00,978.26,credit,ach,,posted
T00013111,A000615,2025-10-28 23:32:00,14.1,debit,card,utilities,posted
T00013112,A000615,2025-12-25 08:18:00,90.97,debit,card,travel,declined
T00013113,A000615,2025-04-24 00:41:00,17.44,debit,card,grocery,posted
T00013114,A000615,2025-09-24 05:01:00,19.57,debit,atm,fuel,posted
T00013115,A000615,2025-10-20 15:51:00,5.32,debit,p2p,dining,posted
T00013116,A000615,2024-10-18 15:38:00,46.59,debit,card,travel,posted
T00013117,A000615,2025-07-12 01:26:00,86.15,debit,ach,fuel,posted
T00013118,A000615,2025-12-17 13:10:00,43.06,debit,atm,dining,posted
T00013119,A000615,2025-10-25 02:02:00,727.4,credit,ach,,posted
T00013120,A000615,2025-07-21 21:00:00,148.87,debit,card,fuel,posted
T00013121,A000615,2025-06-19 21:08:00,794.59,credit,ach,,posted
T00013122,A000615,2025-02-04 21:07:00,6.71,debit,card,entertainment,posted
T00013123,A000615,2025-08-11 11:55:00,330.57,debit,p2p,online_retail,posted
T00013124,A000615,2025-12-25 09:04:00,92.27,debit,ach,online_retail,posted
T00013125,A000615,2025-01-21 14:20:00,3824.55,credit,ach,,posted
T00013126,A000615,2024-11-13 03:58:00,9.02,debit,atm,grocery,posted
T00013127,A000615,2025-08-29 10:49:00,25.23,debit,atm,entertainment,posted
T00013128,A000615,2024-11-21 05:38:00,324.27,debit,atm,grocery,posted
T00013129,A000615,2025-10-25 16:56:00,18.87,debit,card,fuel,posted
T00013130,A000615,2025-02-23 03:59:00,156.33,debit,card,travel,posted
T00013131,A000615,2024-11-11 22:30:00,3088.44,credit,ach,,posted
T00013132,A000615,2025-03-19 13:24:00,9.57,debit,card,fuel,posted
T00013133,A000615,2024-09-19 20:38:00,57.45,debit,card,online_retail,posted
T00013134,A000615,2025-01-19 16:34:00,3441.87,credit,ach,,posted
T00013135,A000615,2024-12-29 23:24:00,3810.62,credit,ach,,posted
T00013136,A000615,2024-10-25 05:46:00,10.83,debit,card,online_retail,posted
T00013137,A000615,2025-10-31 22:38:00,2155.15,credit,ach,,posted
T00013138,A000615,2024-12-20 23:56:00,6.03,debit,card,healthcare,posted
T00013139,A000615,2024-09-27 11:27:00,911.43,credit,ach,,posted
T00013140,A000615,2024-12-25 09:04:00,5.61,debit,atm,healthcare,posted
T00013141,A000615,2024-11-26 18:44:00,5.85,debit,card,fuel,posted
T00013142,A000615,2025-05-27 15:26:00,2068.74,credit,ach,,posted
T00013143,A000615,2024-10-21 19:44:00,13.87,debit,card,fuel,posted
T00013144,A000616,2025-11-05 19:59:00,6.77,debit,atm,online_retail,posted
T00013145,A000616,2025-12-16 18:07:00,89.04,debit,ach,entertainment,posted
T00013146,A000616,2025-07-07 21:26:00,3.87,debit,p2p,entertainment,posted
T00013147,A000616,2025-03-13 18:48:00,120.03,debit,card,grocery,posted
T00013148,A000616,2025-09-10 22:21:00,3257.84,credit,ach,,posted
T00013149,A000617,2025-09-27 02:36:00,146.42,debit,ach,fuel,posted
T00013150,A000617,2025-12-30 13:47:00,6.17,debit,p2p,online_retail,posted
T00013151,A000617,2025-10-07 13:11:00,93.28,debit,card,fuel,posted
T00013152,A000617,2025-10-26 16:03:00,1673.94,credit,ach,,posted
T00013153,A000617,2025-11-26 11:48:00,3939.32,credit,ach,,posted
T00013154,A000617,2025-10-05 10:54:00,3602.81,credit,ach,,posted
T00013155,A000617,2025-10-29 10:21:00,690.88,credit,ach,,posted
T00013156,A000617,2025-10-07 19:59:00,2416.39,credit,ach,,posted
T00013157,A000617,2025-12-29 04:20:00,19.54,debit,ach,grocery,posted
T00013158,A000617,2025-11-05 09:39:00,72.12,debit,p2p,fuel,posted
T00013159,A000617,2025-09-29 11:53:00,70.75,debit,card,travel,posted
T00013160,A000617,2025-10-19 11:44:00,53.88,debit,card,utilities,posted
T00013161,A000617,2025-11-06 11:47:00,13.94,debit,card,utilities,posted
T00013162,A000617,2025-11-01 07:56:00,14.32,debit,card,grocery,posted
T00013163,A000617,2025-11-15 02:44:00,48.35,debit,card,fuel,posted
T00013164,A000617,2025-11-26 14:13:00,71.53,debit,ach,utilities,posted
T00013165,A000617,2025-11-16 11:46:00,35.96,debit,p2p,online_retail,posted
T00013166,A000617,2025-12-22 14:10:00,74.49,debit,atm,utilities,posted
T00013167,A000617,2025-10-21 04:12:00,122.18,debit,atm,entertainment,posted
T00013168,A000617,2025-10-08 09:47:00,557.4,credit,ach,,posted
T00013169,A000618,2025-10-23 07:30:00,35.75,debit,ach,grocery,posted
T00013170,A000618,2025-10-23 23:26:00,13.11,debit,atm,utilities,declined
T00013171,A000618,2025-12-28 22:31:00,187.6,debit,card,online_retail,posted
T00013172,A000618,2025-11-21 21:26:00,5.46,debit,atm,entertainment,posted
T00013173,A000618,2025-12-02 02:11:00,33.94,debit,ach,utilities,posted
T00013174,A000618,2025-11-05 11:52:00,56.68,debit,card,utilities,posted
T00013175,A000618,2025-10-10 05:10:00,98.03,debit,atm,entertainment,posted
T00013176,A000618,2025-11-06 09:25:00,11.85,debit,card,utilities,posted
T00013177,A000618,2025-10-04 10:50:00,1444.48,credit,ach,,posted
T00013178,A000618,2025-11-06 02:03:00,61.5,debit,card,online_retail,posted
T00013179,A000618,2025-09-27 01:24:00,1191.88,credit,ach,,posted
T00013180,A000618,2025-12-01 15:54:00,3382.91,credit,ach,,posted
T00013181,A000618,2025-11-24 18:48:00,3125.24,credit,ach,,posted
T00013182,A000618,2025-10-07 19:54:00,9.98,debit,card,online_retail,posted
T00013183,A000618,2025-11-14 03:34:00,11.18,debit,card,online_retail,posted
T00013184,A000618,2025-11-01 12:33:00,82.23,debit,card,grocery,posted
T00013185,A000618,2025-12-11 16:55:00,239.43,debit,card,utilities,posted
T00013186,A000618,2025-12-16 16:13:00,1102.43,credit,ach,,posted
T00013187,A000618,2025-10-29 14:56:00,26.45,debit,card,travel,posted
T00013188,A000618,2025-11-26 23:11:00,40.81,debit,atm,fuel,posted
T00013189,A000618,2025-12-11 14:11:00,1483.89,credit,ach,,posted
T00013190,A000618,2025-09-25 03:42:00,9.07,debit,atm,grocery,posted
T00013191,A000618,2025-11-09 04:49:00,1640.71,credit,ach,,posted
T00013192,A000618,2025-10-07 21:45:00,31.53,debit,card,fuel,posted
T00013193,A000618,2025-12-24 17:35:00,24.87,debit,card,entertainment,posted
T00013194,A000618,2025-10-10 09:14:00,48.92,debit,p2p,healthcare,posted
T00013195,A000618,2025-10-21 04:04:00,3206.77,credit,ach,,posted
T00013196,A000618,2025-10-01 21:15:00,83.96,debit,card,travel,posted
T00013197,A000618,2025-12-30 06:43:00,2.94,debit,card,entertainment,posted
T00013198,A000618,2025-11-29 06:49:00,21.35,debit,card,healthcare,posted
T00013199,A000618,2025-11-01 23:00:00,2032.74,credit,ach,,posted
T00013200,A000618,2025-09-30 14:58:00,671.66,credit,ach,,posted
T00013201,A000618,2025-12-31 16:38:00,6.18,debit,ach,online_retail,posted
T00013202,A000618,2025-11-02 22:01:00,27.94,debit,card,travel,posted
T00013203,A000618,2025-10-30 06:19:00,13.43,debit,card,fuel,posted
T00013204,A000618,2025-10-12 11:51:00,25.66,debit,ach,dining,posted
T00013205,A000618,2025-11-12 23:32:00,48.15,debit,p2p,fuel,posted
T00013206,A000618,2025-11-24 15:23:00,1184.64,credit,ach,,posted
T00013207,A000618,2025-12-24 00:13:00,20.83,debit,card,entertainment,posted
T00013208,A000619,2025-08-28 20:18:00,5.37,debit,card,entertainment,posted
T00013209,A000619,2025-08-12 01:45:00,25.7,debit,card,utilities,posted
T00013210,A000619,2025-12-15 14:00:00,29.67,debit,p2p,healthcare,posted
T00013211,A000619,2025-12-16 11:50:00,16.82,debit,ach,fuel,posted
T00013212,A000619,2025-10-09 20:59:00,2683.26,credit,ach,,posted
T00013213,A000619,2025-11-13 05:13:00,36.81,debit,ach,online_retail,posted
T00013214,A000619,2025-10-16 07:04:00,3353.55,credit,ach,,posted
T00013215,A000619,2025-08-11 08:34:00,14.86,debit,card,travel,posted
T00013216,A000619,2025-11-28 18:42:00,18.11,debit,p2p,grocery,posted
T00013217,A000619,2025-10-09 15:35:00,37.78,debit,card,healthcare,posted
T00013218,A000619,2025-11-14 04:26:00,52.04,debit,card,dining,posted
T00013219,A000619,2025-11-14 03:51:00,13.59,debit,ach,utilities,posted
T00013220,A000620,2025-12-20 16:49:00,55.97,debit,card,entertainment,posted
T00013221,A000620,2025-12-01 09:11:00,63.5,debit,atm,fuel,posted
T00013222,A000620,2025-10-06 12:31:00,22.33,debit,p2p,online_retail,posted
T00013223,A000620,2025-09-15 11:56:00,3571.06,credit,ach,,posted
T00013224,A000620,2025-11-09 14:08:00,18.23,debit,ach,online_retail,posted
T00013225,A000620,2025-11-12 10:22:00,1481.28,credit,ach,,posted
T00013226,A000620,2025-08-30 05:45:00,18.25,debit,p2p,dining,posted
T00013227,A000620,2025-10-20 14:04:00,21.17,debit,card,travel,posted
T00013228,A000620,2025-12-11 07:41:00,3399.91,credit,ach,,posted
T00013229,A000620,2025-08-28 17:07:00,2263.77,credit,ach,,posted
T00013230,A000621,2025-11-24 04:56:00,35.3,debit,card,utilities,posted
T00013231,A000621,2025-10-18 02:30:00,1263.8,credit,ach,,posted
T00013232,A000621,2025-11-05 14:46:00,5.77,debit,atm,dining,posted
T00013233,A000621,2025-11-23 18:21:00,26.99,debit,card,travel,posted
T00013234,A000621,2025-11-19 09:45:00,23.02,debit,ach,entertainment,posted
T00013235,A000621,2025-12-08 03:43:00,11.95,debit,card,grocery,posted
T00013236,A000621,2025-10-29 21:57:00,17.59,debit,p2p,entertainment,posted
T00013237,A000621,2025-12-01 12:29:00,66.35,debit,p2p,dining,reversed
T00013238,A000621,2025-10-22 16:39:00,869.18,credit,ach,,posted
T00013239,A000621,2025-10-17 14:02:00,105.21,debit,card,utilities,posted
T00013240,A000621,2025-11-23 15:16:00,41.87,debit,card,fuel,posted
T00013241,A000621,2025-11-05 21:24:00,41.58,debit,card,grocery,posted
T00013242,A000621,2025-11-14 18:43:00,22.62,debit,atm,travel,posted
T00013243,A000621,2025-10-20 09:56:00,57.73,debit,card,travel,posted
T00013244,A000621,2025-11-14 13:19:00,104.2,debit,ach,grocery,declined
T00013245,A000621,2025-12-05 01:51:00,12.66,debit,card,fuel,posted
T00013246,A000621,2025-12-17 02:29:00,72.93,debit,card,travel,posted
T00013247,A000621,2025-11-22 08:21:00,15.82,debit,card,travel,posted
T00013248,A000621,2025-12-12 04:55:00,35.37,debit,p2p,grocery,posted
T00013249,A000621,2025-11-16 04:35:00,47.16,debit,card,fuel,posted
T00013250,A000621,2025-12-20 17:10:00,12.34,debit,ach,healthcare,posted
T00013251,A000621,2025-10-21 03:14:00,71.68,debit,ach,online_retail,posted
T00013252,A000621,2025-12-19 23:45:00,145.02,debit,card,dining,posted
T00013253,A000621,2025-12-26 02:06:00,29.65,debit,card,entertainment,posted
T00013254,A000621,2025-10-28 12:00:00,142.45,debit,card,dining,posted
T00013255,A000621,2025-12-29 12:58:00,2137.83,credit,ach,,posted
T00013256,A000621,2025-10-23 17:20:00,40.66,debit,p2p,fuel,posted
T00013257,A000621,2025-10-28 04:30:00,4.26,debit,ach,dining,posted
T00013258,A000621,2025-11-13 00:21:00,77.86,debit,card,online_retail,posted
T00013259,A000622,2025-12-30 15:59:00,17.63,debit,card,entertainment,posted
T00013260,A000622,2025-12-29 02:08:00,31.57,debit,ach,entertainment,posted
T00013261,A000622,2025-12-30 03:48:00,17.21,debit,card,online_retail,posted
T00013262,A000622,2025-12-29 02:02:00,2495.66,credit,ach,,posted
T00013263,A000622,2025-12-30 12:24:00,24.88,debit,card,travel,posted
T00013264,A000622,2025-12-29 11:37:00,28.33,debit,ach,fuel,posted
T00013265,A000622,2025-12-29 03:37:00,114.48,debit,card,fuel,posted
T00013266,A000622,2025-12-31 16:46:00,43.12,debit,card,utilities,posted
T00013267,A000622,2025-12-30 00:24:00,18.18,debit,atm,dining,posted
T00013268,A000622,2025-12-29 03:42:00,6.84,debit,atm,fuel,posted
T00013269,A000622,2025-12-31 22:44:00,48.43,debit,card,online_retail,posted
T00013270,A000622,2025-12-29 04:47:00,18.86,debit,card,utilities,posted
T00013271,A000622,2025-12-30 17:43:00,13.19,debit,p2p,online_retail,posted
T00013272,A000622,2025-12-29 00:36:00,25.3,debit,p2p,entertainment,posted
T00013273,A000622,2025-12-29 03:00:00,62.54,debit,card,dining,posted
T00013274,A000622,2025-12-31 16:29:00,3607.96,credit,ach,,posted
T00013275,A000622,2025-12-29 19:49:00,26.97,debit,card,grocery,posted
T00013276,A000622,2025-12-31 19:58:00,16.54,debit,ach,healthcare,posted
T00013277,A000622,2025-12-30 04:24:00,21.39,debit,ach,healthcare,posted
T00013278,A000622,2025-12-29 01:10:00,759.31,debit,atm,healthcare,posted
T00013279,A000622,2025-12-29 06:26:00,23.07,debit,card,utilities,posted
T00013280,A000622,2025-12-30 11:58:00,16.73,debit,card,healthcare,posted
T00013281,A000622,2025-12-30 20:11:00,40.58,debit,card,online_retail,posted
T00013282,A000622,2025-12-31 10:26:00,44.53,debit,card,healthcare,posted
T00013283,A000622,2025-12-31 12:51:00,34.68,debit,atm,entertainment,posted
T00013284,A000622,2025-12-31 16:53:00,224.73,debit,card,healthcare,posted
T00013285,A000622,2025-12-31 16:20:00,39.46,debit,card,entertainment,posted
T00013286,A000622,2025-12-31 00:51:00,2694.79,credit,ach,,posted
T00013287,A000622,2025-12-30 19:31:00,8.62,debit,p2p,healthcare,posted
T00013288,A000622,2025-12-29 02:21:00,1.77,debit,card,utilities,posted
T00013289,A000622,2025-12-31 04:04:00,15.22,debit,card,dining,posted
T00013290,A000624,2025-06-18 09:46:00,8.93,debit,card,grocery,declined
T00013291,A000624,2024-10-27 13:15:00,26.24,debit,card,fuel,posted
T00013292,A000624,2025-10-28 07:43:00,2094.56,credit,ach,,posted
T00013293,A000624,2025-02-24 11:47:00,3773.71,credit,ach,,posted
T00013294,A000624,2025-01-22 12:55:00,3808.93,credit,ach,,posted
T00013295,A000624,2025-06-13 15:45:00,17.25,debit,card,travel,posted
T00013296,A000624,2025-01-24 04:21:00,173.29,debit,ach,fuel,posted
T00013297,A000624,2025-11-30 10:46:00,6.53,debit,ach,entertainment,posted
T00013298,A000624,2024-10-10 06:56:00,156.78,debit,ach,fuel,posted
T00013299,A000624,2024-10-28 00:54:00,15.74,debit,atm,utilities,posted
T00013300,A000624,2025-10-19 00:13:00,2666.28,credit,ach,,posted
T00013301,A000624,2024-12-14 09:29:00,13.91,debit,card,utilities,posted
T00013302,A000624,2025-04-16 20:17:00,3575.26,credit,ach,,posted
T00013303,A000624,2025-12-02 19:37:00,2.36,debit,card,entertainment,posted
T00013304,A000624,2025-08-28 21:28:00,20.62,debit,card,dining,posted
T00013305,A000624,2025-02-25 05:10:00,917.97,credit,ach,,posted
T00013306,A000624,2025-11-04 07:26:00,80.28,debit,card,fuel,posted
T00013307,A000624,2025-04-17 11:15:00,5.16,debit,card,dining,posted
T00013308,A000624,2025-06-15 08:48:00,2104.78,credit,ach,,posted
T00013309,A000624,2025-05-18 21:04:00,3111.77,credit,ach,,posted
T00013310,A000624,2025-01-19 22:38:00,723.63,credit,ach,,posted
T00013311,A000624,2025-09-14 06:18:00,52.4,debit,p2p,travel,posted
T00013312,A000625,2025-10-09 06:48:00,28.68,debit,card,entertainment,posted
T00013313,A000625,2025-12-14 08:01:00,37.54,debit,atm,healthcare,posted
T00013314,A000625,2025-09-13 20:29:00,3065.33,credit,ach,,posted
T00013315,A000625,2025-11-16 12:32:00,1570.68,credit,ach,,posted
T00013316,A000625,2025-09-06 12:07:00,14.32,debit,p2p,entertainment,posted
T00013317,A000625,2025-12-09 00:52:00,5.08,debit,card,dining,posted
T00013318,A000625,2025-10-15 04:21:00,65.51,debit,ach,healthcare,posted
T00013319,A000625,2025-11-27 16:22:00,8.49,debit,card,online_retail,posted
T00013320,A000625,2025-11-06 09:22:00,31.95,debit,card,travel,posted
T00013321,A000625,2025-10-22 01:12:00,3345.16,credit,ach,,posted
T00013322,A000625,2025-08-02 23:02:00,3040.8,credit,ach,,posted
T00013323,A000625,2025-10-08 06:11:00,5.67,debit,card,travel,posted
T00013324,A000625,2025-11-22 13:14:00,706.48,credit,ach,,posted
T00013325,A000625,2025-08-19 21:18:00,11.58,debit,p2p,dining,posted
T00013326,A000625,2025-08-22 11:18:00,92.02,debit,card,healthcare,posted
T00013327,A000625,2025-08-07 14:15:00,40.91,debit,card,travel,posted
T00013328,A000625,2025-10-21 02:30:00,38.69,debit,card,dining,posted
T00013329,A000625,2025-09-13 16:49:00,40.04,debit,card,entertainment,posted
T00013330,A000625,2025-11-21 18:44:00,3909.19,credit,ach,,posted
T00013331,A000625,2025-09-04 10:54:00,716.3,credit,ach,,posted
T00013332,A000625,2025-08-13 18:14:00,95.61,debit,card,online_retail,posted
T00013333,A000625,2025-08-17 17:52:00,102.92,debit,atm,dining,posted
T00013334,A000625,2025-09-24 15:07:00,177.41,debit,card,utilities,posted
T00013335,A000625,2025-12-13 20:51:00,34.64,debit,card,online_retail,posted
T00013336,A000625,2025-10-21 05:08:00,12.61,debit,card,online_retail,posted
T00013337,A000625,2025-08-31 09:09:00,11.27,debit,card,healthcare,posted
T00013338,A000625,2025-07-20 01:33:00,48.15,debit,p2p,grocery,posted
T00013339,A000625,2025-07-22 03:35:00,9.67,debit,card,online_retail,posted
T00013340,A000625,2025-08-20 16:07:00,2365.63,credit,ach,,posted
T00013341,A000625,2025-12-24 19:10:00,59.42,debit,ach,utilities,posted
T00013342,A000625,2025-10-02 01:56:00,9.26,debit,ach,travel,posted
T00013343,A000625,2025-12-30 03:55:00,3.85,debit,p2p,online_retail,posted
T00013344,A000625,2025-12-24 07:01:00,14.79,debit,atm,travel,posted
T00013345,A000625,2025-10-01 20:16:00,3608.32,credit,ach,,posted
T00013346,A000625,2025-10-28 07:45:00,3230.99,credit,ach,,posted
T00013347,A000625,2025-09-25 02:55:00,32.38,debit,card,entertainment,posted
T00013348,A000625,2025-09-25 01:38:00,27.43,debit,card,entertainment,posted
T00013349,A000625,2025-10-05 05:08:00,15.17,debit,p2p,dining,posted
T00013350,A000625,2025-12-08 05:24:00,1216.31,credit,ach,,posted
T00013351,A000625,2025-08-15 07:25:00,73.21,debit,atm,entertainment,posted
T00013352,A000627,2025-12-16 06:38:00,4.76,debit,card,fuel,posted
T00013353,A000627,2025-11-19 10:07:00,9.5,debit,card,healthcare,posted
T00013354,A000627,2025-11-22 07:08:00,59.74,debit,ach,grocery,posted
T00013355,A000627,2025-11-19 20:01:00,2854.37,credit,ach,,posted
T00013356,A000627,2025-12-06 19:32:00,42.75,debit,p2p,online_retail,posted
T00013357,A000627,2025-12-11 06:06:00,56.94,debit,p2p,online_retail,posted
T00013358,A000627,2025-11-26 22:15:00,3795.01,credit,ach,,posted
T00013359,A000627,2025-12-23 02:25:00,97.76,debit,ach,entertainment,posted
T00013360,A000627,2025-12-18 05:38:00,16.46,debit,atm,utilities,posted
T00013361,A000627,2025-11-25 01:10:00,18.8,debit,card,travel,posted
T00013362,A000627,2025-12-29 19:10:00,14.22,debit,atm,healthcare,posted
T00013363,A000627,2025-12-25 18:37:00,34.38,debit,ach,healthcare,declined
T00013364,A000627,2025-12-26 05:46:00,1724.42,credit,ach,,posted
T00013365,A000627,2025-12-12 22:00:00,38.9,debit,ach,utilities,posted
T00013366,A000627,2025-12-29 20:42:00,46.2,debit,ach,fuel,posted
T00013367,A000627,2025-12-16 22:02:00,38.41,debit,ach,grocery,posted
T00013368,A000627,2025-12-08 22:17:00,97.85,debit,ach,healthcare,posted
T00013369,A000627,2025-12-16 18:26:00,7.74,debit,p2p,fuel,posted
T00013370,A000627,2025-11-26 00:31:00,59.39,debit,ach,entertainment,posted
T00013371,A000627,2025-12-20 05:47:00,92.63,debit,atm,entertainment,posted
T00013372,A000627,2025-11-18 14:18:00,12.49,debit,ach,travel,posted
T00013373,A000627,2025-12-27 10:08:00,2.96,debit,card,dining,declined
T00013374,A000627,2025-11-22 20:04:00,84.79,debit,card,dining,posted
T00013375,A000627,2025-12-12 03:52:00,60.24,debit,ach,dining,declined
T00013376,A000627,2025-12-05 20:20:00,3247.15,credit,ach,,posted
T00013377,A000627,2025-11-24 12:44:00,1742.0,credit,ach,,posted
T00013378,A000628,2025-12-14 06:20:00,3997.18,credit,ach,,posted
T00013379,A000628,2025-12-03 08:10:00,1718.58,credit,ach,,posted
T00013380,A000628,2025-12-21 21:48:00,2651.82,credit,ach,,posted
T00013381,A000628,2025-12-26 03:43:00,30.28,debit,p2p,grocery,posted
T00013382,A000628,2025-12-22 14:39:00,86.37,debit,p2p,utilities,posted
T00013383,A000628,2025-12-19 06:55:00,23.21,debit,card,online_retail,posted
T00013384,A000628,2025-12-10 05:27:00,1797.44,credit,ach,,posted
T00013385,A000628,2025-12-24 22:00:00,19.43,debit,atm,fuel,posted
T00013386,A000628,2025-12-10 12:24:00,391.28,debit,atm,travel,posted
T00013387,A000628,2025-12-19 23:14:00,3775.92,credit,ach,,posted
T00013388,A000628,2025-12-16 15:57:00,68.21,debit,card,online_retail,posted
T00013389,A000628,2025-12-25 07:19:00,1213.16,credit,ach,,posted
T00013390,A000629,2025-12-18 13:56:00,40.95,debit,ach,dining,posted
T00013391,A000629,2025-12-24 19:15:00,573.6,credit,ach,,posted
T00013392,A000629,2025-12-31 07:49:00,38.85,debit,card,dining,posted
T00013393,A000629,2025-12-21 07:33:00,3074.2,credit,ach,,posted
T00013394,A000629,2025-12-22 08:38:00,55.29,debit,card,fuel,posted
T00013395,A000629,2025-12-16 18:33:00,25.55,debit,ach,travel,posted
T00013396,A000629,2025-12-24 13:10:00,27.85,debit,card,travel,posted
T00013397,A000629,2025-12-18 20:04:00,3635.82,credit,ach,,posted
T00013398,A000629,2025-12-27 09:54:00,17.43,debit,ach,fuel,posted
T00013399,A000629,2025-12-28 21:45:00,10.44,debit,ach,travel,posted
T00013400,A000629,2025-12-28 18:08:00,88.0,debit,card,dining,posted
T00013401,A000629,2025-12-28 13:34:00,37.01,debit,card,online_retail,posted
T00013402,A000629,2025-12-18 06:25:00,85.73,debit,card,dining,posted
T00013403,A000629,2025-12-18 07:20:00,11.29,debit,card,utilities,posted
T00013404,A000629,2025-12-25 19:49:00,65.15,debit,ach,entertainment,posted
T00013405,A000629,2025-12-29 00:56:00,23.21,debit,atm,utilities,posted
T00013406,A000629,2025-12-26 17:47:00,2746.57,credit,ach,,posted
T00013407,A000629,2025-12-29 02:01:00,11.55,debit,card,travel,posted
T00013408,A000629,2025-12-16 05:05:00,40.38,debit,p2p,online_retail,posted
T00013409,A000629,2025-12-14 16:33:00,112.47,debit,ach,entertainment,posted
T00013410,A000629,2025-12-25 00:00:00,185.21,debit,card,entertainment,posted
T00013411,A000629,2025-12-24 21:43:00,3769.57,credit,ach,,posted
T00013412,A000629,2025-12-15 13:51:00,31.5,debit,atm,entertainment,posted
T00013413,A000629,2025-12-23 01:55:00,12.47,debit,p2p,healthcare,posted
T00013414,A000629,2025-12-22 19:51:00,12.48,debit,card,utilities,declined
T00013415,A000629,2025-12-21 09:54:00,10.69,debit,card,dining,posted
T00013416,A000629,2025-12-20 00:57:00,11.44,debit,atm,healthcare,posted
T00013417,A000629,2025-12-17 15:42:00,20.09,debit,atm,healthcare,posted
T00013418,A000629,2025-12-20 01:12:00,3449.16,credit,ach,,posted
T00013419,A000629,2025-12-25 18:07:00,2256.61,credit,ach,,posted
T00013420,A000629,2025-12-26 02:33:00,17.63,debit,p2p,travel,posted
T00013421,A000629,2025-12-29 17:12:00,2031.07,credit,ach,,posted
T00013422,A000629,2025-12-20 07:23:00,31.46,debit,card,travel,posted
T00013423,A000629,2025-12-31 18:10:00,5.58,debit,card,dining,posted
T00013424,A000630,2024-03-02 19:06:00,8.07,debit,card,healthcare,posted
T00013425,A000630,2024-08-30 03:46:00,18.97,debit,ach,online_retail,posted
T00013426,A000630,2024-03-20 23:41:00,3886.89,credit,ach,,posted
T00013427,A000630,2025-02-15 23:56:00,7.06,debit,card,dining,posted
T00013428,A000630,2024-10-06 13:24:00,100.98,debit,p2p,fuel,posted
T00013429,A000630,2025-08-08 05:02:00,27.24,debit,ach,dining,declined
T00013430,A000630,2024-05-04 16:28:00,40.31,debit,card,grocery,posted
T00013431,A000630,2024-09-19 13:45:00,37.01,debit,ach,dining,posted
T00013432,A000630,2025-01-11 12:41:00,13.2,debit,card,entertainment,posted
T00013433,A000630,2024-06-15 06:41:00,20.93,debit,card,travel,posted
T00013434,A000630,2025-04-13 01:30:00,19.39,debit,card,fuel,posted
T00013435,A000630,2024-08-15 06:30:00,285.42,debit,card,entertainment,posted
T00013436,A000630,2024-11-30 09:38:00,2994.02,credit,ach,,posted
T00013437,A000630,2025-12-20 04:46:00,2985.55,credit,ach,,posted
T00013438,A000630,2025-12-02 11:54:00,16.2,debit,ach,grocery,posted
T00013439,A000630,2025-05-18 05:40:00,6.65,debit,card,travel,posted
T00013440,A000630,2025-05-07 04:54:00,112.17,debit,atm,entertainment,posted
T00013441,A000630,2025-07-15 23:33:00,34.44,debit,atm,travel,posted
T00013442,A000630,2024-09-28 14:22:00,27.26,debit,p2p,fuel,posted
T00013443,A000630,2024-02-23 21:21:00,32.7,debit,card,travel,posted
T00013444,A000630,2024-08-06 11:52:00,288.56,debit,card,healthcare,posted
T00013445,A000630,2024-03-20 01:21:00,61.97,debit,card,grocery,declined
T00013446,A000630,2025-02-14 14:37:00,69.22,debit,card,healthcare,posted
T00013447,A000630,2025-03-27 03:28:00,2561.9,credit,ach,,posted
T00013448,A000630,2024-04-30 14:53:00,84.0,debit,card,utilities,posted
T00013449,A000630,2025-05-28 15:08:00,16.46,debit,p2p,utilities,declined
T00013450,A000630,2024-06-28 07:57:00,65.69,debit,p2p,entertainment,posted
T00013451,A000630,2025-02-10 04:26:00,25.37,debit,card,utilities,posted
T00013452,A000630,2025-07-23 19:51:00,11.76,debit,card,travel,posted
T00013453,A000630,2024-08-27 11:39:00,46.41,debit,p2p,utilities,posted
T00013454,A000631,2025-11-18 14:06:00,80.11,debit,card,grocery,posted
T00013455,A000631,2025-09-22 10:36:00,2.2,debit,p2p,healthcare,posted
T00013456,A000631,2025-11-19 02:46:00,37.18,debit,atm,fuel,posted
T00013457,A000631,2025-09-29 17:24:00,2114.74,credit,ach,,posted
T00013458,A000631,2025-10-03 01:20:00,78.68,debit,p2p,dining,posted
T00013459,A000631,2025-08-28 11:33:00,1170.27,credit,ach,,posted
T00013460,A000631,2025-12-18 08:14:00,3914.72,credit,ach,,posted
T00013461,A000631,2025-09-11 16:44:00,79.16,debit,p2p,travel,posted
T00013462,A000631,2025-11-12 18:58:00,13.01,debit,card,travel,posted
T00013463,A000631,2025-09-03 14:29:00,109.92,debit,atm,entertainment,declined
T00013464,A000631,2025-12-14 04:50:00,5.32,debit,card,grocery,posted
T00013465,A000631,2025-10-11 13:13:00,44.99,debit,ach,fuel,posted
T00013466,A000631,2025-10-19 20:53:00,2359.86,credit,ach,,posted
T00013467,A000631,2025-10-21 02:26:00,9.43,debit,card,online_retail,posted
T00013468,A000631,2025-11-03 09:30:00,48.78,debit,card,entertainment,posted
T00013469,A000631,2025-12-16 08:06:00,2452.68,credit,ach,,posted
T00013470,A000631,2025-12-27 14:52:00,151.87,debit,card,entertainment,posted
T00013471,A000631,2025-11-06 06:10:00,3247.53,credit,ach,,posted
T00013472,A000631,2025-12-07 03:39:00,21.41,debit,p2p,online_retail,posted
T00013473,A000631,2025-12-17 14:12:00,8.66,debit,ach,travel,posted
T00013474,A000631,2025-11-22 16:23:00,15.3,debit,card,utilities,posted
T00013475,A000631,2025-10-07 14:12:00,1194.14,credit,ach,,posted
T00013476,A000631,2025-12-26 19:16:00,1051.44,credit,ach,,posted
T00013477,A000631,2025-12-18 23:26:00,18.32,debit,card,utilities,posted
T00013478,A000631,2025-12-24 17:19:00,162.29,debit,atm,fuel,posted
T00013479,A000631,2025-12-19 15:26:00,1125.63,credit,ach,,posted
T00013480,A000631,2025-09-07 11:32:00,760.59,credit,ach,,posted
T00013481,A000631,2025-10-02 15:31:00,2173.82,credit,ach,,posted
T00013482,A000632,2025-11-04 23:06:00,4.31,debit,card,entertainment,posted
T00013483,A000632,2025-12-03 12:55:00,24.06,debit,card,healthcare,posted
T00013484,A000632,2025-09-01 19:07:00,380.12,debit,p2p,entertainment,posted
T00013485,A000632,2025-11-04 18:46:00,17.1,debit,card,utilities,posted
T00013486,A000632,2025-07-13 03:29:00,3990.66,credit,ach,,posted
T00013487,A000632,2025-10-03 18:13:00,136.36,debit,ach,fuel,declined
T00013488,A000632,2025-11-01 12:23:00,59.24,debit,ach,travel,posted
T00013489,A000632,2025-08-05 05:44:00,165.42,debit,card,online_retail,posted
T00013490,A000632,2025-09-23 13:42:00,2894.17,credit,ach,,posted
T00013491,A000632,2025-12-26 06:22:00,24.73,debit,card,grocery,posted
T00013492,A000632,2025-08-24 00:57:00,23.51,debit,card,entertainment,posted
T00013493,A000632,2025-08-29 16:33:00,20.63,debit,p2p,dining,posted
T00013494,A000632,2025-09-01 09:16:00,112.67,debit,atm,travel,posted
T00013495,A000632,2025-12-30 15:12:00,1012.68,credit,ach,,posted
T00013496,A000632,2025-08-18 07:19:00,10.97,debit,atm,online_retail,posted
T00013497,A000632,2025-11-30 05:26:00,7.96,debit,ach,entertainment,posted
T00013498,A000632,2025-07-23 21:03:00,2427.57,credit,ach,,posted
T00013499,A000632,2025-12-31 03:05:00,43.36,debit,card,entertainment,posted
T00013500,A000632,2025-08-16 18:20:00,949.98,credit,ach,,posted
T00013501,A000632,2025-10-09 19:11:00,18.79,debit,card,fuel,posted
T00013502,A000632,2025-08-20 19:38:00,29.82,debit,card,fuel,posted
T00013503,A000632,2025-11-29 04:40:00,3957.91,credit,ach,,posted
T00013504,A000632,2025-07-15 18:49:00,23.88,debit,card,travel,posted
T00013505,A000632,2025-09-16 18:04:00,3221.67,credit,ach,,posted
T00013506,A000632,2025-07-14 09:38:00,18.43,debit,p2p,healthcare,posted
T00013507,A000632,2025-11-30 13:59:00,28.16,debit,card,fuel,posted
T00013508,A000632,2025-12-30 17:20:00,11.38,debit,p2p,entertainment,posted
T00013509,A000632,2025-09-01 19:43:00,26.3,debit,atm,entertainment,posted
T00013510,A000633,2025-12-29 19:40:00,30.29,debit,card,fuel,posted
T00013511,A000633,2025-06-17 21:52:00,78.45,debit,atm,online_retail,posted
T00013512,A000633,2025-05-30 14:09:00,38.33,debit,p2p,dining,posted
T00013513,A000633,2025-02-27 14:18:00,2538.06,credit,ach,,posted
T00013514,A000633,2025-03-29 16:14:00,7.75,debit,p2p,entertainment,posted
T00013515,A000633,2025-04-02 22:34:00,186.37,debit,ach,healthcare,posted
T00013516,A000633,2025-03-25 22:12:00,12.22,debit,p2p,dining,posted
T00013517,A000633,2025-09-10 06:01:00,15.22,debit,card,fuel,posted
T00013518,A000633,2024-12-22 08:09:00,17.76,debit,card,online_retail,reversed
T00013519,A000633,2025-12-07 05:17:00,53.64,debit,p2p,grocery,posted
T00013520,A000633,2025-10-18 14:11:00,239.24,debit,card,entertainment,posted
T00013521,A000633,2025-12-14 19:19:00,3544.72,credit,ach,,posted
T00013522,A000633,2025-01-29 19:48:00,6.0,debit,atm,healthcare,posted
T00013523,A000634,2025-12-19 14:44:00,43.6,debit,card,fuel,posted
T00013524,A000634,2025-12-19 15:22:00,772.82,debit,card,fuel,posted
T00013525,A000634,2025-11-06 13:59:00,7.89,debit,ach,healthcare,posted
T00013526,A000634,2025-12-09 21:42:00,33.59,debit,p2p,dining,posted
T00013527,A000634,2025-12-08 22:35:00,87.6,debit,p2p,fuel,posted
T00013528,A000634,2025-11-25 10:37:00,51.15,debit,card,online_retail,posted
T00013529,A000634,2025-12-22 18:39:00,75.49,debit,p2p,healthcare,declined
T00013530,A000634,2025-12-31 07:50:00,3670.62,credit,ach,,posted
T00013531,A000634,2025-11-20 07:22:00,2504.33,credit,ach,,posted
T00013532,A000634,2025-11-03 18:05:00,235.31,debit,atm,online_retail,posted
T00013533,A000634,2025-11-22 15:12:00,107.33,debit,p2p,travel,posted
T00013534,A000634,2025-11-18 15:26:00,145.17,debit,p2p,dining,posted
T00013535,A000634,2025-12-24 22:22:00,78.36,debit,p2p,grocery,posted
T00013536,A000634,2025-11-12 18:49:00,15.98,debit,card,healthcare,posted
T00013537,A000634,2025-11-02 15:41:00,27.93,debit,atm,online_retail,posted
T00013538,A000634,2025-12-20 20:27:00,3579.84,credit,ach,,declined
T00013539,A000634,2025-11-28 11:22:00,1594.38,credit,ach,,declined
T00013540,A000634,2025-12-07 10:48:00,3873.91,credit,ach,,posted
T00013541,A000634,2025-12-29 16:44:00,70.02,debit,p2p,entertainment,posted
T00013542,A000634,2025-11-24 23:24:00,10.37,debit,p2p,entertainment,posted
T00013543,A000634,2025-12-03 07:42:00,6.89,debit,card,grocery,posted
T00013544,A000634,2025-12-27 13:16:00,97.17,debit,ach,dining,posted
T00013545,A000634,2025-12-18 02:20:00,3844.91,credit,ach,,posted
T00013546,A000634,2025-11-23 11:39:00,99.05,debit,ach,fuel,posted
T00013547,A000634,2025-11-14 16:56:00,67.24,debit,p2p,entertainment,posted
T00013548,A000634,2025-12-01 15:12:00,1820.78,credit,ach,,posted
T00013549,A000634,2025-11-25 09:52:00,66.27,debit,atm,dining,declined
T00013550,A000634,2025-12-07 03:42:00,1576.36,credit,ach,,posted
T00013551,A000634,2025-11-25 03:16:00,49.56,debit,card,fuel,posted
T00013552,A000634,2025-11-20 02:30:00,19.2,debit,p2p,dining,posted
T00013553,A000635,2025-08-18 13:34:00,8.87,debit,card,entertainment,posted
T00013554,A000635,2025-03-20 01:11:00,46.86,debit,ach,grocery,posted
T00013555,A000635,2025-07-16 01:14:00,77.03,debit,card,grocery,posted
T00013556,A000635,2025-10-02 02:08:00,3.61,debit,card,online_retail,posted
T00013557,A000635,2025-06-28 03:35:00,18.68,debit,p2p,fuel,posted
T00013558,A000635,2025-03-14 23:37:00,2166.26,credit,ach,,posted
T00013559,A000636,2025-10-13 00:29:00,3309.85,credit,ach,,posted
T00013560,A000636,2025-11-01 00:27:00,6.65,debit,card,grocery,posted
T00013561,A000636,2025-11-23 21:59:00,217.74,debit,atm,travel,posted
T00013562,A000636,2025-07-01 06:30:00,29.29,debit,card,fuel,posted
T00013563,A000636,2025-10-24 03:59:00,53.56,debit,p2p,utilities,posted
T00013564,A000636,2025-08-08 08:01:00,247.96,debit,card,dining,posted
T00013565,A000636,2025-11-09 10:58:00,2800.04,credit,ach,,posted
T00013566,A000636,2025-05-19 13:53:00,30.06,debit,ach,healthcare,posted
T00013567,A000636,2025-05-30 18:02:00,15.49,debit,atm,grocery,posted
T00013568,A000636,2025-11-25 08:40:00,13.6,debit,card,entertainment,posted
T00013569,A000636,2025-09-11 11:49:00,56.83,debit,p2p,utilities,posted
T00013570,A000636,2025-11-18 12:15:00,24.42,debit,ach,travel,posted
T00013571,A000636,2025-06-05 05:07:00,17.13,debit,card,grocery,posted
T00013572,A000636,2025-10-31 09:46:00,13.57,debit,atm,utilities,posted
T00013573,A000636,2025-09-20 20:54:00,22.11,debit,p2p,travel,posted
T00013574,A000636,2025-08-31 09:05:00,23.29,debit,card,utilities,posted
T00013575,A000637,2025-08-11 07:22:00,9.65,debit,p2p,grocery,posted
T00013576,A000637,2025-08-27 22:46:00,20.63,debit,ach,utilities,posted
T00013577,A000637,2025-09-30 12:02:00,26.46,debit,ach,fuel,posted
T00013578,A000637,2025-10-21 08:40:00,194.87,debit,card,healthcare,posted
T00013579,A000637,2025-04-19 16:09:00,1.86,debit,p2p,grocery,posted
T00013580,A000637,2025-08-05 04:27:00,13.66,debit,card,entertainment,posted
T00013581,A000637,2025-07-30 11:10:00,7.11,debit,atm,fuel,posted
T00013582,A000637,2025-05-04 14:14:00,72.53,debit,card,online_retail,posted
T00013583,A000637,2025-04-10 06:54:00,59.01,debit,p2p,dining,posted
T00013584,A000637,2025-11-18 20:01:00,20.79,debit,p2p,online_retail,posted
T00013585,A000637,2025-09-29 21:47:00,135.71,debit,card,online_retail,posted
T00013586,A000637,2025-03-11 02:58:00,61.86,debit,p2p,entertainment,posted
T00013587,A000637,2025-09-04 06:29:00,6.56,debit,card,online_retail,posted
T00013588,A000637,2025-12-23 09:03:00,117.51,debit,atm,grocery,posted
T00013589,A000637,2025-02-27 17:13:00,77.47,debit,card,travel,posted
T00013590,A000637,2025-08-24 07:38:00,10.5,debit,atm,online_retail,posted
T00013591,A000637,2025-11-18 07:15:00,130.82,debit,ach,dining,posted
T00013592,A000637,2025-07-19 12:54:00,3789.45,credit,ach,,posted
T00013593,A000637,2025-06-10 02:23:00,1919.71,credit,ach,,posted
T00013594,A000637,2025-11-04 04:00:00,38.82,debit,p2p,fuel,posted
T00013595,A000637,2025-05-06 14:52:00,14.48,debit,atm,entertainment,posted
T00013596,A000637,2025-05-23 07:34:00,66.24,debit,card,grocery,posted
T00013597,A000637,2025-04-10 19:40:00,28.11,debit,ach,entertainment,posted
T00013598,A000637,2025-05-11 02:57:00,180.52,debit,p2p,online_retail,posted
T00013599,A000637,2025-03-22 12:03:00,716.8,credit,ach,,posted
T00013600,A000637,2025-11-17 21:59:00,1622.93,credit,ach,,posted
T00013601,A000637,2025-05-02 20:13:00,237.37,debit,card,dining,posted
T00013602,A000637,2025-09-11 08:09:00,42.5,debit,p2p,utilities,posted
T00013603,A000637,2025-10-19 10:24:00,2183.6,credit,ach,,posted
T00013604,A000638,2025-12-23 16:08:00,16.71,debit,card,healthcare,posted
T00013605,A000638,2025-12-01 09:27:00,48.93,debit,card,online_retail,posted
T00013606,A000638,2025-12-11 06:46:00,11.52,debit,ach,dining,posted
T00013607,A000638,2025-12-09 14:45:00,2852.21,credit,ach,,posted
T00013608,A000638,2025-11-29 05:46:00,19.82,debit,ach,grocery,declined
T00013609,A000638,2025-12-17 00:34:00,54.26,debit,p2p,online_retail,posted
T00013610,A000638,2025-12-15 02:35:00,2975.5,credit,ach,,posted
T00013611,A000639,2025-04-28 17:11:00,15.57,debit,card,utilities,posted
T00013612,A000639,2025-08-01 04:06:00,1480.54,credit,ach,,posted
T00013613,A000639,2025-05-11 21:26:00,16.0,debit,p2p,dining,posted
T00013614,A000639,2025-10-15 10:29:00,21.85,debit,atm,dining,posted
T00013615,A000639,2025-08-26 00:06:00,915.42,credit,ach,,posted
T00013616,A000639,2025-08-14 16:30:00,1023.98,credit,ach,,posted
T00013617,A000639,2025-11-01 02:33:00,27.21,debit,p2p,healthcare,posted
T00013618,A000639,2025-06-15 07:07:00,2646.63,credit,ach,,posted
T00013619,A000639,2025-06-27 13:28:00,62.31,debit,card,healthcare,posted
T00013620,A000639,2025-11-11 18:06:00,14.86,debit,ach,utilities,posted
T00013621,A000639,2025-04-11 22:19:00,27.74,debit,card,online_retail,posted
T00013622,A000639,2025-07-07 02:53:00,727.81,credit,ach,,posted
T00013623,A000639,2025-05-30 07:24:00,93.4,debit,card,utilities,posted
T00013624,A000639,2025-10-14 08:36:00,15.55,debit,card,entertainment,posted
T00013625,A000639,2025-05-22 03:28:00,14.17,debit,card,dining,posted
T00013626,A000639,2025-12-08 19:28:00,69.62,debit,p2p,healthcare,posted
T00013627,A000639,2025-08-23 07:05:00,2771.14,credit,ach,,posted
T00013628,A000639,2025-05-10 12:30:00,24.09,debit,card,fuel,posted
T00013629,A000639,2025-04-25 00:04:00,10.36,debit,p2p,utilities,posted
T00013630,A000640,2025-09-21 21:33:00,98.49,debit,ach,dining,posted
T00013631,A000640,2025-09-06 10:19:00,22.39,debit,card,healthcare,posted
T00013632,A000640,2025-08-27 20:04:00,144.11,debit,ach,healthcare,posted
T00013633,A000640,2025-08-18 05:16:00,78.8,debit,p2p,fuel,posted
T00013634,A000640,2025-11-16 05:34:00,42.83,debit,card,fuel,posted
T00013635,A000640,2025-12-24 18:00:00,39.97,debit,card,utilities,posted
T00013636,A000640,2025-12-11 02:51:00,238.78,debit,card,dining,posted
T00013637,A000640,2025-12-10 23:18:00,21.19,debit,card,dining,posted
T00013638,A000640,2025-10-14 08:17:00,25.21,debit,p2p,fuel,posted
T00013639,A000640,2025-10-19 10:10:00,33.99,debit,p2p,online_retail,posted
T00013640,A000640,2025-12-12 07:14:00,15.55,debit,card,utilities,posted
T00013641,A000640,2025-12-15 16:05:00,3040.56,credit,ach,,posted
T00013642,A000640,2025-08-01 08:13:00,30.68,debit,p2p,fuel,posted
T00013643,A000640,2025-12-21 12:34:00,72.23,debit,p2p,entertainment,posted
T00013644,A000640,2025-09-14 20:53:00,45.92,debit,card,utilities,posted
T00013645,A000640,2025-12-19 03:12:00,64.49,debit,p2p,grocery,posted
T00013646,A000641,2025-05-29 03:13:00,157.34,debit,atm,travel,posted
T00013647,A000641,2025-11-30 03:25:00,17.55,debit,card,dining,posted
T00013648,A000641,2025-04-11 23:57:00,89.32,debit,ach,utilities,posted
T00013649,A000641,2025-12-13 13:43:00,10.3,debit,card,online_retail,posted
T00013650,A000641,2025-04-30 21:39:00,11.59,debit,atm,grocery,posted
T00013651,A000641,2025-07-31 17:17:00,1687.68,credit,ach,,posted
T00013652,A000641,2025-10-07 16:24:00,14.91,debit,p2p,fuel,posted
T00013653,A000641,2025-06-27 23:58:00,95.91,debit,atm,healthcare,posted
T00013654,A000641,2025-06-27 03:18:00,2287.91,credit,ach,,posted
T00013655,A000641,2025-12-24 19:27:00,32.04,debit,ach,utilities,posted
T00013656,A000641,2025-10-14 15:31:00,24.38,debit,card,travel,posted
T00013657,A000641,2025-07-12 15:50:00,149.54,debit,ach,online_retail,posted
T00013658,A000641,2025-09-14 19:25:00,32.24,debit,p2p,dining,posted
T00013659,A000641,2025-05-23 18:38:00,45.9,debit,card,entertainment,posted
T00013660,A000641,2025-12-10 23:21:00,4.37,debit,atm,utilities,posted
T00013661,A000641,2025-08-21 18:40:00,16.13,debit,card,fuel,posted
T00013662,A000641,2025-07-11 22:27:00,11.86,debit,p2p,online_retail,posted
T00013663,A000641,2025-07-11 08:38:00,13.77,debit,card,healthcare,posted
T00013664,A000641,2025-04-30 09:24:00,45.69,debit,card,healthcare,declined
T00013665,A000641,2025-10-10 03:20:00,12.78,debit,atm,dining,posted
T00013666,A000641,2025-08-21 07:38:00,29.66,debit,p2p,travel,posted
T00013667,A000641,2025-09-29 14:27:00,20.33,debit,atm,entertainment,posted
T00013668,A000641,2025-04-30 22:45:00,115.99,debit,atm,grocery,posted
T00013669,A000641,2025-07-30 16:25:00,1192.64,credit,ach,,posted
T00013670,A000641,2025-12-17 23:31:00,309.37,debit,p2p,fuel,posted
T00013671,A000641,2025-11-25 14:30:00,27.89,debit,ach,utilities,posted
T00013672,A000641,2025-07-26 22:30:00,8.97,debit,card,healthcare,posted
T00013673,A000641,2025-10-01 23:46:00,26.94,debit,card,utilities,posted
T00013674,A000641,2025-09-14 06:27:00,59.08,debit,card,grocery,posted
T00013675,A000641,2025-05-13 11:19:00,3067.47,credit,ach,,posted
T00013676,A000641,2025-12-03 23:56:00,13.0,debit,ach,entertainment,posted
T00013677,A000641,2025-11-19 18:08:00,25.3,debit,card,travel,posted
T00013678,A000641,2025-04-14 18:52:00,705.55,credit,ach,,posted
T00013679,A000641,2025-09-28 20:09:00,31.23,debit,card,entertainment,posted
T00013680,A000641,2025-03-20 16:20:00,416.35,debit,ach,travel,posted
T00013681,A000642,2025-11-23 21:27:00,16.13,debit,ach,online_retail,posted
T00013682,A000642,2025-09-17 06:03:00,32.43,debit,card,travel,posted
T00013683,A000642,2025-10-02 01:13:00,1609.09,credit,ach,,posted
T00013684,A000642,2025-11-14 06:14:00,76.31,debit,card,grocery,posted
T00013685,A000642,2025-07-06 20:51:00,71.92,debit,card,grocery,posted
T00013686,A000642,2025-12-12 05:42:00,27.38,debit,p2p,entertainment,posted
T00013687,A000642,2025-07-23 05:51:00,75.05,debit,card,healthcare,posted
T00013688,A000642,2025-09-15 15:13:00,54.54,debit,card,utilities,posted
T00013689,A000642,2025-06-20 06:44:00,14.84,debit,card,online_retail,posted
T00013690,A000642,2025-11-19 04:43:00,96.45,debit,p2p,dining,posted
T00013691,A000642,2025-08-23 03:38:00,1709.2,credit,ach,,posted
T00013692,A000642,2025-11-05 03:31:00,1936.25,credit,ach,,posted
T00013693,A000642,2025-06-28 14:15:00,17.31,debit,ach,travel,posted
T00013694,A000642,2025-06-11 01:39:00,55.84,debit,atm,utilities,posted
T00013695,A000642,2025-07-14 16:00:00,18.69,debit,card,healthcare,posted
T00013696,A000642,2025-09-21 03:30:00,2512.0,credit,ach,,posted
T00013697,A000642,2025-08-28 03:27:00,19.25,debit,card,travel,posted
T00013698,A000642,2025-10-02 19:42:00,11.5,debit,card,travel,posted
T00013699,A000642,2025-06-23 02:14:00,7.46,debit,atm,healthcare,posted
T00013700,A000642,2025-08-22 00:54:00,14.45,debit,p2p,dining,posted
T00013701,A000642,2025-10-13 07:29:00,2053.71,credit,ach,,posted
T00013702,A000642,2025-08-14 15:09:00,12.33,debit,card,grocery,posted
T00013703,A000642,2025-10-31 00:45:00,23.57,debit,ach,online_retail,posted
T00013704,A000642,2025-11-25 00:33:00,8.38,debit,atm,healthcare,posted
T00013705,A000642,2025-09-03 19:56:00,41.93,debit,p2p,grocery,posted
T00013706,A000643,2025-04-27 03:37:00,14.92,debit,p2p,utilities,posted
T00013707,A000643,2025-12-03 18:24:00,12.81,debit,atm,online_retail,posted
T00013708,A000643,2025-06-27 10:08:00,6.62,debit,card,dining,posted
T00013709,A000643,2025-10-25 21:53:00,19.03,debit,card,entertainment,posted
T00013710,A000643,2025-09-24 00:16:00,80.11,debit,p2p,travel,posted
T00013711,A000643,2025-06-17 22:14:00,15.39,debit,atm,dining,posted
T00013712,A000643,2025-11-13 17:30:00,2828.07,credit,ach,,posted
T00013713,A000643,2025-04-29 07:20:00,102.68,debit,card,online_retail,posted
T00013714,A000643,2025-10-02 16:28:00,79.02,debit,p2p,entertainment,posted
T00013715,A000643,2025-09-25 18:41:00,1726.24,credit,ach,,posted
T00013716,A000643,2025-10-15 11:12:00,677.62,credit,ach,,posted
T00013717,A000643,2025-10-19 12:38:00,8.85,debit,ach,grocery,posted
T00013718,A000643,2025-10-07 20:53:00,24.42,debit,card,online_retail,posted
T00013719,A000643,2025-10-20 14:55:00,34.35,debit,card,travel,posted
T00013720,A000643,2025-07-07 01:39:00,34.26,debit,atm,grocery,posted
T00013721,A000643,2025-07-12 09:36:00,3202.6,credit,ach,,posted
T00013722,A000643,2025-04-12 18:27:00,124.34,debit,ach,entertainment,posted
T00013723,A000643,2025-11-17 14:36:00,3293.77,credit,ach,,posted
T00013724,A000643,2025-08-12 00:31:00,2660.09,credit,ach,,posted
T00013725,A000643,2025-04-07 09:38:00,1431.94,credit,ach,,posted
T00013726,A000643,2025-12-31 01:17:00,63.25,debit,ach,travel,posted
T00013727,A000643,2025-11-29 18:53:00,14.44,debit,ach,online_retail,posted
T00013728,A000644,2025-11-25 16:08:00,43.78,debit,atm,utilities,posted
T00013729,A000644,2025-11-14 00:19:00,2.62,debit,card,fuel,posted
T00013730,A000644,2025-12-13 23:18:00,2568.71,credit,ach,,posted
T00013731,A000644,2025-12-07 07:22:00,583.93,credit,ach,,posted
T00013732,A000644,2025-12-08 12:33:00,71.47,debit,card,online_retail,posted
T00013733,A000644,2025-12-29 10:04:00,264.09,debit,ach,fuel,posted
T00013734,A000644,2025-11-16 21:09:00,17.74,debit,ach,dining,posted
T00013735,A000644,2025-12-22 18:33:00,196.69,debit,p2p,entertainment,posted
T00013736,A000644,2025-11-16 19:34:00,245.54,debit,card,fuel,posted
T00013737,A000644,2025-11-12 12:08:00,3299.49,credit,ach,,posted
T00013738,A000644,2025-11-14 18:43:00,21.23,debit,card,entertainment,posted
T00013739,A000644,2025-12-27 04:59:00,52.52,debit,card,healthcare,posted
T00013740,A000644,2025-11-23 08:47:00,57.03,debit,ach,fuel,posted
T00013741,A000644,2025-12-12 02:19:00,113.09,debit,ach,travel,posted
T00013742,A000644,2025-11-29 09:29:00,6.39,debit,atm,utilities,posted
T00013743,A000644,2025-12-27 20:46:00,2891.64,credit,ach,,posted
T00013744,A000644,2025-12-18 08:47:00,27.15,debit,card,online_retail,reversed
T00013745,A000644,2025-11-28 18:53:00,64.87,debit,ach,utilities,posted
T00013746,A000644,2025-11-06 17:04:00,79.73,debit,ach,utilities,posted
T00013747,A000644,2025-12-24 04:34:00,2330.76,credit,ach,,posted
T00013748,A000644,2025-12-26 16:16:00,60.65,debit,card,fuel,posted
T00013749,A000644,2025-12-23 16:11:00,1825.34,credit,ach,,posted
T00013750,A000644,2025-12-28 22:43:00,29.05,debit,card,entertainment,posted
T00013751,A000644,2025-12-22 16:41:00,1769.21,credit,ach,,posted
T00013752,A000644,2025-12-23 19:18:00,2908.83,credit,ach,,posted
T00013753,A000644,2025-11-20 14:35:00,6.11,debit,card,entertainment,posted
T00013754,A000644,2025-11-18 06:27:00,51.61,debit,atm,healthcare,posted
T00013755,A000644,2025-12-18 04:07:00,14.6,debit,ach,healthcare,reversed
T00013756,A000644,2025-12-20 15:25:00,46.0,debit,p2p,travel,posted
T00013757,A000644,2025-12-24 21:08:00,6.28,debit,ach,utilities,posted
T00013758,A000644,2025-11-06 09:36:00,3855.54,credit,ach,,posted
T00013759,A000644,2025-11-07 16:28:00,2198.29,credit,ach,,posted
T00013760,A000645,2025-07-22 08:50:00,116.2,debit,card,fuel,posted
T00013761,A000645,2025-08-01 04:29:00,22.24,debit,card,online_retail,posted
T00013762,A000645,2025-12-13 09:52:00,71.45,debit,card,fuel,posted
T00013763,A000645,2025-10-13 19:56:00,22.74,debit,card,utilities,posted
T00013764,A000645,2025-08-15 14:48:00,1053.18,credit,ach,,posted
T00013765,A000645,2025-05-16 20:36:00,23.93,debit,atm,fuel,posted
T00013766,A000646,2025-12-13 04:48:00,2608.72,credit,ach,,posted
T00013767,A000646,2025-08-31 14:53:00,4.08,debit,card,dining,posted
T00013768,A000646,2025-11-18 02:46:00,46.14,debit,ach,healthcare,posted
T00013769,A000646,2025-08-12 13:39:00,3135.85,credit,ach,,posted
T00013770,A000646,2025-09-18 06:42:00,34.87,debit,card,online_retail,posted
T00013771,A000646,2025-07-12 21:00:00,17.98,debit,card,utilities,posted
T00013772,A000646,2025-12-06 18:49:00,124.15,debit,card,utilities,posted
T00013773,A000646,2025-08-16 23:31:00,998.65,credit,ach,,posted
T00013774,A000646,2025-07-24 23:19:00,196.12,debit,p2p,dining,posted
T00013775,A000646,2025-07-03 11:03:00,30.31,debit,card,utilities,posted
T00013776,A000646,2025-11-23 02:34:00,35.49,debit,card,online_retail,posted
T00013777,A000646,2025-11-27 19:17:00,3758.23,credit,ach,,posted
T00013778,A000646,2025-06-16 02:26:00,1759.09,credit,ach,,posted
T00013779,A000646,2025-07-04 22:54:00,627.43,credit,ach,,posted
T00013780,A000646,2025-12-01 17:05:00,51.42,debit,card,entertainment,posted
T00013781,A000646,2025-10-17 19:44:00,61.97,debit,ach,dining,posted
T00013782,A000646,2025-08-16 14:41:00,1496.1,credit,ach,,posted
T00013783,A000646,2025-07-11 22:19:00,44.23,debit,atm,travel,posted
T00013784,A000646,2025-12-21 11:58:00,42.56,debit,ach,online_retail,posted
T00013785,A000646,2025-11-12 22:16:00,36.48,debit,p2p,grocery,posted
T00013786,A000646,2025-07-03 08:14:00,2363.06,credit,ach,,posted
T00013787,A000646,2025-07-30 10:30:00,1057.6,credit,ach,,posted
T00013788,A000646,2025-07-26 09:47:00,136.42,debit,ach,dining,posted
T00013789,A000647,2025-12-30 20:35:00,28.42,debit,ach,online_retail,posted
T00013790,A000647,2025-12-30 15:16:00,934.0,credit,ach,,posted
T00013791,A000647,2025-12-30 14:15:00,36.63,debit,ach,grocery,posted
T00013792,A000647,2025-12-29 00:44:00,1553.23,credit,ach,,posted
T00013793,A000647,2025-12-29 19:10:00,8.19,debit,card,fuel,posted
T00013794,A000647,2025-12-29 03:48:00,16.22,debit,p2p,fuel,posted
T00013795,A000647,2025-12-31 05:48:00,746.54,credit,ach,,posted
T00013796,A000647,2025-12-30 13:37:00,50.58,debit,card,fuel,posted
T00013797,A000647,2025-12-29 14:40:00,2559.19,credit,ach,,declined
T00013798,A000647,2025-12-30 00:35:00,58.32,debit,ach,online_retail,posted
T00013799,A000647,2025-12-31 20:44:00,78.28,debit,card,grocery,posted
T00013800,A000647,2025-12-30 05:59:00,24.56,debit,ach,dining,posted
T00013801,A000647,2025-12-31 15:28:00,5.23,debit,ach,online_retail,posted
T00013802,A000647,2025-12-29 12:20:00,2070.68,credit,ach,,reversed
T00013803,A000647,2025-12-30 12:03:00,2817.51,credit,ach,,declined
T00013804,A000647,2025-12-29 23:48:00,49.67,debit,card,dining,posted
T00013805,A000647,2025-12-29 15:54:00,28.1,debit,card,entertainment,posted
T00013806,A000647,2025-12-29 01:56:00,2969.72,credit,ach,,posted
T00013807,A000647,2025-12-29 01:28:00,1399.99,credit,ach,,posted
T00013808,A000647,2025-12-30 16:56:00,906.55,credit,ach,,posted
T00013809,A000647,2025-12-30 02:57:00,17.47,debit,card,grocery,posted
T00013810,A000647,2025-12-31 06:55:00,9.88,debit,card,online_retail,declined
T00013811,A000647,2025-12-30 03:05:00,30.99,debit,card,healthcare,posted
T00013812,A000647,2025-12-29 08:19:00,74.01,debit,card,entertainment,posted
T00013813,A000647,2025-12-29 02:06:00,12.16,debit,atm,dining,posted
T00013814,A000647,2025-12-30 14:35:00,711.43,credit,ach,,posted
T00013815,A000648,2025-12-02 00:58:00,19.15,debit,p2p,healthcare,posted
T00013816,A000648,2025-07-26 19:16:00,1101.34,credit,ach,,posted
T00013817,A000648,2025-08-27 09:25:00,57.12,debit,ach,entertainment,declined
T00013818,A000648,2025-09-11 09:48:00,135.31,debit,card,travel,posted
T00013819,A000648,2025-10-05 05:55:00,36.91,debit,ach,dining,posted
T00013820,A000648,2025-11-10 03:37:00,11.55,debit,card,healthcare,posted
T00013821,A000648,2025-10-15 10:00:00,18.61,debit,atm,dining,posted
T00013822,A000648,2025-10-04 02:29:00,952.91,credit,ach,,posted
T00013823,A000648,2025-12-14 21:32:00,3463.55,credit,ach,,posted
T00013824,A000648,2025-08-02 23:19:00,614.3,credit,ach,,posted
T00013825,A000648,2025-08-14 01:04:00,14.41,debit,card,utilities,posted
T00013826,A000648,2025-12-17 01:04:00,1224.52,credit,ach,,posted
T00013827,A000648,2025-10-10 23:42:00,811.6,credit,ach,,posted
T00013828,A000648,2025-11-20 08:07:00,34.74,debit,card,healthcare,posted
T00013829,A000649,2025-12-31 00:37:00,11.68,debit,card,grocery,declined
T00013830,A000649,2025-12-27 04:55:00,21.9,debit,card,travel,posted
T00013831,A000649,2025-12-29 00:18:00,7.82,debit,atm,online_retail,posted
T00013832,A000649,2025-12-29 00:43:00,3069.21,credit,ach,,posted
T00013833,A000649,2025-12-25 23:25:00,52.93,debit,card,healthcare,posted
T00013834,A000649,2025-12-22 09:23:00,47.48,debit,card,online_retail,posted
T00013835,A000649,2025-12-27 23:05:00,44.33,debit,atm,online_retail,posted
T00013836,A000649,2025-12-18 12:10:00,21.88,debit,card,dining,posted
T00013837,A000650,2025-09-18 02:37:00,44.68,debit,card,entertainment,posted
T00013838,A000650,2025-08-12 05:32:00,2553.82,credit,ach,,posted
T00013839,A000650,2025-08-06 09:23:00,19.15,debit,card,grocery,posted
T00013840,A000650,2025-08-21 17:53:00,60.14,debit,card,utilities,posted
T00013841,A000650,2025-12-11 10:38:00,9.6,debit,p2p,healthcare,posted
T00013842,A000650,2025-12-02 19:56:00,111.38,debit,ach,travel,posted
T00013843,A000650,2025-08-01 12:24:00,10.92,debit,p2p,grocery,posted
T00013844,A000650,2025-09-01 15:53:00,33.33,debit,card,online_retail,posted
T00013845,A000650,2025-12-26 17:00:00,17.32,debit,atm,healthcare,declined
T00013846,A000650,2025-12-22 06:24:00,122.86,debit,card,online_retail,posted
T00013847,A000650,2025-10-26 22:54:00,956.43,credit,ach,,posted
T00013848,A000650,2025-10-15 22:49:00,8.93,debit,card,utilities,posted
T00013849,A000650,2025-09-09 19:26:00,9.16,debit,atm,online_retail,declined
T00013850,A000650,2025-09-28 04:21:00,21.61,debit,atm,healthcare,posted
T00013851,A000650,2025-11-23 08:43:00,63.79,debit,p2p,fuel,posted
T00013852,A000650,2025-08-09 07:05:00,46.87,debit,p2p,grocery,posted
T00013853,A000650,2025-12-06 23:52:00,2712.01,credit,ach,,posted
T00013854,A000650,2025-10-15 01:03:00,79.55,debit,card,travel,posted
T00013855,A000650,2025-09-07 05:53:00,112.5,debit,atm,healthcare,posted
T00013856,A000650,2025-08-02 18:56:00,131.6,debit,p2p,online_retail,posted
T00013857,A000650,2025-12-23 05:41:00,25.81,debit,p2p,travel,posted
T00013858,A000650,2025-09-18 01:12:00,825.46,credit,ach,,posted
T00013859,A000650,2025-12-22 05:22:00,2568.58,credit,ach,,posted
T00013860,A000650,2025-11-01 08:43:00,2740.78,credit,ach,,posted
T00013861,A000650,2025-08-24 19:17:00,48.69,debit,card,grocery,posted
T00013862,A000650,2025-12-08 07:26:00,166.7,debit,card,healthcare,posted
T00013863,A000650,2025-12-15 06:47:00,328.68,debit,card,fuel,posted
T00013864,A000650,2025-12-06 16:29:00,7.31,debit,p2p,grocery,posted
T00013865,A000650,2025-11-11 02:15:00,141.48,debit,card,entertainment,posted
T00013866,A000650,2025-08-10 09:33:00,40.25,debit,ach,dining,posted
T00013867,A000650,2025-10-07 13:06:00,3.86,debit,ach,healthcare,posted
T00013868,A000650,2025-09-26 18:07:00,55.48,debit,card,utilities,posted
T00013869,A000650,2025-09-06 20:22:00,81.39,debit,ach,grocery,posted
T00013870,A000650,2025-08-28 16:34:00,16.29,debit,card,grocery,posted
T00013871,A000650,2025-10-09 22:41:00,23.8,debit,card,dining,posted
T00013872,A000650,2025-11-18 19:24:00,46.85,debit,card,online_retail,posted
T00013873,A000650,2025-12-28 09:19:00,16.46,debit,ach,fuel,posted
T00013874,A000650,2025-10-17 09:01:00,36.19,debit,ach,travel,declined
T00013875,A000650,2025-11-13 06:41:00,7.87,debit,ach,travel,posted
T00013876,A000651,2025-02-28 08:31:00,12.53,debit,atm,grocery,posted
T00013877,A000651,2025-03-24 00:08:00,546.52,credit,ach,,posted
T00013878,A000651,2024-08-23 04:33:00,29.26,debit,card,dining,posted
T00013879,A000651,2025-01-06 21:54:00,96.46,debit,card,grocery,posted
T00013880,A000651,2024-11-18 14:40:00,24.72,debit,card,utilities,posted
T00013881,A000651,2025-06-08 22:17:00,3448.73,credit,ach,,posted
T00013882,A000651,2025-04-04 07:46:00,40.27,debit,card,dining,reversed
T00013883,A000651,2025-10-18 20:05:00,17.16,debit,card,grocery,posted
T00013884,A000651,2024-07-26 12:49:00,43.41,debit,atm,healthcare,posted
T00013885,A000651,2025-10-09 06:18:00,76.94,debit,card,grocery,posted
T00013886,A000651,2025-10-13 15:37:00,65.86,debit,ach,entertainment,posted
T00013887,A000651,2024-11-17 15:27:00,57.86,debit,ach,healthcare,posted
T00013888,A000651,2025-10-09 21:39:00,57.5,debit,card,travel,posted
T00013889,A000651,2025-10-23 07:27:00,1299.88,credit,ach,,posted
T00013890,A000651,2024-10-04 17:36:00,2624.6,credit,ach,,posted
T00013891,A000651,2025-05-14 17:41:00,20.95,debit,ach,dining,posted
T00013892,A000651,2025-05-17 01:00:00,2049.08,credit,ach,,posted
T00013893,A000652,2025-12-20 21:56:00,32.81,debit,card,online_retail,posted
T00013894,A000652,2025-11-23 08:59:00,34.7,debit,card,utilities,posted
T00013895,A000652,2025-12-16 18:20:00,25.58,debit,card,grocery,posted
T00013896,A000652,2025-10-08 10:59:00,2427.42,credit,ach,,posted
T00013897,A000652,2025-09-25 07:06:00,3406.66,credit,ach,,posted
T00013898,A000652,2025-11-29 05:25:00,15.96,debit,card,online_retail,posted
T00013899,A000652,2025-10-26 21:40:00,1681.84,credit,ach,,posted
T00013900,A000652,2025-12-15 12:37:00,12.72,debit,card,fuel,posted
T00013901,A000652,2025-11-10 22:48:00,1748.74,credit,ach,,posted
T00013902,A000652,2025-11-10 13:44:00,2266.18,credit,ach,,posted
T00013903,A000652,2025-09-21 13:41:00,3193.18,credit,ach,,posted
T00013904,A000653,2025-10-23 13:32:00,112.88,debit,p2p,travel,posted
T00013905,A000653,2025-10-22 11:23:00,91.98,debit,p2p,healthcare,posted
T00013906,A000653,2025-12-23 21:29:00,65.56,debit,atm,healthcare,posted
T00013907,A000653,2025-12-09 21:04:00,93.25,debit,atm,grocery,posted
T00013908,A000653,2025-07-31 04:20:00,1390.72,credit,ach,,posted
T00013909,A000653,2025-12-13 21:46:00,45.14,debit,p2p,healthcare,posted
T00013910,A000653,2025-08-06 23:40:00,39.42,debit,card,travel,posted
T00013911,A000653,2025-11-14 05:08:00,133.21,debit,card,entertainment,posted
T00013912,A000653,2025-11-30 00:07:00,34.65,debit,ach,dining,posted
T00013913,A000653,2025-08-05 14:09:00,32.64,debit,atm,grocery,posted
T00013914,A000653,2025-09-18 18:46:00,44.48,debit,ach,grocery,posted
T00013915,A000653,2025-08-16 16:06:00,534.02,credit,ach,,posted
T00013916,A000653,2025-08-20 17:17:00,51.59,debit,atm,travel,posted
T00013917,A000653,2025-12-21 02:10:00,36.07,debit,card,entertainment,posted
T00013918,A000653,2025-08-24 08:23:00,2604.55,credit,ach,,posted
T00013919,A000653,2025-10-18 21:03:00,9.49,debit,ach,dining,posted
T00013920,A000653,2025-12-14 21:33:00,2812.76,credit,ach,,posted
T00013921,A000653,2025-08-03 05:24:00,30.55,debit,atm,healthcare,posted
T00013922,A000653,2025-09-14 15:16:00,102.0,debit,atm,travel,posted
T00013923,A000653,2025-08-30 12:31:00,896.31,credit,ach,,posted
T00013924,A000653,2025-12-02 18:59:00,520.61,credit,ach,,posted
T00013925,A000653,2025-11-07 10:18:00,37.54,debit,card,dining,posted
T00013926,A000653,2025-12-19 20:41:00,26.06,debit,card,travel,posted
T00013927,A000653,2025-10-26 21:41:00,5.25,debit,card,entertainment,posted
T00013928,A000653,2025-07-30 00:42:00,75.6,debit,p2p,travel,posted
T00013929,A000653,2025-09-24 22:03:00,13.88,debit,card,healthcare,posted
T00013930,A000653,2025-10-10 07:12:00,32.48,debit,card,online_retail,posted
T00013931,A000654,2024-09-16 17:58:00,34.54,debit,card,utilities,posted
T00013932,A000654,2025-09-01 02:08:00,100.42,debit,card,healthcare,posted
T00013933,A000654,2025-07-30 22:51:00,53.18,debit,card,entertainment,posted
T00013934,A000654,2025-05-20 14:46:00,40.83,debit,p2p,online_retail,posted
T00013935,A000654,2025-02-07 18:44:00,192.49,debit,p2p,online_retail,posted
T00013936,A000654,2025-04-04 19:27:00,48.18,debit,atm,healthcare,posted
T00013937,A000654,2024-08-28 02:00:00,82.7,debit,ach,entertainment,posted
T00013938,A000654,2025-09-13 03:41:00,17.76,debit,card,travel,posted
T00013939,A000654,2025-05-03 17:18:00,127.44,debit,atm,dining,posted
T00013940,A000654,2024-11-21 14:48:00,80.4,debit,ach,travel,posted
T00013941,A000654,2025-11-17 08:23:00,11.28,debit,ach,healthcare,posted
T00013942,A000654,2025-01-11 04:09:00,2.85,debit,ach,healthcare,posted
T00013943,A000654,2024-08-23 17:04:00,50.6,debit,card,online_retail,posted
T00013944,A000654,2025-09-03 11:19:00,3948.78,credit,ach,,posted
T00013945,A000654,2024-11-06 11:01:00,2778.96,credit,ach,,posted
T00013946,A000654,2025-06-22 17:30:00,9.21,debit,card,fuel,posted
T00013947,A000654,2025-01-13 03:15:00,32.65,debit,p2p,online_retail,posted
T00013948,A000654,2025-07-07 00:56:00,11.32,debit,card,online_retail,posted
T00013949,A000654,2025-01-14 21:36:00,12.84,debit,atm,grocery,posted
T00013950,A000654,2025-10-19 18:56:00,83.19,debit,card,fuel,posted
T00013951,A000654,2025-12-09 03:18:00,40.08,debit,ach,utilities,posted
T00013952,A000654,2025-07-21 19:30:00,28.44,debit,ach,healthcare,posted
T00013953,A000654,2025-05-08 19:56:00,25.04,debit,card,dining,posted
T00013954,A000655,2025-12-27 18:33:00,59.92,debit,card,entertainment,posted
T00013955,A000655,2025-05-08 05:51:00,608.53,credit,ach,,posted
T00013956,A000655,2025-10-30 05:13:00,10.32,debit,card,utilities,posted
T00013957,A000655,2025-04-24 23:10:00,3642.0,credit,ach,,posted
T00013958,A000655,2025-08-13 11:11:00,36.47,debit,card,grocery,posted
T00013959,A000655,2025-03-14 10:47:00,9.96,debit,p2p,dining,posted
T00013960,A000656,2025-08-19 15:36:00,30.45,debit,p2p,dining,posted
T00013961,A000656,2025-09-02 07:50:00,9.48,debit,ach,healthcare,posted
T00013962,A000656,2025-08-23 17:31:00,26.25,debit,card,healthcare,posted
T00013963,A000656,2025-05-15 00:08:00,2430.9,credit,ach,,posted
T00013964,A000656,2024-12-21 19:03:00,8.89,debit,atm,fuel,posted
T00013965,A000656,2025-05-10 19:15:00,377.41,debit,p2p,travel,posted
T00013966,A000656,2025-03-18 00:10:00,15.11,debit,card,dining,posted
T00013967,A000656,2025-08-22 15:37:00,26.66,debit,card,travel,posted
T00013968,A000656,2025-03-05 10:54:00,55.6,debit,ach,entertainment,posted
T00013969,A000656,2025-11-08 02:13:00,40.9,debit,card,fuel,posted
T00013970,A000656,2025-10-05 05:26:00,963.25,credit,ach,,posted
T00013971,A000656,2025-08-06 14:26:00,61.5,debit,card,dining,posted
T00013972,A000656,2025-05-01 08:28:00,16.33,debit,card,fuel,posted
T00013973,A000656,2025-08-23 07:42:00,122.96,debit,atm,entertainment,posted
T00013974,A000656,2024-11-30 23:17:00,7.9,debit,p2p,online_retail,posted
T00013975,A000656,2024-12-08 13:00:00,59.03,debit,card,travel,posted
T00013976,A000656,2025-04-05 11:57:00,61.55,debit,ach,grocery,posted
T00013977,A000657,2025-02-12 17:28:00,22.07,debit,card,travel,posted
T00013978,A000657,2025-08-13 09:04:00,13.41,debit,ach,grocery,posted
T00013979,A000657,2025-05-09 16:25:00,61.47,debit,card,dining,posted
T00013980,A000657,2025-09-27 02:40:00,121.23,debit,card,entertainment,posted
T00013981,A000657,2025-05-24 11:18:00,42.13,debit,card,healthcare,posted
T00013982,A000657,2025-11-12 04:52:00,58.98,debit,card,entertainment,posted
T00013983,A000657,2025-04-22 02:58:00,33.68,debit,ach,utilities,posted
T00013984,A000657,2025-11-15 15:54:00,8.19,debit,ach,entertainment,posted
T00013985,A000657,2025-06-28 15:54:00,3191.09,credit,ach,,posted
T00013986,A000657,2025-05-23 01:49:00,5.38,debit,card,grocery,posted
T00013987,A000657,2025-05-10 04:47:00,10.99,debit,ach,online_retail,posted
T00013988,A000657,2025-03-02 02:41:00,2968.04,credit,ach,,declined
T00013989,A000657,2025-10-28 05:49:00,1843.31,credit,ach,,posted
T00013990,A000657,2025-11-26 16:15:00,2499.6,credit,ach,,posted
T00013991,A000657,2025-06-28 05:23:00,711.14,credit,ach,,posted
T00013992,A000657,2025-01-29 14:54:00,1788.08,credit,ach,,posted
T00013993,A000657,2025-12-21 09:01:00,35.96,debit,card,dining,posted
T00013994,A000657,2024-10-31 17:02:00,124.56,debit,p2p,dining,posted
T00013995,A000657,2025-12-05 00:48:00,11.24,debit,card,travel,posted
T00013996,A000657,2025-01-24 08:03:00,49.28,debit,card,dining,posted
T00013997,A000657,2025-05-30 20:17:00,66.79,debit,card,utilities,posted
T00013998,A000657,2025-02-17 23:50:00,55.14,debit,card,travel,posted
T00013999,A000657,2025-02-20 05:47:00,12.4,debit,p2p,dining,posted
T00014000,A000657,2025-12-30 04:08:00,3702.87,credit,ach,,posted
T00014001,A000657,2025-11-08 06:27:00,20.25,debit,card,healthcare,posted
T00014002,A000657,2025-07-24 05:11:00,3210.89,credit,ach,,posted
T00014003,A000657,2024-12-25 20:02:00,33.49,debit,card,dining,posted
T00014004,A000657,2025-02-22 09:14:00,35.66,debit,card,utilities,posted
T00014005,A000657,2025-03-21 16:17:00,105.49,debit,card,dining,posted
T00014006,A000657,2025-08-06 03:06:00,88.29,debit,atm,travel,posted
T00014007,A000657,2025-06-17 12:17:00,74.64,debit,atm,healthcare,posted
T00014008,A000657,2025-01-16 17:22:00,2721.09,credit,ach,,posted
T00014009,A000658,2025-10-04 17:31:00,15.28,debit,card,grocery,posted
T00014010,A000658,2025-10-25 14:04:00,145.65,debit,card,dining,posted
T00014011,A000658,2025-11-07 06:13:00,19.87,debit,atm,dining,posted
T00014012,A000658,2025-09-29 17:05:00,85.74,debit,card,fuel,declined
T00014013,A000658,2025-11-11 19:30:00,133.24,debit,card,dining,posted
T00014014,A000658,2025-12-06 07:51:00,6.49,debit,card,healthcare,posted
T00014015,A000658,2025-11-05 21:41:00,1561.31,credit,ach,,posted
T00014016,A000658,2025-09-25 17:49:00,34.0,debit,ach,dining,posted
T00014017,A000658,2025-11-18 17:51:00,54.62,debit,card,healthcare,posted
T00014018,A000658,2025-12-30 09:45:00,13.81,debit,atm,online_retail,posted
T00014019,A000658,2025-11-10 12:07:00,188.87,debit,ach,utilities,declined
T00014020,A000658,2025-12-31 12:55:00,4.62,debit,ach,grocery,posted
T00014021,A000658,2025-11-11 04:26:00,26.7,debit,card,grocery,posted
T00014022,A000658,2025-12-23 13:19:00,25.43,debit,p2p,entertainment,posted
T00014023,A000659,2025-09-10 05:17:00,23.8,debit,p2p,healthcare,posted
T00014024,A000659,2025-11-25 20:28:00,32.16,debit,card,healthcare,posted
T00014025,A000659,2025-11-28 21:45:00,76.39,debit,card,online_retail,posted
T00014026,A000659,2025-12-04 23:20:00,1258.4,credit,ach,,declined
T00014027,A000659,2025-07-22 05:39:00,205.65,debit,p2p,dining,posted
T00014028,A000659,2025-11-14 10:08:00,9.13,debit,atm,grocery,posted
T00014029,A000659,2025-12-28 13:16:00,29.47,debit,card,healthcare,declined
T00014030,A000659,2025-09-29 03:46:00,10.54,debit,atm,fuel,posted
T00014031,A000659,2025-07-12 08:39:00,159.05,debit,card,grocery,posted
T00014032,A000659,2025-09-06 15:24:00,144.93,debit,atm,grocery,declined
T00014033,A000659,2025-09-20 18:03:00,52.26,debit,card,fuel,posted
T00014034,A000659,2025-07-04 11:03:00,167.93,debit,card,entertainment,posted
T00014035,A000659,2025-12-14 10:26:00,13.47,debit,card,utilities,posted
T00014036,A000659,2025-07-17 12:15:00,1412.78,credit,ach,,posted
T00014037,A000660,2025-09-28 20:53:00,4.87,debit,card,entertainment,posted
T00014038,A000660,2025-10-18 22:01:00,1266.66,credit,ach,,declined
T00014039,A000660,2025-10-25 14:28:00,84.23,debit,card,online_retail,posted
T00014040,A000660,2025-11-11 21:45:00,755.1,credit,ach,,posted
T00014041,A000660,2025-12-08 00:30:00,3.94,debit,card,utilities,posted
T00014042,A000660,2025-11-13 18:26:00,13.27,debit,p2p,healthcare,posted
T00014043,A000660,2025-11-25 09:28:00,60.47,debit,card,travel,posted
T00014044,A000660,2025-09-05 15:21:00,9.18,debit,atm,dining,posted
T00014045,A000660,2025-11-02 16:54:00,13.35,debit,card,travel,posted
T00014046,A000660,2025-09-20 18:11:00,5.76,debit,p2p,dining,posted
T00014047,A000660,2025-12-22 14:22:00,3815.09,credit,ach,,posted
T00014048,A000660,2025-11-17 12:05:00,33.37,debit,card,grocery,posted
T00014049,A000660,2025-12-12 17:28:00,3567.58,credit,ach,,posted
T00014050,A000660,2025-11-05 06:26:00,1617.38,credit,ach,,posted
T00014051,A000660,2025-10-18 19:18:00,13.08,debit,p2p,utilities,posted
T00014052,A000660,2025-09-07 07:24:00,49.19,debit,p2p,fuel,posted
T00014053,A000660,2025-09-28 17:22:00,160.24,debit,p2p,grocery,posted
T00014054,A000660,2025-11-01 10:50:00,12.25,debit,ach,entertainment,posted
T00014055,A000660,2025-12-23 10:34:00,46.96,debit,ach,healthcare,posted
T00014056,A000660,2025-12-12 17:17:00,51.11,debit,atm,fuel,posted
T00014057,A000660,2025-10-16 08:15:00,24.54,debit,card,entertainment,posted
T00014058,A000660,2025-12-08 21:28:00,4.12,debit,atm,travel,posted
T00014059,A000660,2025-11-30 05:04:00,6.62,debit,card,travel,posted
T00014060,A000661,2025-12-13 14:50:00,3431.37,credit,ach,,posted
T00014061,A000661,2025-12-25 16:01:00,21.23,debit,atm,grocery,posted
T00014062,A000661,2025-12-19 18:12:00,19.66,debit,card,fuel,declined
T00014063,A000661,2025-12-08 21:59:00,3545.38,credit,ach,,posted
T00014064,A000661,2025-12-28 04:28:00,71.6,debit,p2p,grocery,posted
T00014065,A000661,2025-12-26 16:20:00,7.65,debit,ach,utilities,declined
T00014066,A000661,2025-12-23 02:22:00,3300.03,credit,ach,,posted
T00014067,A000661,2025-12-12 05:16:00,2988.97,credit,ach,,posted
T00014068,A000661,2025-12-19 17:07:00,3727.37,credit,ach,,reversed
T00014069,A000661,2025-12-19 16:22:00,11.65,debit,ach,dining,posted
T00014070,A000661,2025-12-16 14:35:00,89.54,debit,atm,healthcare,posted
T00014071,A000661,2025-12-24 06:51:00,16.39,debit,ach,online_retail,declined
T00014072,A000661,2025-12-09 15:26:00,60.93,debit,card,grocery,posted
T00014073,A000661,2025-12-23 00:49:00,66.31,debit,atm,online_retail,posted
T00014074,A000661,2025-12-17 22:45:00,20.96,debit,p2p,dining,posted
T00014075,A000661,2025-12-24 18:49:00,47.86,debit,atm,online_retail,posted
T00014076,A000661,2025-12-14 03:36:00,41.15,debit,card,grocery,declined
T00014077,A000661,2025-12-27 08:21:00,20.91,debit,card,healthcare,posted
T00014078,A000661,2025-12-14 03:23:00,99.6,debit,card,grocery,posted
T00014079,A000661,2025-12-28 21:35:00,43.64,debit,ach,online_retail,posted
T00014080,A000661,2025-12-11 22:39:00,16.51,debit,atm,fuel,posted
T00014081,A000661,2025-12-26 08:08:00,26.78,debit,card,travel,posted
T00014082,A000661,2025-12-09 03:13:00,35.49,debit,atm,online_retail,posted
T00014083,A000661,2025-12-14 22:43:00,51.66,debit,ach,entertainment,posted
T00000011,A000001,2025-12-26 21:01:00,17.68,debit,card,utilities,posted
